{
    "status": {
        "a_0": {
            "yes": 641,
            "no": 0,
            "undecided": 0,
            "unknown": 0,
            "pyes": 0.9781633472006477,
            "pno": 0.0,
            "pundecided": 0.0,
            "punknown": 0.0,
            "time": 29.647102117538452,
            "delp_calls": 1164,
            "percY": 15223.75,
            "percN": 0.0,
            "percU": 0.0,
            "percUNK": 0.0,
            "l": 0.9781633472006477,
            "u": 1.0,
            "flag": "INTEREST"
        },
        "~a_8": {
            "yes": 13,
            "no": 653,
            "undecided": 0,
            "unknown": 0,
            "pyes": 0.0,
            "pno": 0.9794979235347057,
            "pundecided": 0.0,
            "punknown": 0.0,
            "time": 29.945396661758423,
            "delp_calls": 1211,
            "percY": 308.75,
            "percN": 15508.75,
            "percU": 0.0,
            "percUNK": 0.0,
            "l": 0.0,
            "u": 0.02050207646529434,
            "flag": "INTEREST"
        }
    },
    "data": {
        "n_samples": 2375,
        "time": 120.03978657722473,
        "repeated_programs": 0,
        "inconsistent_programs": 1068,
        "worlds_consulted": 254,
        "delp_calls": 2375
    }
}