{
    "status": {
        "~d_45": {
            "yes": 1269,
            "no": 0,
            "undecided": 0,
            "unknown": 0,
            "pyes": 0.05366934647104194,
            "pno": 0.0,
            "pundecided": 0.0,
            "punknown": 0.0,
            "time": 59.62983727455139,
            "delp_calls": 1210,
            "percY": 54224.37,
            "percN": 0.0,
            "percU": 0.0,
            "percUNK": 0.0,
            "l": 0.05366934647104194,
            "u": 1.0
        },
        "a_18": {
            "yes": 849,
            "no": 0,
            "undecided": 272,
            "unknown": 0,
            "pyes": 0.6896311765398397,
            "pno": 0.0,
            "pundecided": 0.008681125769098864,
            "punknown": 0.0,
            "time": 60.758825063705444,
            "delp_calls": 1061,
            "percY": 36277.77,
            "percN": 0.0,
            "percU": 11622.56,
            "percUNK": 0.0,
            "l": 0.6896311765398397,
            "u": 1.0,
            "flag": "INTEREST"
        },
        "~a_17": {
            "yes": 0,
            "no": 233,
            "undecided": 970,
            "unknown": 0,
            "pyes": 0.0,
            "pno": 0.10841331399156501,
            "pundecided": 0.07188181787500578,
            "punknown": 0.0,
            "time": 60.18353605270386,
            "delp_calls": 1144,
            "percY": 0.0,
            "percN": 9956.09,
            "percU": 41448.1,
            "percUNK": 0.0,
            "l": 0.0,
            "u": 0.8915866860084349
        }
    },
    "data": {
        "n_samples": 4273,
        "time": 180.07813835144043,
        "repeated_worlds": 680,
        "repeated_progs": 858,
        "unique_progs": 3415,
        "delp_calls": 3415
    }
}