{
    "status": {
        "a_7": {
            "yes": 1006,
            "no": 158,
            "undecided": 1136,
            "unknown": 16,
            "pyes": 0.08593754601307929,
            "pno": 0.00226245398692068,
            "pundecided": 0.018799999999999994,
            "punknown": 0.0,
            "time": 139.358726978302,
            "delp_calls": 4472,
            "percY": 44988.32,
            "percN": 7065.76,
            "percU": 50801.92,
            "percUNK": 715.52,
            "l": 0.08593754601307929,
            "u": 0.9977375460130793
        }
    },
    "data": {
        "n_samples": 4472,
        "time": 300.0089476108551,
        "repeated_programs": 0,
        "inconsistent_programs": 2156,
        "worlds_consulted": 128,
        "delp_calls": 4472
    }
}