{
    "status": {
        "d_9": {
            "yes": 62,
            "no": 0,
            "undecided": 2,
            "unknown": 0,
            "pyes": 0.021322228481253522,
            "pno": 0.0,
            "pundecided": 0.0,
            "punknown": 0.0,
            "time": 2.9723262786865234,
            "delp_calls": 89,
            "percY": 186.62,
            "percN": 0.0,
            "percU": 6.02,
            "percUNK": 0.0,
            "l": 0.021322228481253522,
            "u": 1.0
        },
        "a_7": {
            "yes": 29,
            "no": 13,
            "undecided": 0,
            "unknown": 0,
            "pyes": 0.06623406193391568,
            "pno": 0.0011315509555957276,
            "pundecided": 0.0,
            "punknown": 0.0,
            "time": 2.091933250427246,
            "delp_calls": 63,
            "percY": 87.29,
            "percN": 39.13,
            "percU": 0.0,
            "percUNK": 0.0,
            "l": 0.06623406193391568,
            "u": 0.9988684490444043
        },
        "~a_7": {
            "yes": 36,
            "no": 66,
            "undecided": 0,
            "unknown": 0,
            "pyes": 0.004935053673679709,
            "pno": 0.031610946056193495,
            "pundecided": 0.0,
            "punknown": 0.0,
            "time": 5.220537900924683,
            "delp_calls": 149,
            "percY": 108.36,
            "percN": 198.66,
            "percU": 0.0,
            "percUNK": 0.0,
            "l": 0.004935053673679709,
            "u": 0.9683890539438065
        }
    },
    "data": {
        "n_samples": 301,
        "time": 192.10850071907043,
        "repeated_programs": 0,
        "inconsistent_programs": 93,
        "worlds_consulted": 46632,
        "delp_calls": 301
    }
}