{
    "status": {
        "d_9": {
            "yes": 12010,
            "no": 0,
            "undecided": 0,
            "unknown": 0,
            "pyes": 0.0005637751716343715,
            "pno": 0.0,
            "pundecided": 0.0,
            "punknown": 0.0,
            "time": 528.7544362545013,
            "delp_calls": 1167,
            "percY": 3873585.3,
            "percN": 0.0,
            "percU": 0.0,
            "percUNK": 0.0,
            "l": 0.0005637751716343715,
            "u": 1.0
        },
        "a_7": {
            "yes": 9214,
            "no": 983,
            "undecided": 0,
            "unknown": 0,
            "pyes": 0.00042748774951770695,
            "pno": 0.00010833199094343807,
            "pundecided": 0.0,
            "punknown": 0.0,
            "time": 463.67054867744446,
            "delp_calls": 1126,
            "percY": 2971791.42,
            "percN": 317046.99,
            "percU": 0.0,
            "percUNK": 0.0,
            "l": 0.00042748774951770695,
            "u": 0.9998916680090566
        },
        "~a_7": {
            "yes": 909,
            "no": 9124,
            "undecided": 0,
            "unknown": 0,
            "pyes": 3.735913596288681e-05,
            "pno": 0.0006711912494958063,
            "pundecided": 0.0,
            "punknown": 0.0,
            "time": 457.0339090824127,
            "delp_calls": 1127,
            "percY": 293179.77,
            "percN": 2942763.72,
            "percU": 0.0,
            "percUNK": 0.0,
            "l": 3.735913596288681e-05,
            "u": 0.9993288087505042
        }
    },
    "data": {
        "n_samples": 32253,
        "time": 180.05992197990417,
        "repeated_worlds": 13,
        "repeated_progs": 28833,
        "unique_progs": 3420,
        "delp_calls": 3420
    }
}