{
    "status": {
        "d_10": {
            "yes": 196608,
            "no": 0,
            "undecided": 65536,
            "unknown": 0,
            "pyes": 0.9808039999999858,
            "pno": 0.0,
            "pundecided": 0.019195999999999856,
            "punknown": 0.0,
            "time": 11215.574684143066,
            "delp_calls": 504,
            "percY": 75250754519.04,
            "percN": 0.0,
            "percU": 25083584839.68,
            "percUNK": 0.0,
            "l": 0.9808039999999858,
            "u": 1.0,
            "flag": "INTEREST"
        },
        "~a_7": {
            "yes": 208896,
            "no": 53248,
            "undecided": 0,
            "unknown": 0,
            "pyes": 0.9056812410477106,
            "pno": 0.09431875895227564,
            "pundecided": 0.0,
            "punknown": 0.0,
            "time": 11983.6879196167,
            "delp_calls": 504,
            "percY": 79953926676.48,
            "percN": 20380412682.24,
            "percU": 0.0,
            "percUNK": 0.0,
            "l": 0.9056812410477106,
            "u": 0.9056812410477244,
            "flag": "INTEREST"
        },
        "a_7": {
            "yes": 53248,
            "no": 208896,
            "undecided": 0,
            "unknown": 0,
            "pyes": 0.09431875895227684,
            "pno": 0.9056812410477113,
            "pundecided": 0.0,
            "punknown": 0.0,
            "time": 13304.874404907227,
            "delp_calls": 504,
            "percY": 20380412682.24,
            "percN": 79953926676.48,
            "percU": 0.0,
            "percUNK": 0.0,
            "l": 0.09431875895227684,
            "u": 0.0943187589522887,
            "flag": "INTEREST"
        }
    },
    "data": {
        "n_samples": 38274513,
        "time": 900.000018119812,
        "repeated_worlds": 37488081,
        "repeated_progs": 38273001,
        "unique_progs": 1512,
        "delp_calls": 1512
    }
}