{
    "status": {
        "a_4": {
            "yes": 4215,
            "no": 0,
            "undecided": 4444,
            "unknown": 0,
            "pyes": 0.00019741832807287912,
            "pno": 0.0,
            "pundecided": 0.0001019632387208585,
            "punknown": 0.0,
            "time": 370.24224948883057,
            "delp_calls": 6698,
            "percY": 720891.45,
            "percN": 0.0,
            "percU": 760057.32,
            "percUNK": 0.0,
            "l": 0.00019741832807287912,
            "u": 1.0
        },
        "~a_6": {
            "yes": 4274,
            "no": 0,
            "undecided": 4166,
            "unknown": 0,
            "pyes": 0.00022583532666376523,
            "pno": 0.0,
            "pundecided": 0.0001714851764311352,
            "punknown": 0.0,
            "time": 366.28538751602173,
            "delp_calls": 6594,
            "percY": 730982.22,
            "percN": 0.0,
            "percU": 712510.98,
            "percUNK": 0.0,
            "l": 0.00022583532666376523,
            "u": 1.0
        }
    },
    "data": {
        "n_samples": 17103,
        "time": 600.0603339672089,
        "repeated_worlds": 4,
        "repeated_progs": 3811,
        "unique_progs": 13292,
        "delp_calls": 13292
    }
}