{
    "status": {
        "a_0": {
            "yes": 101131,
            "no": 0,
            "undecided": 0,
            "unknown": 0,
            "pyes": 0.004777172589284863,
            "pno": 0.0,
            "pundecided": 0.0,
            "punknown": 0.0,
            "time": 4392.027460813522,
            "delp_calls": 240,
            "percY": 102569082.82,
            "percN": 0.0,
            "percU": 0.0,
            "percUNK": 0.0,
            "l": 0.004777172589284863,
            "u": 1.0
        }
    },
    "data": {
        "n_samples": 101422,
        "time": 60.00048017501831,
        "repeated_worlds": 291,
        "repeated_progs": 101182,
        "unique_progs": 240,
        "delp_calls": 240
    }
}