{
    "status": {
        "d_11": {
            "yes": 297743,
            "no": 0,
            "undecided": 298407,
            "unknown": 0,
            "pyes": 0.023139636777339687,
            "pno": 0.0,
            "pundecided": 0.010060269728577851,
            "punknown": 0.0,
            "time": 24096.384220838547,
            "delp_calls": 1024,
            "percY": 5226107210.63,
            "percN": 0.0,
            "percU": 5237762010.87,
            "percUNK": 0.0,
            "l": 0.023139636777339687,
            "u": 1.0
        },
        "a_5": {
            "yes": 213549,
            "no": 0,
            "undecided": 354736,
            "unknown": 0,
            "pyes": 0.018421541321369434,
            "pno": 0.0,
            "pundecided": 0.014394040551129745,
            "punknown": 0.0,
            "time": 29627.409689188004,
            "delp_calls": 1024,
            "percY": 3748299603.09,
            "percN": 0.0,
            "percU": 6226471713.76,
            "percUNK": 0.0,
            "l": 0.018421541321369434,
            "u": 1.0
        },
        "~a_7": {
            "yes": 122823,
            "no": 122570,
            "undecided": 315171,
            "unknown": 0,
            "pyes": 0.007129750881062491,
            "pno": 0.01028980381284445,
            "pundecided": 0.013267990557301573,
            "punknown": 0.0,
            "time": 34989.14310860634,
            "delp_calls": 1024,
            "percY": 2155839653.43,
            "percN": 2151398893.7,
            "percU": 5532010612.11,
            "percUNK": 0.0,
            "l": 0.007129750881062491,
            "u": 0.9897101961871555
        }
    },
    "data": {
        "n_samples": 1755241,
        "time": 900.0011124610901,
        "repeated_worlds": 30242,
        "repeated_progs": 1752169,
        "unique_progs": 3072,
        "delp_calls": 3072
    }
}