{
    "status": {
        "d_11": {
            "yes": 1509,
            "no": 0,
            "undecided": 1589,
            "unknown": 4,
            "pyes": 0.035186812800000015,
            "pno": 0.0,
            "pundecided": 0.014813187200000003,
            "punknown": 0.0,
            "time": 149.56922888755798,
            "delp_calls": 5571,
            "percY": 253662.9,
            "percN": 0.0,
            "percU": 267110.9,
            "percUNK": 672.4,
            "l": 0.035186812800000015,
            "u": 1.0
        },
        "a_5": {
            "yes": 1230,
            "no": 0,
            "undecided": 1886,
            "unknown": 0,
            "pyes": 0.028590358906830707,
            "pno": 0.0,
            "pundecided": 0.021353616462870015,
            "punknown": 0.0,
            "time": 147.96742820739746,
            "delp_calls": 5650,
            "percY": 206763.0,
            "percN": 0.0,
            "percU": 317036.6,
            "percUNK": 0.0,
            "l": 0.028590358906830707,
            "u": 1.0
        },
        "~a_7": {
            "yes": 697,
            "no": 668,
            "undecided": 1651,
            "unknown": 0,
            "pyes": 0.010239570787482062,
            "pno": 0.021251950611627175,
            "pundecided": 0.01847032415799926,
            "punknown": 0.0,
            "time": 144.41704154014587,
            "delp_calls": 5589,
            "percY": 117165.7,
            "percN": 112290.8,
            "percU": 277533.1,
            "percUNK": 0.0,
            "l": 0.010239570787482062,
            "u": 0.9787480493883728
        }
    },
    "data": {
        "n_samples": 16810,
        "time": 900.0505337715149,
        "repeated_programs": 0,
        "inconsistent_programs": 7576,
        "worlds_consulted": 1533,
        "delp_calls": 16810
    }
}