{
    "status": {
        "a_0": {
            "yes": 1525,
            "no": 0,
            "undecided": 0,
            "unknown": 1113,
            "pyes": 0.04583100625909574,
            "pno": 0.0,
            "pundecided": 0.0,
            "punknown": 0.007097991142002836,
            "time": 112.73255014419556,
            "delp_calls": 2638,
            "percY": 40229.5,
            "percN": 0.0,
            "percU": 0.0,
            "percUNK": 29360.94,
            "l": 0.04583100625909574,
            "u": 1.0
        }
    },
    "data": {
        "n_samples": 2638,
        "time": 300.0349450111389,
        "repeated_programs": 0,
        "inconsistent_programs": 0,
        "worlds_consulted": 23840,
        "delp_calls": 2638
    }
}