{
    "status": {
        "a_0": {
            "yes": 6021,
            "no": 0,
            "undecided": 0,
            "unknown": 3622,
            "pyes": 0.013909906764798962,
            "pno": 0.0,
            "pundecided": 0.0,
            "punknown": 0.0015463466190953556,
            "time": 414.03797698020935,
            "delp_calls": 6615,
            "percY": 591864.3,
            "percN": 0.0,
            "percU": 0.0,
            "percUNK": 356042.6,
            "l": 0.013909906764798962,
            "u": 1.0
        }
    },
    "data": {
        "n_samples": 9830,
        "time": 300.0245838165283,
        "repeated_worlds": 187,
        "repeated_progs": 3215,
        "unique_progs": 6615,
        "delp_calls": 6615
    }
}