{
    "status": {
        "a_10": {
            "yes": 1024,
            "no": 0,
            "undecided": 3072,
            "unknown": 0,
            "pyes": 0.9300480000000008,
            "pno": 0.0,
            "pundecided": 0.06995200000000014,
            "punknown": 0.0,
            "time": 163.66934299468994,
            "delp_calls": 1024,
            "percY": 376322641.92,
            "percN": 0.0,
            "percU": 1128967925.76,
            "percUNK": 0.0,
            "l": 0.9300480000000008,
            "u": 1.0,
            "flag": "INTEREST"
        },
        "~a_16": {
            "yes": 1920,
            "no": 128,
            "undecided": 2048,
            "unknown": 0,
            "pyes": 0.9353930616959998,
            "pno": 0.02460693830399999,
            "pundecided": 0.04,
            "punknown": 0.0,
            "time": 167.05106163024902,
            "delp_calls": 1024,
            "percY": 705604953.6,
            "percN": 47040330.24,
            "percU": 752645283.84,
            "percUNK": 0.0,
            "l": 0.9353930616959998,
            "u": 0.975393061696,
            "flag": "INTEREST"
        }
    },
    "data": {
        "n_samples": 36750258,
        "time": 600.0000216960907,
        "repeated_worlds": 36742066,
        "repeated_progs": 36748210,
        "unique_progs": 2048,
        "delp_calls": 2048
    }
}