{
    "status": {
        "d_12": {
            "yes": 629145,
            "no": 0,
            "undecided": 0,
            "unknown": 0,
            "pyes": 0.0339849912559689,
            "pno": 0.0,
            "pundecided": 0.0,
            "punknown": 0.0,
            "time": 26155.03997516632,
            "delp_calls": 272,
            "percY": 4032649580.85,
            "percN": 0.0,
            "percU": 0.0,
            "percUNK": 0.0,
            "l": 0.0339849912559689,
            "u": 1.0
        }
    },
    "data": {
        "n_samples": 640973,
        "time": 300.01124835014343,
        "repeated_worlds": 11828,
        "repeated_progs": 640701,
        "unique_progs": 272,
        "delp_calls": 272
    }
}