{
    "status": {
        "d_12": {
            "yes": 4265,
            "no": 0,
            "undecided": 0,
            "unknown": 0,
            "pyes": 0.9999999999999999,
            "pno": 0.0,
            "pundecided": 0.0,
            "punknown": 0.0,
            "time": 182.80440139770508,
            "delp_calls": 4265,
            "percY": 181902.25,
            "percN": 0.0,
            "percU": 0.0,
            "percUNK": 0.0,
            "l": 0.9999999999999999,
            "u": 1.0,
            "flag": "INTEREST"
        }
    },
    "data": {
        "n_samples": 4265,
        "time": 300.02474880218506,
        "repeated_programs": 0,
        "inconsistent_programs": 0,
        "worlds_consulted": 8192,
        "delp_calls": 4265
    }
}