{
    "status": {
        "a_2": {
            "yes": 806,
            "no": 0,
            "undecided": 69,
            "unknown": 0,
            "pyes": 0.854859387198347,
            "pno": 0.0,
            "pundecided": 0.0,
            "punknown": 0.0,
            "time": 40.58122420310974,
            "delp_calls": 1100,
            "percY": 26195.0,
            "percN": 0.0,
            "percU": 2242.5,
            "percUNK": 0.0,
            "l": 0.854859387198347,
            "u": 1.0,
            "flag": "INTEREST"
        },
        "~a_6": {
            "yes": 789,
            "no": 0,
            "undecided": 70,
            "unknown": 0,
            "pyes": 0.8440368550949964,
            "pno": 0.0,
            "pundecided": 0.010961845179571529,
            "punknown": 0.0,
            "time": 40.78714418411255,
            "delp_calls": 1078,
            "percY": 25642.5,
            "percN": 0.0,
            "percU": 2275.0,
            "percUNK": 0.0,
            "l": 0.8440368550949964,
            "u": 1.0,
            "flag": "INTEREST"
        },
        "~a_7": {
            "yes": 0,
            "no": 823,
            "undecided": 43,
            "unknown": 0,
            "pyes": 0.0,
            "pno": 0.8549968614634704,
            "pundecided": 1.8388110977125792e-06,
            "punknown": 0.0,
            "time": 41.695276737213135,
            "delp_calls": 1072,
            "percY": 0.0,
            "percN": 26747.5,
            "percU": 1397.5,
            "percUNK": 0.0,
            "l": 0.0,
            "u": 0.14500313853652957,
            "flag": "INTEREST"
        }
    },
    "data": {
        "n_samples": 3250,
        "time": 180.07478785514832,
        "repeated_programs": 0,
        "inconsistent_programs": 650,
        "worlds_consulted": 2300,
        "delp_calls": 3250
    }
}