{
    "status": {
        "d_54": {
            "yes": 2686,
            "no": 0,
            "undecided": 0,
            "unknown": 0,
            "pyes": 0.057646274632093535,
            "pno": 0.0,
            "pundecided": 0.0,
            "punknown": 0.0,
            "time": 107.247878074646,
            "delp_calls": 5308,
            "percY": 282620.92,
            "percN": 0.0,
            "percU": 0.0,
            "percUNK": 0.0,
            "l": 0.057646274632093535,
            "u": 1.0
        },
        "a_14": {
            "yes": 809,
            "no": 330,
            "undecided": 1463,
            "unknown": 0,
            "pyes": 0.17419180267884607,
            "pno": 0.003993884602480828,
            "pundecided": 0.003483745912162273,
            "punknown": 0.0,
            "time": 106.30800199508667,
            "delp_calls": 5214,
            "percY": 85122.98,
            "percN": 34722.6,
            "percU": 153936.86,
            "percUNK": 0.0,
            "l": 0.17419180267884607,
            "u": 0.9960061153975192
        }
    },
    "data": {
        "n_samples": 10522,
        "time": 600.1100096702576,
        "repeated_programs": 0,
        "inconsistent_programs": 5234,
        "worlds_consulted": 2972,
        "delp_calls": 10522
    }
}