{
    "status": {
        "~a_18": {
            "yes": 696,
            "no": 1236,
            "undecided": 2156,
            "unknown": 8,
            "pyes": 0.01710304607629096,
            "pno": 0.922889736429461,
            "pundecided": 0.06000649232525789,
            "punknown": 7.251689901281281e-07,
            "time": 171.29063868522644,
            "delp_calls": 4096,
            "percY": 55603460.88,
            "percN": 98744077.08,
            "percU": 172242904.68,
            "percUNK": 639120.24,
            "l": 0.01710304607629096,
            "u": 0.07711026357053896,
            "flag": "INTEREST"
        }
    },
    "data": {
        "n_samples": 7989003,
        "time": 300.0000088214874,
        "repeated_worlds": 7984907,
        "repeated_progs": 7984907,
        "unique_progs": 4096,
        "delp_calls": 4096
    }
}