{
    "status": {
        "d_13": {
            "yes": 1804,
            "no": 0,
            "undecided": 1462,
            "unknown": 0,
            "pyes": 0.028416847114070366,
            "pno": 0.0,
            "pundecided": 8.315288592962615e-05,
            "punknown": 0.0,
            "time": 188.43296813964844,
            "delp_calls": 4403,
            "percY": 79430.12,
            "percN": 0.0,
            "percU": 64371.86,
            "percUNK": 0.0,
            "l": 0.028416847114070366,
            "u": 1.0
        }
    },
    "data": {
        "n_samples": 4403,
        "time": 300.06912899017334,
        "repeated_programs": 0,
        "inconsistent_programs": 1137,
        "worlds_consulted": 2048,
        "delp_calls": 4403
    }
}