{
    "status": {
        "d_13": {
            "yes": 262144,
            "no": 0,
            "undecided": 0,
            "unknown": 0,
            "pyes": 0.9999999999999634,
            "pno": 0.0,
            "pundecided": 0.0,
            "punknown": 0.0,
            "time": 11130.570892333984,
            "delp_calls": 378,
            "percY": 28264122286.08,
            "percN": 0.0,
            "percU": 0.0,
            "percUNK": 0.0,
            "l": 0.9999999999999634,
            "u": 1.0,
            "flag": "INTEREST"
        }
    },
    "data": {
        "n_samples": 10781907,
        "time": 300.0000078678131,
        "repeated_worlds": 10519763,
        "repeated_progs": 10781529,
        "unique_progs": 378,
        "delp_calls": 378
    }
}