{
    "status": {
        "~d_48": {
            "yes": 2410,
            "no": 0,
            "undecided": 0,
            "unknown": 0,
            "pyes": 0.33629399145201083,
            "pno": 0.0,
            "pundecided": 0.0,
            "punknown": 0.0,
            "time": 96.60324573516846,
            "delp_calls": 4715,
            "percY": 113631.5,
            "percN": 0.0,
            "percU": 0.0,
            "percUNK": 0.0,
            "l": 0.33629399145201083,
            "u": 1.0
        }
    },
    "data": {
        "n_samples": 4715,
        "time": 300.03689885139465,
        "repeated_programs": 0,
        "inconsistent_programs": 2305,
        "worlds_consulted": 1397,
        "delp_calls": 4715
    }
}