{
    "status": {
        "d_22": {
            "yes": 106,
            "no": 0,
            "undecided": 6,
            "unknown": 65,
            "pyes": 0.05031371724844103,
            "pno": 0.0,
            "pundecided": 1.0789768077926402e-08,
            "punknown": 0.001102397648780878,
            "time": 8.338182210922241,
            "delp_calls": 177,
            "percY": 187.62,
            "percN": 0.0,
            "percU": 10.62,
            "percUNK": 115.05,
            "l": 0.05031371724844103,
            "u": 1.0
        }
    },
    "data": {
        "n_samples": 177,
        "time": 60.25385284423828,
        "repeated_programs": 0,
        "inconsistent_programs": 0,
        "worlds_consulted": 175,
        "delp_calls": 177
    }
}