{
    "status": {
        "~d_17": {
            "yes": 110885,
            "no": 0,
            "undecided": 0,
            "unknown": 0,
            "pyes": 0.24030620439819753,
            "pno": 0.0,
            "pundecided": 0.0,
            "punknown": 0.0,
            "time": 5403.232809782028,
            "delp_calls": 300,
            "percY": 463509279.65,
            "percN": 0.0,
            "percU": 0.0,
            "percUNK": 0.0,
            "l": 0.24030620439819753,
            "u": 1.0
        },
        "a_6": {
            "yes": 108493,
            "no": 0,
            "undecided": 0,
            "unknown": 0,
            "pyes": 0.21909241480429806,
            "pno": 0.0,
            "pundecided": 0.0,
            "punknown": 0.0,
            "time": 5558.537093400955,
            "delp_calls": 300,
            "percY": 453510504.37,
            "percN": 0.0,
            "percU": 0.0,
            "percUNK": 0.0,
            "l": 0.21909241480429806,
            "u": 1.0
        },
        "a_7": {
            "yes": 98016,
            "no": 0,
            "undecided": 6716,
            "unknown": 0,
            "pyes": 0.24799537985490067,
            "pno": 0.0,
            "pundecided": 0.002560553234644126,
            "punknown": 0.0,
            "time": 5761.575081586838,
            "delp_calls": 300,
            "percY": 409715701.44,
            "percN": 0.0,
            "percU": 28073484.44,
            "percUNK": 0.0,
            "l": 0.24799537985490067,
            "u": 1.0
        }
    },
    "data": {
        "n_samples": 418009,
        "time": 180.00053429603577,
        "repeated_worlds": 93899,
        "repeated_progs": 417109,
        "unique_progs": 900,
        "delp_calls": 900
    }
}