{
    "status": {
        "a_7": {
            "yes": 896,
            "no": 1152,
            "undecided": 2048,
            "unknown": 0,
            "pyes": 0.868236332995,
            "pno": 0.08176366700499994,
            "pundecided": 0.04999999999999983,
            "punknown": 0.0,
            "time": 230.12122344970703,
            "delp_calls": 512,
            "percY": 260303554.56,
            "percN": 334675998.72,
            "percU": 594979553.28,
            "percUNK": 0.0,
            "l": 0.868236332995,
            "u": 0.9182363329950001,
            "flag": "INTEREST"
        },
        "~a_7": {
            "yes": 1152,
            "no": 896,
            "undecided": 2048,
            "unknown": 0,
            "pyes": 0.08176366700500014,
            "pno": 0.8682363329950007,
            "pundecided": 0.0499999999999999,
            "punknown": 0.0,
            "time": 231.85673713684082,
            "delp_calls": 512,
            "percY": 334675998.72,
            "percN": 260303554.56,
            "percU": 594979553.28,
            "percUNK": 0.0,
            "l": 0.08176366700500014,
            "u": 0.1317636670049993,
            "flag": "INTEREST"
        }
    },
    "data": {
        "n_samples": 29051736,
        "time": 600.0000219345093,
        "repeated_worlds": 29043544,
        "repeated_progs": 29050712,
        "unique_progs": 1024,
        "delp_calls": 1024
    }
}