{
    "status": {
        "a_7": {
            "yes": 562,
            "no": 576,
            "undecided": 1137,
            "unknown": 0,
            "pyes": 0.11615197990000001,
            "pno": 0.026974355100000003,
            "pundecided": 0.007532964999999997,
            "punknown": 0.0,
            "time": 136.07244849205017,
            "delp_calls": 4491,
            "percY": 51063.32,
            "percN": 52335.36,
            "percU": 103307.82,
            "percUNK": 0.0,
            "l": 0.11615197990000001,
            "u": 0.9730256449
        },
        "~a_7": {
            "yes": 565,
            "no": 615,
            "undecided": 1138,
            "unknown": 0,
            "pyes": 0.02697435509999999,
            "pno": 0.11615197989999997,
            "pundecided": 0.0075329649999999965,
            "punknown": 0.0,
            "time": 135.0220468044281,
            "delp_calls": 4595,
            "percY": 51335.9,
            "percN": 55878.9,
            "percU": 103398.68,
            "percUNK": 0.0,
            "l": 0.02697435509999999,
            "u": 0.8838480201000001
        }
    },
    "data": {
        "n_samples": 9086,
        "time": 600.0732893943787,
        "repeated_programs": 0,
        "inconsistent_programs": 4493,
        "worlds_consulted": 512,
        "delp_calls": 9086
    }
}