{
    "status": {
        "d_46": {
            "yes": 2668,
            "no": 0,
            "undecided": 877,
            "unknown": 0,
            "pyes": 0.8584885628499841,
            "pno": 0.0,
            "pundecided": 0.0,
            "punknown": 0.0,
            "time": 143.77444219589233,
            "delp_calls": 3545,
            "percY": 94580.6,
            "percN": 0.0,
            "percU": 31089.65,
            "percUNK": 0.0,
            "l": 0.8584885628499841,
            "u": 1.0,
            "flag": "INTEREST"
        }
    },
    "data": {
        "n_samples": 3545,
        "time": 300.0674772262573,
        "repeated_programs": 0,
        "inconsistent_programs": 0,
        "worlds_consulted": 2709,
        "delp_calls": 3545
    }
}