{
    "status": {
        "d_46": {
            "yes": 3072,
            "no": 0,
            "undecided": 1024,
            "unknown": 0,
            "pyes": 1.0000000000000009,
            "pno": 0.0,
            "pundecided": 0.0,
            "punknown": 0.0,
            "time": 168.57920932769775,
            "delp_calls": 3242,
            "percY": 356906004.48,
            "percN": 0.0,
            "percU": 118968668.16,
            "percUNK": 0.0,
            "l": 1.0000000000000009,
            "u": 1.0,
            "flag": "INTEREST"
        }
    },
    "data": {
        "n_samples": 11618034,
        "time": 300.00000405311584,
        "repeated_worlds": 11613938,
        "repeated_progs": 11614792,
        "unique_progs": 3242,
        "delp_calls": 3242
    }
}