{
    "status": {
        "d_64": {
            "yes": 4298,
            "no": 0,
            "undecided": 1502,
            "unknown": 0,
            "pyes": 0.0063268093426271455,
            "pno": 0.0,
            "pundecided": 0.000434583651035446,
            "punknown": 0.0,
            "time": 297.9425916671753,
            "delp_calls": 5523,
            "percY": 824055.54,
            "percN": 0.0,
            "percU": 287978.46,
            "percUNK": 0.0,
            "l": 0.0063268093426271455,
            "u": 1.0
        },
        "~a_11": {
            "yes": 6979,
            "no": 0,
            "undecided": 0,
            "unknown": 0,
            "pyes": 0.48026349760508535,
            "pno": 0.0,
            "pundecided": 0.0,
            "punknown": 0.0,
            "time": 298.5404586791992,
            "delp_calls": 6615,
            "percY": 1338083.67,
            "percN": 0.0,
            "percU": 0.0,
            "percUNK": 0.0,
            "l": 0.48026349760508535,
            "u": 1.0
        },
        "~a_16": {
            "yes": 3783,
            "no": 2026,
            "undecided": 343,
            "unknown": 0,
            "pyes": 0.00029639218550916936,
            "pno": 0.010386703299703124,
            "pundecided": 2.5546315442974696e-06,
            "punknown": 0.0,
            "time": 299.1987249851227,
            "delp_calls": 5860,
            "percY": 725314.59,
            "percN": 388444.98,
            "percU": 65763.39,
            "percUNK": 0.0,
            "l": 0.00029639218550916936,
            "u": 0.9896132967002969
        }
    },
    "data": {
        "n_samples": 19173,
        "time": 900.0594117641449,
        "repeated_worlds": 242,
        "repeated_progs": 1175,
        "unique_progs": 17998,
        "delp_calls": 17998
    }
}