{
    "status": {
        "~d_60": {
            "yes": 2782,
            "no": 0,
            "undecided": 0,
            "unknown": 0,
            "pyes": 0.020096917523590153,
            "pno": 0.0,
            "pundecided": 0.0,
            "punknown": 0.0,
            "time": 116.28467535972595,
            "delp_calls": 2782,
            "percY": 152091.94,
            "percN": 0.0,
            "percU": 0.0,
            "percUNK": 0.0,
            "l": 0.020096917523590153,
            "u": 1.0
        },
        "a_16": {
            "yes": 274,
            "no": 1934,
            "undecided": 477,
            "unknown": 0,
            "pyes": 0.00015071771838668578,
            "pno": 0.004170083639269752,
            "pundecided": 0.029989683950708407,
            "punknown": 0.0,
            "time": 120.22065305709839,
            "delp_calls": 2685,
            "percY": 14979.58,
            "percN": 105731.78,
            "percU": 26077.59,
            "percUNK": 0.0,
            "l": 0.00015071771838668578,
            "u": 0.9958299163607303
        }
    },
    "data": {
        "n_samples": 5467,
        "time": 600.0269825458527,
        "repeated_programs": 0,
        "inconsistent_programs": 0,
        "worlds_consulted": 9799,
        "delp_calls": 5467
    }
}