{
    "status": {
        "d_14": {
            "yes": 6096,
            "no": 0,
            "undecided": 2282,
            "unknown": 1359,
            "pyes": 0.011979997206351825,
            "pno": 0.0,
            "pundecided": 0.000469912579052354,
            "punknown": 9.777450272736067e-06,
            "time": 381.9590539932251,
            "delp_calls": 7245,
            "percY": 1207251.84,
            "percN": 0.0,
            "percU": 451927.28,
            "percUNK": 269136.36,
            "l": 0.011979997206351825,
            "u": 1.0
        },
        "~a_5": {
            "yes": 5486,
            "no": 0,
            "undecided": 4237,
            "unknown": 0,
            "pyes": 0.007862407484822238,
            "pno": 0.0,
            "pundecided": 0.0018106262167832288,
            "punknown": 0.0,
            "time": 378.2017104625702,
            "delp_calls": 7288,
            "percY": 1086447.44,
            "percN": 0.0,
            "percU": 839095.48,
            "percUNK": 0.0,
            "l": 0.007862407484822238,
            "u": 1.0
        }
    },
    "data": {
        "n_samples": 19804,
        "time": 600.0366916656494,
        "repeated_worlds": 344,
        "repeated_progs": 5271,
        "unique_progs": 14533,
        "delp_calls": 14533
    }
}