{
    "status": {
        "d_15": {
            "yes": 1605,
            "no": 0,
            "undecided": 7836,
            "unknown": 3810,
            "pyes": 0.004979377156224222,
            "pno": 0.0,
            "pundecided": 0.0001243492574312359,
            "punknown": 0.0379316075145304,
            "time": 546.0415258407593,
            "delp_calls": 6830,
            "percY": 218328.15,
            "percN": 0.0,
            "percU": 1065931.08,
            "percUNK": 518274.3,
            "l": 0.004979377156224222,
            "u": 1.0
        }
    },
    "data": {
        "n_samples": 13603,
        "time": 300.01422691345215,
        "repeated_worlds": 352,
        "repeated_progs": 6773,
        "unique_progs": 6830,
        "delp_calls": 6830
    }
}