{
    "status": {
        "d_25": {
            "yes": 3277,
            "no": 0,
            "undecided": 0,
            "unknown": 0,
            "pyes": 0.7463211819715514,
            "pno": 0.0,
            "pundecided": 0.0,
            "punknown": 0.0,
            "time": 131.8005406856537,
            "delp_calls": 3277,
            "percY": 310233.59,
            "percN": 0.0,
            "percU": 0.0,
            "percUNK": 0.0,
            "l": 0.7463211819715514,
            "u": 1.0,
            "flag": "INTEREST"
        },
        "a_13": {
            "yes": 3321,
            "no": 0,
            "undecided": 0,
            "unknown": 0,
            "pyes": 0.800393449725955,
            "pno": 0.0,
            "pundecided": 0.0,
            "punknown": 0.0,
            "time": 133.9118685722351,
            "delp_calls": 3321,
            "percY": 314399.07,
            "percN": 0.0,
            "percU": 0.0,
            "percUNK": 0.0,
            "l": 0.800393449725955,
            "u": 1.0,
            "flag": "INTEREST"
        },
        "~a_14": {
            "yes": 0,
            "no": 2869,
            "undecided": 0,
            "unknown": 0,
            "pyes": 0.0,
            "pno": 0.31896172539201695,
            "pundecided": 0.0,
            "punknown": 0.0,
            "time": 153.99026727676392,
            "delp_calls": 2869,
            "percY": 0.0,
            "percN": 271608.23,
            "percU": 0.0,
            "percUNK": 0.0,
            "l": 0.0,
            "u": 0.681038274607983
        }
    },
    "data": {
        "n_samples": 9467,
        "time": 900.0845239162445,
        "repeated_programs": 0,
        "inconsistent_programs": 0,
        "worlds_consulted": 7104,
        "delp_calls": 9467
    }
}