{
    "status": {
        "d_25": {
            "yes": 4096,
            "no": 0,
            "undecided": 0,
            "unknown": 0,
            "pyes": 0.999999999999999,
            "pno": 0.0,
            "pundecided": 0.0,
            "punknown": 0.0,
            "time": 168.38489389419556,
            "delp_calls": 3624,
            "percY": 1097357762.56,
            "percN": 0.0,
            "percU": 0.0,
            "percUNK": 0.0,
            "l": 0.999999999999999,
            "u": 1.0,
            "flag": "INTEREST"
        },
        "a_13": {
            "yes": 4096,
            "no": 0,
            "undecided": 0,
            "unknown": 0,
            "pyes": 0.9999999999999964,
            "pno": 0.0,
            "pundecided": 0.0,
            "punknown": 0.0,
            "time": 166.7714138031006,
            "delp_calls": 3624,
            "percY": 1097357762.56,
            "percN": 0.0,
            "percU": 0.0,
            "percUNK": 0.0,
            "l": 0.9999999999999964,
            "u": 1.0,
            "flag": "INTEREST"
        },
        "~a_14": {
            "yes": 0,
            "no": 4096,
            "undecided": 0,
            "unknown": 0,
            "pyes": 0.0,
            "pno": 0.9999999999999987,
            "pundecided": 0.0,
            "punknown": 0.0,
            "time": 217.82046127319336,
            "delp_calls": 3624,
            "percY": 0.0,
            "percN": 1097357762.56,
            "percU": 0.0,
            "percUNK": 0.0,
            "l": 0.0,
            "u": 1.3322676295501878e-15,
            "flag": "INTEREST"
        }
    },
    "data": {
        "n_samples": 26790961,
        "time": 900.0000278949738,
        "repeated_worlds": 26778673,
        "repeated_progs": 26780089,
        "unique_progs": 10872,
        "delp_calls": 10872
    }
}