{
    "status": {
        "d_57": {
            "yes": 1024,
            "no": 0,
            "undecided": 512,
            "unknown": 2560,
            "pyes": 0.9228338735359995,
            "pno": 0.0,
            "pundecided": 0.0,
            "punknown": 0.07716612646400008,
            "time": 166.49161171913147,
            "delp_calls": 3968,
            "percY": 245122252.8,
            "percN": 0.0,
            "percU": 122561126.4,
            "percUNK": 612805632.0,
            "l": 0.9228338735359995,
            "u": 1.0,
            "flag": "INTEREST"
        },
        "a_17": {
            "yes": 2304,
            "no": 240,
            "undecided": 1552,
            "unknown": 0,
            "pyes": 0.7832319900580608,
            "pno": 0.0004783649211340799,
            "pundecided": 0.21628964502080508,
            "punknown": 0.0,
            "time": 201.3081238269806,
            "delp_calls": 3968,
            "percY": 551525068.8,
            "percN": 57450528.0,
            "percU": 371513414.4,
            "percUNK": 0.0,
            "l": 0.7832319900580608,
            "u": 0.9995216350788659,
            "flag": "INTEREST"
        },
        "a_18": {
            "yes": 3000,
            "no": 48,
            "undecided": 1048,
            "unknown": 0,
            "pyes": 0.7320163712040001,
            "pno": 0.0,
            "pundecided": 0.267983628796,
            "punknown": 0.0,
            "time": 169.44441270828247,
            "delp_calls": 3968,
            "percY": 718131600.0,
            "percN": 11490105.6,
            "percU": 250867305.6,
            "percUNK": 0.0,
            "l": 0.7320163712040001,
            "u": 1.0,
            "flag": "INTEREST"
        }
    },
    "data": {
        "n_samples": 23937720,
        "time": 900.0000357627869,
        "repeated_worlds": 23925432,
        "repeated_progs": 23925816,
        "unique_progs": 11904,
        "delp_calls": 11904
    }
}