{
    "status": {
        "~d_16": {
            "yes": 332150,
            "no": 0,
            "undecided": 332607,
            "unknown": 0,
            "pyes": 0.03012144527219205,
            "pno": 0.0,
            "pundecided": 0.007199357227943116,
            "punknown": 0.0,
            "time": 25724.01071047783,
            "delp_calls": 512,
            "percY": 2253063130.5,
            "percN": 0.0,
            "percU": 2256163084.89,
            "percUNK": 0.0,
            "l": 0.03012144527219205,
            "u": 1.0
        }
    },
    "data": {
        "n_samples": 678327,
        "time": 300.00007128715515,
        "repeated_worlds": 13570,
        "repeated_progs": 677815,
        "unique_progs": 512,
        "delp_calls": 512
    }
}