{
    "status": {
        "d_67": {
            "yes": 1282,
            "no": 0,
            "undecided": 0,
            "unknown": 0,
            "pyes": 0.04180877857044132,
            "pno": 0.0,
            "pundecided": 0.0,
            "punknown": 0.0,
            "time": 57.216148138046265,
            "delp_calls": 1272,
            "percY": 16512.16,
            "percN": 0.0,
            "percU": 0.0,
            "percUNK": 0.0,
            "l": 0.04180877857044132,
            "u": 1.0
        }
    },
    "data": {
        "n_samples": 1288,
        "time": 60.01923108100891,
        "repeated_worlds": 6,
        "repeated_progs": 16,
        "unique_progs": 1272,
        "delp_calls": 1272
    }
}