{
    "status": {
        "~d_29": {
            "yes": 1634,
            "no": 0,
            "undecided": 447,
            "unknown": 150,
            "pyes": 0.0016729057493411875,
            "pno": 0.0,
            "pundecided": 0.003122075705831507,
            "punknown": 1.6983234214931903e-05,
            "time": 95.46392631530762,
            "delp_calls": 2231,
            "percY": 108644.66,
            "percN": 0.0,
            "percU": 29721.03,
            "percUNK": 9973.5,
            "l": 0.0016729057493411875,
            "u": 1.0
        },
        "a_13": {
            "yes": 1639,
            "no": 0,
            "undecided": 577,
            "unknown": 0,
            "pyes": 0.0023399199299118534,
            "pno": 0.0,
            "pundecided": 6.804862013533215e-05,
            "punknown": 0.0,
            "time": 95.78137612342834,
            "delp_calls": 2216,
            "percY": 108977.11,
            "percN": 0.0,
            "percU": 38364.73,
            "percUNK": 0.0,
            "l": 0.0023399199299118534,
            "u": 1.0
        },
        "~a_19": {
            "yes": 2004,
            "no": 0,
            "undecided": 198,
            "unknown": 0,
            "pyes": 0.02345936681721317,
            "pno": 0.0,
            "pundecided": 1.443821169913436e-05,
            "punknown": 0.0,
            "time": 96.93179368972778,
            "delp_calls": 2202,
            "percY": 133245.96,
            "percN": 0.0,
            "percU": 13165.02,
            "percUNK": 0.0,
            "l": 0.02345936681721317,
            "u": 1.0
        }
    },
    "data": {
        "n_samples": 6649,
        "time": 900.4419033527374,
        "repeated_programs": 0,
        "inconsistent_programs": 0,
        "worlds_consulted": 10069,
        "delp_calls": 6649
    }
}