{
    "status": {
        "a_2": {
            "yes": 6824,
            "no": 0,
            "undecided": 0,
            "unknown": 0,
            "pyes": 0.008993655831056784,
            "pno": 0.0,
            "pundecided": 0.0,
            "punknown": 0.0,
            "time": 286.58563780784607,
            "delp_calls": 6733,
            "percY": 472357.28,
            "percN": 0.0,
            "percU": 0.0,
            "percUNK": 0.0,
            "l": 0.008993655831056784,
            "u": 1.0
        }
    },
    "data": {
        "n_samples": 6922,
        "time": 300.0008873939514,
        "repeated_worlds": 98,
        "repeated_progs": 189,
        "unique_progs": 6733,
        "delp_calls": 6733
    }
}