{
    "status": {
        "a_7": {
            "yes": 1104,
            "no": 792,
            "undecided": 2152,
            "unknown": 48,
            "pyes": 0.6927305631594465,
            "pno": 0.16252159971726712,
            "pundecided": 0.14473629852466102,
            "punknown": 1.1538598625280002e-05,
            "time": 166.75979351997375,
            "delp_calls": 1968,
            "percY": 352914012.96,
            "percN": 253177444.08,
            "percU": 687926590.48,
            "percUNK": 15344087.52,
            "l": 0.6927305631594465,
            "u": 0.8374784002827329,
            "flag": "INTEREST"
        },
        "a_8": {
            "yes": 1770,
            "no": 600,
            "undecided": 1654,
            "unknown": 72,
            "pyes": 0.7920634773495299,
            "pno": 0.05980077386432937,
            "pundecided": 0.1481344458368433,
            "punknown": 1.3029492940800005e-06,
            "time": 166.5790355205536,
            "delp_calls": 1968,
            "percY": 565813227.3,
            "percN": 191801094.0,
            "percU": 528731682.46,
            "percUNK": 23016131.28,
            "l": 0.7920634773495299,
            "u": 0.9401992261356706,
            "flag": "INTEREST"
        }
    },
    "data": {
        "n_samples": 31966849,
        "time": 600.0000145435333,
        "repeated_worlds": 31958657,
        "repeated_progs": 31962913,
        "unique_progs": 3936,
        "delp_calls": 3936
    }
}