{
    "status": {
        "a_7": {
            "yes": 1203,
            "no": 875,
            "undecided": 2594,
            "unknown": 45,
            "pyes": 0.6547195488232818,
            "pno": 0.1625131532536133,
            "pundecided": 0.13944357829636014,
            "punknown": 1.1538597113376771e-05,
            "time": 186.5949947834015,
            "delp_calls": 4717,
            "percY": 112372.23,
            "percN": 81733.75,
            "percU": 242305.54,
            "percUNK": 4203.45,
            "l": 0.6547195488232818,
            "u": 0.8374868467463867,
            "flag": "INTEREST"
        },
        "a_8": {
            "yes": 1605,
            "no": 724,
            "undecided": 2202,
            "unknown": 93,
            "pyes": 0.7286611398375903,
            "pno": 0.053282485545391466,
            "pundecided": 0.13714977666526493,
            "punknown": 1.3017044168696423e-06,
            "time": 185.94562339782715,
            "delp_calls": 4624,
            "percY": 149923.05,
            "percN": 67628.84,
            "percU": 205688.82,
            "percUNK": 8687.13,
            "l": 0.7286611398375903,
            "u": 0.9467175144546085,
            "flag": "INTEREST"
        }
    },
    "data": {
        "n_samples": 9341,
        "time": 600.1270153522491,
        "repeated_programs": 0,
        "inconsistent_programs": 0,
        "worlds_consulted": 7409,
        "delp_calls": 9341
    }
}