{
    "status": {
        "a_16": {
            "yes": 1376,
            "no": 2720,
            "undecided": 0,
            "unknown": 0,
            "pyes": 0.8437202498638469,
            "pno": 0.15627975013615283,
            "pundecided": 0.0,
            "punknown": 0.0,
            "time": 190.11480116844177,
            "delp_calls": 3578,
            "percY": 125806001.28,
            "percN": 248686281.6,
            "percU": 0.0,
            "percUNK": 0.0,
            "l": 0.8437202498638469,
            "u": 0.8437202498638472,
            "flag": "INTEREST"
        }
    },
    "data": {
        "n_samples": 9142878,
        "time": 300.00000166893005,
        "repeated_worlds": 9138782,
        "repeated_progs": 9139300,
        "unique_progs": 3578,
        "delp_calls": 3578
    }
}