{
    "status": {
        "a_11": {
            "yes": 1152,
            "no": 0,
            "undecided": 2944,
            "unknown": 0,
            "pyes": 0.7617092726011199,
            "pno": 0.0,
            "pundecided": 0.23829072739887924,
            "punknown": 0.0,
            "time": 162.8552107810974,
            "delp_calls": 4096,
            "percY": 107061304.32,
            "percN": 0.0,
            "percU": 273601111.04,
            "percUNK": 0.0,
            "l": 0.7617092726011199,
            "u": 1.0,
            "flag": "INTEREST"
        }
    },
    "data": {
        "n_samples": 9293516,
        "time": 300.00000619888306,
        "repeated_worlds": 9289420,
        "repeated_progs": 9289420,
        "unique_progs": 4096,
        "delp_calls": 4096
    }
}