{
    "status": {
        "a_11": {
            "yes": 303,
            "no": 0,
            "undecided": 744,
            "unknown": 0,
            "pyes": 0.6339066348123543,
            "pno": 0.0,
            "pundecided": 0.020152438633391927,
            "punknown": 0.0,
            "time": 40.72177219390869,
            "delp_calls": 1047,
            "percY": 3172.41,
            "percN": 0.0,
            "percU": 7789.68,
            "percUNK": 0.0,
            "l": 0.6339066348123543,
            "u": 1.0,
            "flag": "INTEREST"
        }
    },
    "data": {
        "n_samples": 1047,
        "time": 300.24958634376526,
        "repeated_programs": 0,
        "inconsistent_programs": 0,
        "worlds_consulted": 925,
        "delp_calls": 1047
    }
}