{
    "status": {
        "~d_16": {
            "yes": 4018,
            "no": 0,
            "undecided": 373,
            "unknown": 243,
            "pyes": 0.9877292259845114,
            "pno": 0.0,
            "pundecided": 0.006302873954293014,
            "punknown": 0.0003035265629972953,
            "time": 183.985178232193,
            "delp_calls": 4634,
            "percY": 560551.18,
            "percN": 0.0,
            "percU": 52037.23,
            "percUNK": 33900.93,
            "l": 0.9877292259845114,
            "u": 1.0,
            "flag": "INTEREST"
        },
        "a_7": {
            "yes": 1514,
            "no": 13,
            "undecided": 3085,
            "unknown": 105,
            "pyes": 0.879840337835691,
            "pno": 1.1951517600000001e-09,
            "pundecided": 0.11967037273514695,
            "punknown": 3.015143999999999e-05,
            "time": 184.29972386360168,
            "delp_calls": 4717,
            "percY": 211218.14,
            "percN": 1813.63,
            "percU": 430388.35,
            "percUNK": 14648.55,
            "l": 0.879840337835691,
            "u": 0.9999999988048482,
            "flag": "INTEREST"
        },
        "a_8": {
            "yes": 233,
            "no": 1770,
            "undecided": 2563,
            "unknown": 34,
            "pyes": 0.0014979684524688384,
            "pno": 0.9141827316248692,
            "pundecided": 0.07851402169996326,
            "punknown": 8.542413895890124e-05,
            "time": 185.15041041374207,
            "delp_calls": 4600,
            "percY": 32505.83,
            "percN": 246932.7,
            "percU": 357564.13,
            "percUNK": 4743.34,
            "l": 0.0014979684524688384,
            "u": 0.08581726837513082,
            "flag": "INTEREST"
        }
    },
    "data": {
        "n_samples": 13951,
        "time": 900.0826687812805,
        "repeated_programs": 0,
        "inconsistent_programs": 0,
        "worlds_consulted": 11829,
        "delp_calls": 13951
    }
}