{
    "status": {
        "~d_16": {
            "yes": 3584,
            "no": 0,
            "undecided": 384,
            "unknown": 128,
            "pyes": 0.9932933000000026,
            "pno": 0.0,
            "pundecided": 0.006402032000000007,
            "punknown": 0.00030466800000000034,
            "time": 162.05314803123474,
            "delp_calls": 1405,
            "percY": 1869369026.56,
            "percN": 0.0,
            "percU": 200289538.56,
            "percUNK": 66763179.52,
            "l": 0.9932933000000026,
            "u": 1.0,
            "flag": "INTEREST"
        },
        "a_7": {
            "yes": 1684,
            "no": 16,
            "undecided": 2332,
            "unknown": 64,
            "pyes": 0.8799098861869586,
            "pno": 1.1951517600000001e-09,
            "pundecided": 0.12005996117789057,
            "punknown": 3.0151439999999993e-05,
            "time": 164.11658596992493,
            "delp_calls": 1405,
            "percY": 878353080.56,
            "percN": 8345397.44,
            "percU": 1216341676.88,
            "percUNK": 33381589.76,
            "l": 0.8799098861869586,
            "u": 0.9999999988048482,
            "flag": "INTEREST"
        },
        "a_8": {
            "yes": 184,
            "no": 1992,
            "undecided": 1912,
            "unknown": 8,
            "pyes": 0.0014979684524688397,
            "pno": 0.9194301558123059,
            "pundecided": 0.0789864515962671,
            "punknown": 8.542413895890126e-05,
            "time": 164.09884309768677,
            "delp_calls": 1405,
            "percY": 95972070.56,
            "percN": 1039001981.28,
            "percU": 997274994.08,
            "percUNK": 4172698.72,
            "l": 0.0014979684524688397,
            "u": 0.08056984418769408,
            "flag": "INTEREST"
        }
    },
    "data": {
        "n_samples": 52158734,
        "time": 900.0000169277191,
        "repeated_worlds": 52146446,
        "repeated_progs": 52154519,
        "unique_progs": 4215,
        "delp_calls": 4215
    }
}