{
    "status": {
        "a_7": {
            "yes": 107,
            "no": 252,
            "undecided": 272,
            "unknown": 2,
            "pyes": 0.007478390039527195,
            "pno": 0.03621569421130922,
            "pundecided": 0.0030082199121821084,
            "punknown": 1.0330287749248301e-07,
            "time": 29.71366548538208,
            "delp_calls": 1111,
            "percY": 1188.77,
            "percN": 2799.72,
            "percU": 3021.92,
            "percUNK": 22.22,
            "l": 0.007478390039527195,
            "u": 0.9637843057886908
        }
    },
    "data": {
        "n_samples": 1111,
        "time": 60.01598405838013,
        "repeated_programs": 0,
        "inconsistent_programs": 478,
        "worlds_consulted": 357,
        "delp_calls": 1111
    }
}