{
    "status": {
        "a_7": {
            "yes": 1409,
            "no": 9565,
            "undecided": 11053,
            "unknown": 0,
            "pyes": 0.003241562957711186,
            "pno": 0.02078399775829781,
            "pundecided": 0.0026554222073111667,
            "punknown": 0.0,
            "time": 1071.3271367549896,
            "delp_calls": 1024,
            "percY": 324337.71,
            "percN": 2201767.35,
            "percU": 2544290.07,
            "percUNK": 0.0,
            "l": 0.003241562957711186,
            "u": 0.9792160022417022
        }
    },
    "data": {
        "n_samples": 23019,
        "time": 60.00009632110596,
        "repeated_worlds": 992,
        "repeated_progs": 21995,
        "unique_progs": 1024,
        "delp_calls": 1024
    }
}