{
    "status": {
        "~a_8": {
            "yes": 768,
            "no": 3264,
            "undecided": 64,
            "unknown": 0,
            "pyes": 0.0009659784619754235,
            "pno": 0.9963852860810217,
            "pundecided": 0.0026487354570027305,
            "punknown": 0.0,
            "time": 183.26373863220215,
            "delp_calls": 172,
            "percY": 1085137.92,
            "percN": 4611836.16,
            "percU": 90428.16,
            "percUNK": 0.0,
            "l": 0.0009659784619754235,
            "u": 0.003614713918978274,
            "flag": "INTEREST"
        }
    },
    "data": {
        "n_samples": 141294,
        "time": 60.00009870529175,
        "repeated_worlds": 137198,
        "repeated_progs": 141122,
        "unique_progs": 172,
        "delp_calls": 172
    }
}