{
    "status": {
        "d_45": {
            "yes": 1196,
            "no": 0,
            "undecided": 0,
            "unknown": 173,
            "pyes": 0.6631181971660036,
            "pno": 0.0,
            "pundecided": 0.0,
            "punknown": 0.003872587039818554,
            "time": 55.71899724006653,
            "delp_calls": 1369,
            "percY": 58544.2,
            "percN": 0.0,
            "percU": 0.0,
            "percUNK": 8468.35,
            "l": 0.6631181971660036,
            "u": 1.0,
            "flag": "INTEREST"
        },
        "a_16": {
            "yes": 352,
            "no": 101,
            "undecided": 907,
            "unknown": 6,
            "pyes": 0.006870590495159673,
            "pno": 0.04797947022606956,
            "pundecided": 0.10394020294572238,
            "punknown": 4.645975887178134e-05,
            "time": 55.7354097366333,
            "delp_calls": 1366,
            "percY": 17230.4,
            "percN": 4943.95,
            "percU": 44397.65,
            "percUNK": 293.7,
            "l": 0.006870590495159673,
            "u": 0.9520205297739305
        },
        "a_14": {
            "yes": 198,
            "no": 358,
            "undecided": 783,
            "unknown": 0,
            "pyes": 0.004192794339791302,
            "pno": 0.014674694855383523,
            "pundecided": 0.044052720007419895,
            "punknown": 0.0,
            "time": 55.90951991081238,
            "delp_calls": 1339,
            "percY": 9692.1,
            "percN": 17524.1,
            "percU": 38327.85,
            "percUNK": 0.0,
            "l": 0.004192794339791302,
            "u": 0.9853253051446165
        }
    },
    "data": {
        "n_samples": 4895,
        "time": 180.06166863441467,
        "repeated_worlds": 821,
        "repeated_progs": 821,
        "unique_progs": 4074,
        "delp_calls": 4074
    }
}