{
    "status": {
        "~d_61": {
            "yes": 2267,
            "no": 0,
            "undecided": 0,
            "unknown": 0,
            "pyes": 0.7775573095361449,
            "pno": 0.0,
            "pundecided": 0.0,
            "punknown": 0.0,
            "time": 92.44245958328247,
            "delp_calls": 4514,
            "percY": 102332.38,
            "percN": 0.0,
            "percU": 0.0,
            "percUNK": 0.0,
            "l": 0.7775573095361449,
            "u": 1.0,
            "flag": "INTEREST"
        }
    },
    "data": {
        "n_samples": 4514,
        "time": 300.03001046180725,
        "repeated_programs": 0,
        "inconsistent_programs": 2247,
        "worlds_consulted": 1349,
        "delp_calls": 4514
    }
}