{
    "status": {
        "~d_61": {
            "yes": 4096,
            "no": 0,
            "undecided": 0,
            "unknown": 0,
            "pyes": 0.9999999999999997,
            "pno": 0.0,
            "pundecided": 0.0,
            "punknown": 0.0,
            "time": 167.97665405273438,
            "delp_calls": 4096,
            "percY": 364514467.84,
            "percN": 0.0,
            "percU": 0.0,
            "percUNK": 0.0,
            "l": 0.9999999999999997,
            "u": 1.0,
            "flag": "INTEREST"
        }
    },
    "data": {
        "n_samples": 8899279,
        "time": 300.00000286102295,
        "repeated_worlds": 8895183,
        "repeated_progs": 8895183,
        "unique_progs": 4096,
        "delp_calls": 4096
    }
}