{
    "status": {
        "~a_1": {
            "yes": 715,
            "no": 0,
            "undecided": 94,
            "unknown": 6,
            "pyes": 0.12664818962704316,
            "pno": 0.0,
            "pundecided": 0.02551615263351867,
            "punknown": 0.0,
            "time": 32.71206259727478,
            "delp_calls": 815,
            "percY": 11647.35,
            "percN": 0.0,
            "percU": 1531.26,
            "percUNK": 97.74,
            "l": 0.12664818962704316,
            "u": 1.0
        },
        "a_17": {
            "yes": 187,
            "no": 433,
            "undecided": 186,
            "unknown": 8,
            "pyes": 0.05038035834826276,
            "pno": 0.03517959160811498,
            "pundecided": 0.002632787880480206,
            "punknown": 0.0,
            "time": 33.47592210769653,
            "delp_calls": 814,
            "percY": 3046.23,
            "percN": 7053.57,
            "percU": 3029.94,
            "percUNK": 130.32,
            "l": 0.05038035834826276,
            "u": 0.964820408391885
        }
    },
    "data": {
        "n_samples": 1629,
        "time": 600.5433855056763,
        "repeated_programs": 0,
        "inconsistent_programs": 0,
        "worlds_consulted": 1481,
        "delp_calls": 1629
    }
}