{
    "status": {
        "d_25": {
            "yes": 2560,
            "no": 0,
            "undecided": 192,
            "unknown": 1344,
            "pyes": 0.9890172289999998,
            "pno": 0.0,
            "pundecided": 4.9866047891550026e-05,
            "punknown": 0.010932904952108432,
            "time": 164.4166190624237,
            "delp_calls": 4096,
            "percY": 690375347.2,
            "percN": 0.0,
            "percU": 51778151.04,
            "percUNK": 362447057.28,
            "l": 0.9890172289999998,
            "u": 1.0,
            "flag": "INTEREST"
        },
        "~a_11": {
            "yes": 1184,
            "no": 0,
            "undecided": 2880,
            "unknown": 32,
            "pyes": 0.8666097238174988,
            "pno": 0.0,
            "pundecided": 0.13339009859779616,
            "punknown": 1.7758470460490198e-07,
            "time": 163.8214476108551,
            "delp_calls": 4096,
            "percY": 319298598.08,
            "percN": 0.0,
            "percU": 776672265.6,
            "percUNK": 8629691.84,
            "l": 0.8666097238174988,
            "u": 1.0,
            "flag": "INTEREST"
        },
        "a_15": {
            "yes": 1171,
            "no": 1171,
            "undecided": 1754,
            "unknown": 0,
            "pyes": 0.8634795220642698,
            "pno": 0.07042918591384842,
            "pundecided": 0.06609129202188253,
            "punknown": 0.0,
            "time": 171.78168749809265,
            "delp_calls": 4096,
            "percY": 315792785.77,
            "percN": 315792785.77,
            "percU": 473014983.98,
            "percUNK": 0.0,
            "l": 0.8634795220642698,
            "u": 0.9295708140861516,
            "flag": "INTEREST"
        }
    },
    "data": {
        "n_samples": 26967787,
        "time": 900.000013589859,
        "repeated_worlds": 26955499,
        "repeated_progs": 26955499,
        "unique_progs": 12288,
        "delp_calls": 12288
    }
}