{
    "status": {
        "d_25": {
            "yes": 472,
            "no": 0,
            "undecided": 39,
            "unknown": 273,
            "pyes": 0.049649755327276,
            "pno": 0.0,
            "pundecided": 9.358259820027755e-07,
            "punknown": 0.00037034982240233136,
            "time": 31.26800560951233,
            "delp_calls": 784,
            "percY": 11096.72,
            "percN": 0.0,
            "percU": 916.89,
            "percUNK": 6418.23,
            "l": 0.049649755327276,
            "u": 1.0
        },
        "~a_11": {
            "yes": 235,
            "no": 0,
            "undecided": 543,
            "unknown": 6,
            "pyes": 0.098872955225925,
            "pno": 0.0,
            "pundecided": 0.014338430294635012,
            "punknown": 5.346382897189318e-09,
            "time": 31.386661767959595,
            "delp_calls": 784,
            "percY": 5524.85,
            "percN": 0.0,
            "percU": 12765.93,
            "percUNK": 141.06,
            "l": 0.098872955225925,
            "u": 1.0
        },
        "a_15": {
            "yes": 233,
            "no": 240,
            "undecided": 310,
            "unknown": 0,
            "pyes": 0.04395774624096485,
            "pno": 0.0017445494829373327,
            "pundecided": 0.0019329736116946408,
            "punknown": 0.0,
            "time": 32.34310698509216,
            "delp_calls": 783,
            "percY": 5477.83,
            "percN": 5642.4,
            "percU": 7288.1,
            "percUNK": 0.0,
            "l": 0.04395774624096485,
            "u": 0.9982554505170627
        }
    },
    "data": {
        "n_samples": 2351,
        "time": 900.3122794628143,
        "repeated_programs": 0,
        "inconsistent_programs": 0,
        "worlds_consulted": 2139,
        "delp_calls": 2351
    }
}