{
    "status": {
        "~d_12": {
            "yes": 7253,
            "no": 0,
            "undecided": 0,
            "unknown": 0,
            "pyes": 0.9999999999999996,
            "pno": 0.0,
            "pundecided": 0.0,
            "punknown": 0.0,
            "time": 271.162073135376,
            "delp_calls": 7253,
            "percY": 1515151.7,
            "percN": 0.0,
            "percU": 0.0,
            "percUNK": 0.0,
            "l": 0.9999999999999996,
            "u": 1.0,
            "flag": "INTEREST"
        },
        "~a_8": {
            "yes": 4351,
            "no": 2499,
            "undecided": 0,
            "unknown": 0,
            "pyes": 0.03969999999999999,
            "pno": 0.9602999999999998,
            "pundecided": 0.0,
            "punknown": 0.0,
            "time": 272.25448083877563,
            "delp_calls": 6850,
            "percY": 908923.9,
            "percN": 522041.1,
            "percU": 0.0,
            "percUNK": 0.0,
            "l": 0.03969999999999999,
            "u": 0.03970000000000018,
            "flag": "INTEREST"
        },
        "a_8": {
            "yes": 2468,
            "no": 4319,
            "undecided": 0,
            "unknown": 0,
            "pyes": 0.9602999999999997,
            "pno": 0.0397,
            "pundecided": 0.0,
            "punknown": 0.0,
            "time": 272.0869529247284,
            "delp_calls": 6787,
            "percY": 515565.2,
            "percN": 902239.1,
            "percU": 0.0,
            "percUNK": 0.0,
            "l": 0.9602999999999997,
            "u": 0.9603,
            "flag": "INTEREST"
        }
    },
    "data": {
        "n_samples": 20890,
        "time": 900.059871673584,
        "repeated_programs": 0,
        "inconsistent_programs": 0,
        "worlds_consulted": 384,
        "delp_calls": 20890
    }
}