{
    "status": {
        "a_8": {
            "yes": 2560,
            "no": 0,
            "undecided": 1536,
            "unknown": 0,
            "pyes": 0.914175460000001,
            "pno": 0.0,
            "pundecided": 0.08582454000000005,
            "punknown": 0.0,
            "time": 163.21544694900513,
            "delp_calls": 4096,
            "percY": 240287308.8,
            "percN": 0.0,
            "percU": 144172385.28,
            "percUNK": 0.0,
            "l": 0.914175460000001,
            "u": 1.0,
            "flag": "INTEREST"
        }
    },
    "data": {
        "n_samples": 9386223,
        "time": 300.00000858306885,
        "repeated_worlds": 9382127,
        "repeated_progs": 9382127,
        "unique_progs": 4096,
        "delp_calls": 4096
    }
}