{
    "status": {
        "~a_9": {
            "yes": 63,
            "no": 423,
            "undecided": 2062,
            "unknown": 25,
            "pyes": 3.294539268066522e-05,
            "pno": 0.0035157851468803217,
            "pundecided": 0.010295314408620904,
            "punknown": 4.326289432663309e-08,
            "time": 109.8100209236145,
            "delp_calls": 2573,
            "percY": 1620.99,
            "percN": 10883.79,
            "percU": 53055.26,
            "percUNK": 643.25,
            "l": 3.294539268066522e-05,
            "u": 0.9964842148531197
        }
    },
    "data": {
        "n_samples": 2573,
        "time": 300.05786418914795,
        "repeated_programs": 0,
        "inconsistent_programs": 0,
        "worlds_consulted": 24958,
        "delp_calls": 2573
    }
}