{
    "status": {
        "~a_9": {
            "yes": 289,
            "no": 2755,
            "undecided": 7459,
            "unknown": 61,
            "pyes": 3.849635455708346e-06,
            "pno": 0.004038278359029538,
            "pundecided": 0.006134869349916996,
            "punknown": 2.715457274858396e-11,
            "time": 453.4261531829834,
            "delp_calls": 6618,
            "percY": 31177.32,
            "percN": 297209.4,
            "percU": 804676.92,
            "percUNK": 6580.68,
            "l": 3.849635455708346e-06,
            "u": 0.9959617216409704
        }
    },
    "data": {
        "n_samples": 10788,
        "time": 300.00088381767273,
        "repeated_worlds": 224,
        "repeated_progs": 4170,
        "unique_progs": 6618,
        "delp_calls": 6618
    }
}