{
    "status": {
        "d_29": {
            "yes": 771,
            "no": 0,
            "undecided": 84,
            "unknown": 28,
            "pyes": 0.055249128225549414,
            "pno": 0.0,
            "pundecided": 0.0003908683265641212,
            "punknown": 7.87189090298688e-07,
            "time": 34.92902374267578,
            "delp_calls": 883,
            "percY": 13608.15,
            "percN": 0.0,
            "percU": 1482.6,
            "percUNK": 494.2,
            "l": 0.055249128225549414,
            "u": 1.0
        },
        "a_19": {
            "yes": 150,
            "no": 227,
            "undecided": 426,
            "unknown": 79,
            "pyes": 0.036333104749853434,
            "pno": 0.011542743652324118,
            "pundecided": 0.009030599032711814,
            "punknown": 0.006962604772549624,
            "time": 35.2699921131134,
            "delp_calls": 882,
            "percY": 2647.5,
            "percN": 4006.55,
            "percU": 7518.9,
            "percUNK": 1394.35,
            "l": 0.036333104749853434,
            "u": 0.9884572563476759
        }
    },
    "data": {
        "n_samples": 1765,
        "time": 600.1662027835846,
        "repeated_programs": 0,
        "inconsistent_programs": 0,
        "worlds_consulted": 1604,
        "delp_calls": 1765
    }
}