{
    "status": {
        "d_29": {
            "yes": 3584,
            "no": 0,
            "undecided": 416,
            "unknown": 96,
            "pyes": 0.9971200000000001,
            "pno": 0.0,
            "pundecided": 0.002861847411840003,
            "punknown": 1.8152588160000014e-05,
            "time": 162.74691486358643,
            "delp_calls": 4096,
            "percY": 671753349.12,
            "percN": 0.0,
            "percU": 77971370.88,
            "percUNK": 17993393.28,
            "l": 0.9971200000000001,
            "u": 1.0,
            "flag": "INTEREST"
        },
        "a_19": {
            "yes": 670,
            "no": 994,
            "undecided": 2104,
            "unknown": 328,
            "pyes": 0.7761336491837948,
            "pno": 0.09584518830032483,
            "pundecided": 0.0773285618705719,
            "punknown": 0.05069260064530858,
            "time": 164.32151699066162,
            "delp_calls": 4096,
            "percY": 125578890.6,
            "percN": 186306592.92,
            "percU": 394355202.72,
            "percUNK": 61477427.04,
            "l": 0.7761336491837948,
            "u": 0.9041548116996752,
            "flag": "INTEREST"
        }
    },
    "data": {
        "n_samples": 18743118,
        "time": 600.0000197887421,
        "repeated_worlds": 18734926,
        "repeated_progs": 18734926,
        "unique_progs": 8192,
        "delp_calls": 8192
    }
}