{
    "status": {
        "~d_12": {
            "yes": 1711,
            "no": 0,
            "undecided": 787,
            "unknown": 872,
            "pyes": 0.11268066810536863,
            "pno": 0.0,
            "pundecided": 0.003495317592223453,
            "punknown": 1.1511555907430437e-05,
            "time": 143.10148668289185,
            "delp_calls": 3370,
            "percY": 57660.7,
            "percN": 0.0,
            "percU": 26521.9,
            "percUNK": 29386.4,
            "l": 0.11268066810536863,
            "u": 1.0
        }
    },
    "data": {
        "n_samples": 3370,
        "time": 300.0895473957062,
        "repeated_programs": 0,
        "inconsistent_programs": 0,
        "worlds_consulted": 16314,
        "delp_calls": 3370
    }
}