{
    "status": {
        "d_9": {
            "yes": 2850,
            "no": 0,
            "undecided": 1759,
            "unknown": 0,
            "pyes": 0.07988233371554206,
            "pno": 0.0,
            "pundecided": 0.023498089759299585,
            "punknown": 0.0,
            "time": 194.55504155158997,
            "delp_calls": 6149,
            "percY": 175246.5,
            "percN": 0.0,
            "percU": 108160.91,
            "percUNK": 0.0,
            "l": 0.07988233371554206,
            "u": 1.0
        }
    },
    "data": {
        "n_samples": 6149,
        "time": 300.0437741279602,
        "repeated_programs": 0,
        "inconsistent_programs": 1540,
        "worlds_consulted": 1671,
        "delp_calls": 6149
    }
}