{
    "status": {
        "d_23": {
            "yes": 1746,
            "no": 0,
            "undecided": 606,
            "unknown": 0,
            "pyes": 0.12835411658813672,
            "pno": 0.0,
            "pundecided": 0.01677991510180094,
            "punknown": 0.0,
            "time": 95.71170234680176,
            "delp_calls": 3092,
            "percY": 53986.32,
            "percN": 0.0,
            "percU": 18737.52,
            "percUNK": 0.0,
            "l": 0.12835411658813672,
            "u": 1.0
        }
    },
    "data": {
        "n_samples": 3092,
        "time": 300.0175907611847,
        "repeated_programs": 0,
        "inconsistent_programs": 740,
        "worlds_consulted": 1637,
        "delp_calls": 3092
    }
}