{
    "status": {
        "~d_16": {
            "yes": 147,
            "no": 0,
            "undecided": 58,
            "unknown": 0,
            "pyes": 0.47488633780906675,
            "pno": 0.0,
            "pundecided": 0.31668226174006714,
            "punknown": 0.0,
            "time": 9.627799987792969,
            "delp_calls": 232,
            "percY": 341.04,
            "percN": 0.0,
            "percU": 134.56,
            "percUNK": 0.0,
            "l": 0.47488633780906675,
            "u": 1.0
        }
    },
    "data": {
        "n_samples": 232,
        "time": 60.00818061828613,
        "repeated_programs": 0,
        "inconsistent_programs": 27,
        "worlds_consulted": 9134,
        "delp_calls": 232
    }
}