{
    "status": {
        "a_8": {
            "yes": 1446,
            "no": 240,
            "undecided": 1697,
            "unknown": 0,
            "pyes": 0.08665619238072038,
            "pno": 0.0008836860192796977,
            "pundecided": 0.001640121599999999,
            "punknown": 0.0,
            "time": 138.54274606704712,
            "delp_calls": 6447,
            "percY": 93223.62,
            "percN": 15472.8,
            "percU": 109405.59,
            "percUNK": 0.0,
            "l": 0.08665619238072038,
            "u": 0.9991163139807203
        }
    },
    "data": {
        "n_samples": 6447,
        "time": 300.011394739151,
        "repeated_programs": 0,
        "inconsistent_programs": 3064,
        "worlds_consulted": 512,
        "delp_calls": 6447
    }
}