{
    "status": {
        "~a_3": {
            "yes": 2048,
            "no": 0,
            "undecided": 2048,
            "unknown": 0,
            "pyes": 0.9700000000000001,
            "pno": 0.0,
            "pundecided": 0.029999999999999995,
            "punknown": 0.0,
            "time": 165.98190689086914,
            "delp_calls": 4096,
            "percY": 570994135.04,
            "percN": 0.0,
            "percU": 570994135.04,
            "percUNK": 0.0,
            "l": 0.9700000000000001,
            "u": 1.0,
            "flag": "INTEREST"
        },
        "~a_11": {
            "yes": 2048,
            "no": 0,
            "undecided": 2048,
            "unknown": 0,
            "pyes": 0.9699999999999992,
            "pno": 0.0,
            "pundecided": 0.029999999999999992,
            "punknown": 0.0,
            "time": 165.77715730667114,
            "delp_calls": 4096,
            "percY": 570994135.04,
            "percN": 0.0,
            "percU": 570994135.04,
            "percUNK": 0.0,
            "l": 0.9699999999999992,
            "u": 1.0,
            "flag": "INTEREST"
        },
        "a_17": {
            "yes": 704,
            "no": 320,
            "undecided": 3072,
            "unknown": 0,
            "pyes": 0.8402075462065588,
            "pno": 0.08954346459344159,
            "pundecided": 0.07024898920000004,
            "punknown": 0.0,
            "time": 170.52896690368652,
            "delp_calls": 4096,
            "percY": 196279233.92,
            "percN": 89217833.6,
            "percU": 856491202.56,
            "percUNK": 0.0,
            "l": 0.8402075462065588,
            "u": 0.9104565354065584,
            "flag": "INTEREST"
        }
    },
    "data": {
        "n_samples": 27880573,
        "time": 900.0000381469727,
        "repeated_worlds": 27868285,
        "repeated_progs": 27868285,
        "unique_progs": 12288,
        "delp_calls": 12288
    }
}