{
    "status": {
        "~a_3": {
            "yes": 1258,
            "no": 0,
            "undecided": 1225,
            "unknown": 0,
            "pyes": 0.22024980358437043,
            "pno": 0.0,
            "pundecided": 0.024659980934212837,
            "punknown": 0.0,
            "time": 99.77910161018372,
            "delp_calls": 4948,
            "percY": 184322.16,
            "percN": 0.0,
            "percU": 179487.0,
            "percUNK": 0.0,
            "l": 0.22024980358437043,
            "u": 1.0
        },
        "~a_11": {
            "yes": 1240,
            "no": 0,
            "undecided": 1226,
            "unknown": 0,
            "pyes": 0.2253838138181801,
            "pno": 0.0,
            "pundecided": 0.026781592987832517,
            "punknown": 0.0,
            "time": 98.97439908981323,
            "delp_calls": 4941,
            "percY": 181684.8,
            "percN": 0.0,
            "percU": 179633.52,
            "percUNK": 0.0,
            "l": 0.2253838138181801,
            "u": 1.0
        },
        "a_17": {
            "yes": 811,
            "no": 359,
            "undecided": 1143,
            "unknown": 0,
            "pyes": 0.8143853372714759,
            "pno": 0.08295151287610276,
            "pundecided": 0.050669428860372595,
            "punknown": 0.0,
            "time": 98.66000127792358,
            "delp_calls": 4763,
            "percY": 118827.72,
            "percN": 52600.68,
            "percU": 167472.36,
            "percUNK": 0.0,
            "l": 0.8143853372714759,
            "u": 0.9170484871238972,
            "flag": "INTEREST"
        }
    },
    "data": {
        "n_samples": 14652,
        "time": 900.0986154079437,
        "repeated_programs": 0,
        "inconsistent_programs": 7390,
        "worlds_consulted": 4249,
        "delp_calls": 14652
    }
}