{
    "status": {
        "a_0": {
            "yes": 2016,
            "no": 0,
            "undecided": 0,
            "unknown": 0,
            "pyes": 0.9999999999999998,
            "pno": 0.0,
            "pundecided": 0.0,
            "punknown": 0.0,
            "time": 91.6340000629425,
            "delp_calls": 2016,
            "percY": 81527.04,
            "percN": 0.0,
            "percU": 0.0,
            "percUNK": 0.0,
            "l": 0.9999999999999998,
            "u": 1.0,
            "flag": "INTEREST"
        },
        "a_5": {
            "yes": 2028,
            "no": 0,
            "undecided": 0,
            "unknown": 0,
            "pyes": 0.9999999999999999,
            "pno": 0.0,
            "pundecided": 0.0,
            "punknown": 0.0,
            "time": 93.50791621208191,
            "delp_calls": 2028,
            "percY": 82012.32,
            "percN": 0.0,
            "percU": 0.0,
            "percUNK": 0.0,
            "l": 0.9999999999999999,
            "u": 1.0,
            "flag": "INTEREST"
        }
    },
    "data": {
        "n_samples": 4044,
        "time": 600.2921857833862,
        "repeated_programs": 0,
        "inconsistent_programs": 0,
        "worlds_consulted": 32768,
        "delp_calls": 4044
    }
}