{
    "status": {
        "a_5": {
            "yes": 1372,
            "no": 0,
            "undecided": 91,
            "unknown": 1121,
            "pyes": 0.013884419963047404,
            "pno": 0.0,
            "pundecided": 0.0019466479305768507,
            "punknown": 0.002612572274766057,
            "time": 106.78773641586304,
            "delp_calls": 2584,
            "percY": 35452.48,
            "percN": 0.0,
            "percU": 2351.44,
            "percUNK": 28966.64,
            "l": 0.013884419963047404,
            "u": 1.0
        }
    },
    "data": {
        "n_samples": 2584,
        "time": 300.1427369117737,
        "repeated_programs": 0,
        "inconsistent_programs": 0,
        "worlds_consulted": 26063,
        "delp_calls": 2584
    }
}