{
    "status": {
        "d_12": {
            "yes": 312941,
            "no": 0,
            "undecided": 313732,
            "unknown": 0,
            "pyes": 0.02895814734770213,
            "pno": 0.0,
            "pundecided": 0.00870015136972215,
            "punknown": 0.0,
            "time": 26149.604424715042,
            "delp_calls": 1024,
            "percY": 5676480610.74,
            "percN": 0.0,
            "percU": 5690828670.48,
            "percUNK": 0.0,
            "l": 0.02895814734770213,
            "u": 1.0
        },
        "~a_8": {
            "yes": 222094,
            "no": 74480,
            "undecided": 296957,
            "unknown": 0,
            "pyes": 0.024528947774751255,
            "pno": 0.00026791913640709366,
            "pundecided": 0.012885584935792642,
            "punknown": 0.0,
            "time": 31325.22943711281,
            "delp_calls": 1024,
            "percY": 4028594159.16,
            "percN": 1351003147.2,
            "percU": 5386544596.98,
            "percUNK": 0.0,
            "l": 0.024528947774751255,
            "u": 0.9997320808635929
        },
        "a_8": {
            "yes": 70222,
            "no": 210704,
            "undecided": 280500,
            "unknown": 0,
            "pyes": 0.00037493343251051583,
            "pno": 0.02147532702950054,
            "pundecided": 0.012569779487114182,
            "punknown": 0.0,
            "time": 34627.56039214134,
            "delp_calls": 1024,
            "percY": 1273766689.08,
            "percN": 3821989354.56,
            "percU": 5088028770.0,
            "percUNK": 0.0,
            "l": 0.00037493343251051583,
            "u": 0.9785246729704995
        }
    },
    "data": {
        "n_samples": 1813914,
        "time": 900.0003483295441,
        "repeated_worlds": 32284,
        "repeated_progs": 1810842,
        "unique_progs": 3072,
        "delp_calls": 3072
    }
}