{
    "status": {
        "d_12": {
            "yes": 1767,
            "no": 0,
            "undecided": 1691,
            "unknown": 24,
            "pyes": 0.4777443335126779,
            "pno": 0.0,
            "pundecided": 0.12179871286529113,
            "punknown": 0.0026768715996888614,
            "time": 166.22960591316223,
            "delp_calls": 5660,
            "percY": 300107.28,
            "percN": 0.0,
            "percU": 287199.44,
            "percUNK": 4076.16,
            "l": 0.4777443335126779,
            "u": 1.0
        },
        "~a_8": {
            "yes": 2462,
            "no": 1107,
            "undecided": 0,
            "unknown": 9,
            "pyes": 0.6005711458746904,
            "pno": 0.010221362608469958,
            "pundecided": 0.0,
            "punknown": 7.564742590352964e-05,
            "time": 170.4472074508667,
            "delp_calls": 5680,
            "percY": 418146.08,
            "percN": 188012.88,
            "percU": 0.0,
            "percUNK": 1528.56,
            "l": 0.6005711458746904,
            "u": 0.98977863739153,
            "flag": "INTEREST"
        },
        "a_8": {
            "yes": 1072,
            "no": 2454,
            "undecided": 0,
            "unknown": 10,
            "pyes": 0.01106658559052883,
            "pno": 0.6015124888384915,
            "pundecided": 0.0,
            "punknown": 0.00010305536908790849,
            "time": 169.50105452537537,
            "delp_calls": 5644,
            "percY": 182068.48,
            "percN": 416787.36,
            "percU": 0.0,
            "percUNK": 1698.4,
            "l": 0.01106658559052883,
            "u": 0.3984875111615085,
            "flag": "INTEREST"
        }
    },
    "data": {
        "n_samples": 16984,
        "time": 900.047801733017,
        "repeated_programs": 0,
        "inconsistent_programs": 6388,
        "worlds_consulted": 1526,
        "delp_calls": 16984
    }
}