{
    "status": {
        "d_17": {
            "yes": 79079,
            "no": 0,
            "undecided": 0,
            "unknown": 0,
            "pyes": 0.21969741538950557,
            "pno": 0.0,
            "pundecided": 0.0,
            "punknown": 0.0,
            "time": 3708.0874695777893,
            "delp_calls": 496,
            "percY": 74543819.35,
            "percN": 0.0,
            "percU": 0.0,
            "percUNK": 0.0,
            "l": 0.21969741538950557,
            "u": 1.0
        }
    },
    "data": {
        "n_samples": 94265,
        "time": 60.00035810470581,
        "repeated_worlds": 15186,
        "repeated_progs": 93769,
        "unique_progs": 496,
        "delp_calls": 496
    }
}