{
    "status": {
        "d_22": {
            "yes": 777,
            "no": 0,
            "undecided": 0,
            "unknown": 0,
            "pyes": 0.0504554960759714,
            "pno": 0.0,
            "pundecided": 0.0,
            "punknown": 0.0,
            "time": 32.0110764503479,
            "delp_calls": 777,
            "percY": 17288.25,
            "percN": 0.0,
            "percU": 0.0,
            "percUNK": 0.0,
            "l": 0.0504554960759714,
            "u": 1.0
        },
        "a_16": {
            "yes": 367,
            "no": 359,
            "undecided": 0,
            "unknown": 0,
            "pyes": 0.6906041603589561,
            "pno": 0.0003296207127464837,
            "pundecided": 0.0,
            "punknown": 0.0,
            "time": 34.19834351539612,
            "delp_calls": 726,
            "percY": 8165.75,
            "percN": 7987.75,
            "percU": 0.0,
            "percUNK": 0.0,
            "l": 0.6906041603589561,
            "u": 0.9996703792872536,
            "flag": "INTEREST"
        },
        "a_17": {
            "yes": 719,
            "no": 3,
            "undecided": 0,
            "unknown": 0,
            "pyes": 0.7215319190262443,
            "pno": 8.034432263424002e-09,
            "pundecided": 0.0,
            "punknown": 0.0,
            "time": 33.92607307434082,
            "delp_calls": 722,
            "percY": 15997.75,
            "percN": 66.75,
            "percU": 0.0,
            "percUNK": 0.0,
            "l": 0.7215319190262443,
            "u": 0.9999999919655678,
            "flag": "INTEREST"
        }
    },
    "data": {
        "n_samples": 2225,
        "time": 180.10763716697693,
        "repeated_programs": 0,
        "inconsistent_programs": 0,
        "worlds_consulted": 2357,
        "delp_calls": 2225
    }
}