{
    "status": {
        "d_55": {
            "yes": 703,
            "no": 0,
            "undecided": 201,
            "unknown": 0,
            "pyes": 0.013454607462290245,
            "pno": 0.0,
            "pundecided": 0.0,
            "punknown": 0.0,
            "time": 36.78517961502075,
            "delp_calls": 3996,
            "percY": 28091.88,
            "percN": 0.0,
            "percU": 8031.96,
            "percUNK": 0.0,
            "l": 0.013454607462290245,
            "u": 1.0
        }
    },
    "data": {
        "n_samples": 3996,
        "time": 300.0376455783844,
        "repeated_programs": 0,
        "inconsistent_programs": 3092,
        "worlds_consulted": 726,
        "delp_calls": 3996
    }
}