{
    "status": {
        "d_10": {
            "yes": 429148,
            "no": 0,
            "undecided": 142629,
            "unknown": 0,
            "pyes": 0.021839784189696093,
            "pno": 0.0,
            "pundecided": 0.010355159782588184,
            "punknown": 0.0,
            "time": 26540.638122558594,
            "delp_calls": 640,
            "percY": 4954904184.68,
            "percN": 0.0,
            "percU": 1646781597.39,
            "percUNK": 0.0,
            "l": 0.021839784189696093,
            "u": 1.0
        },
        "~a_8": {
            "yes": 13031,
            "no": 317969,
            "undecided": 232231,
            "unknown": 0,
            "pyes": 0.0010395535537255486,
            "pno": 0.01742570420900237,
            "pundecided": 0.009478996650283273,
            "punknown": 0.0,
            "time": 30851.98016643524,
            "delp_calls": 640,
            "percY": 150454753.21,
            "percN": 3671241456.79,
            "percU": 2681318225.21,
            "percUNK": 0.0,
            "l": 0.0010395535537255486,
            "u": 0.9825742957909976
        }
    },
    "data": {
        "n_samples": 1154591,
        "time": 600.0005164146423,
        "repeated_worlds": 19583,
        "repeated_progs": 1153311,
        "unique_progs": 1280,
        "delp_calls": 1280
    }
}