{
    "status": {
        "a_10": {
            "yes": 3400,
            "no": 0,
            "undecided": 0,
            "unknown": 776,
            "pyes": 0.9345670715013358,
            "pno": 0.0,
            "pundecided": 0.0,
            "punknown": 0.0017442877020027038,
            "time": 166.02061104774475,
            "delp_calls": 4176,
            "percY": 270470.0,
            "percN": 0.0,
            "percU": 0.0,
            "percUNK": 61730.8,
            "l": 0.9345670715013358,
            "u": 1.0,
            "flag": "INTEREST"
        },
        "a_16": {
            "yes": 2380,
            "no": 0,
            "undecided": 1399,
            "unknown": 0,
            "pyes": 0.8045837695229939,
            "pno": 0.0,
            "pundecided": 0.007507389385394024,
            "punknown": 0.0,
            "time": 178.4601809978485,
            "delp_calls": 3779,
            "percY": 189329.0,
            "percN": 0.0,
            "percU": 111290.45,
            "percUNK": 0.0,
            "l": 0.8045837695229939,
            "u": 1.0,
            "flag": "INTEREST"
        }
    },
    "data": {
        "n_samples": 7955,
        "time": 600.0679919719696,
        "repeated_programs": 0,
        "inconsistent_programs": 0,
        "worlds_consulted": 5959,
        "delp_calls": 7955
    }
}