{
    "status": {
        "a_10": {
            "yes": 3072,
            "no": 0,
            "undecided": 0,
            "unknown": 1024,
            "pyes": 0.9980345529999981,
            "pno": 0.0,
            "pundecided": 0.0,
            "punknown": 0.001965447000000001,
            "time": 163.91585612297058,
            "delp_calls": 3028,
            "percY": 669205432.32,
            "percN": 0.0,
            "percU": 0.0,
            "percUNK": 223068477.44,
            "l": 0.9980345529999981,
            "u": 1.0,
            "flag": "INTEREST"
        },
        "a_16": {
            "yes": 2304,
            "no": 0,
            "undecided": 1792,
            "unknown": 0,
            "pyes": 0.9903986462610975,
            "pno": 0.0,
            "pundecided": 0.009601353738903008,
            "punknown": 0.0,
            "time": 192.99595284461975,
            "delp_calls": 3028,
            "percY": 501904074.24,
            "percN": 0.0,
            "percU": 390369835.52,
            "percUNK": 0.0,
            "l": 0.9903986462610975,
            "u": 1.0,
            "flag": "INTEREST"
        }
    },
    "data": {
        "n_samples": 21784031,
        "time": 600.0000193119049,
        "repeated_worlds": 21775839,
        "repeated_progs": 21777975,
        "unique_progs": 6056,
        "delp_calls": 6056
    }
}