{
    "status": {
        "d_54": {
            "yes": 2048,
            "no": 0,
            "undecided": 2048,
            "unknown": 0,
            "pyes": 0.9199999999999996,
            "pno": 0.0,
            "pundecided": 0.07999999999999984,
            "punknown": 0.0,
            "time": 166.50841784477234,
            "delp_calls": 4096,
            "percY": 189348720.64,
            "percN": 0.0,
            "percU": 189348720.64,
            "percUNK": 0.0,
            "l": 0.9199999999999996,
            "u": 1.0,
            "flag": "INTEREST"
        }
    },
    "data": {
        "n_samples": 9245543,
        "time": 300.0000047683716,
        "repeated_worlds": 9241447,
        "repeated_progs": 9241447,
        "unique_progs": 4096,
        "delp_calls": 4096
    }
}