{
    "status": {
        "~a_1": {
            "yes": 4096,
            "no": 0,
            "undecided": 0,
            "unknown": 0,
            "pyes": 0.9999999999999999,
            "pno": 0.0,
            "pundecided": 0.0,
            "punknown": 0.0,
            "time": 228.39154052734375,
            "delp_calls": 12,
            "percY": 1395926507.52,
            "percN": 0.0,
            "percU": 0.0,
            "percUNK": 0.0,
            "l": 0.9999999999999999,
            "u": 1.0,
            "flag": "INTEREST"
        },
        "a_6": {
            "yes": 1024,
            "no": 0,
            "undecided": 0,
            "unknown": 3072,
            "pyes": 0.7714174344724682,
            "pno": 0.0,
            "pundecided": 0.0,
            "punknown": 0.22858256552753187,
            "time": 216.47433471679688,
            "delp_calls": 12,
            "percY": 348981626.88,
            "percN": 0.0,
            "percU": 0.0,
            "percUNK": 1046944880.64,
            "l": 0.7714174344724682,
            "u": 1.0,
            "flag": "INTEREST"
        }
    },
    "data": {
        "n_samples": 34080237,
        "time": 600.0000143051147,
        "repeated_worlds": 34072045,
        "repeated_progs": 34080213,
        "unique_progs": 24,
        "delp_calls": 24
    }
}