{
    "status": {
        "d_12": {
            "yes": 3770,
            "no": 0,
            "undecided": 0,
            "unknown": 0,
            "pyes": 0.00029470827263224114,
            "pno": 0.0,
            "pundecided": 0.0,
            "punknown": 0.0,
            "time": 170.5538740158081,
            "delp_calls": 1233,
            "percY": 416585.0,
            "percN": 0.0,
            "percU": 0.0,
            "percUNK": 0.0,
            "l": 0.00029470827263224114,
            "u": 1.0
        },
        "~a_7": {
            "yes": 995,
            "no": 1672,
            "undecided": 905,
            "unknown": 0,
            "pyes": 0.0001447644708915625,
            "pno": 5.9387252100788235e-05,
            "pundecided": 1.3032439399700588e-05,
            "punknown": 0.0,
            "time": 166.3626925945282,
            "delp_calls": 1199,
            "percY": 109947.5,
            "percN": 184756.0,
            "percU": 100002.5,
            "percUNK": 0.0,
            "l": 0.0001447644708915625,
            "u": 0.9999406127478992
        },
        "~a_8": {
            "yes": 841,
            "no": 1923,
            "undecided": 902,
            "unknown": 41,
            "pyes": 3.614038622454471e-05,
            "pno": 5.6235271660046434e-05,
            "pundecided": 1.4320815635687615e-05,
            "punknown": 4.687461878048167e-09,
            "time": 169.197678565979,
            "delp_calls": 1228,
            "percY": 92930.5,
            "percN": 212491.5,
            "percU": 99671.0,
            "percUNK": 4530.5,
            "l": 3.614038622454471e-05,
            "u": 0.9999437647283399
        }
    },
    "data": {
        "n_samples": 11050,
        "time": 180.02486658096313,
        "repeated_worlds": 1,
        "repeated_progs": 7390,
        "unique_progs": 3660,
        "delp_calls": 3660
    }
}