{
    "status": {
        "a_16": {
            "yes": 0,
            "no": 3704,
            "undecided": 392,
            "unknown": 0,
            "pyes": 0.0,
            "pno": 0.867111395862889,
            "pundecided": 0.1328886041371116,
            "punknown": 0.0,
            "time": 198.55915451049805,
            "delp_calls": 3712,
            "percY": 0.0,
            "percN": 315131875.2,
            "percU": 33350889.6,
            "percUNK": 0.0,
            "l": 0.0,
            "u": 0.132888604137111,
            "flag": "INTEREST"
        }
    },
    "data": {
        "n_samples": 8507880,
        "time": 300.0000100135803,
        "repeated_worlds": 8503784,
        "repeated_progs": 8504168,
        "unique_progs": 3712,
        "delp_calls": 3712
    }
}