{
    "status": {
        "~a_12": {
            "yes": 2240,
            "no": 0,
            "undecided": 1344,
            "unknown": 512,
            "pyes": 0.8604039279803211,
            "pno": 0.0,
            "pundecided": 0.1305982824706801,
            "punknown": 0.008997789549000006,
            "time": 165.27064752578735,
            "delp_calls": 4092,
            "percY": 202988105.6,
            "percN": 0.0,
            "percU": 121792863.36,
            "percUNK": 46397281.28,
            "l": 0.8604039279803211,
            "u": 1.0,
            "flag": "INTEREST"
        }
    },
    "data": {
        "n_samples": 9061969,
        "time": 300.00001072883606,
        "repeated_worlds": 9057873,
        "repeated_progs": 9057877,
        "unique_progs": 4092,
        "delp_calls": 4092
    }
}