{
    "status": {
        "d_9": {
            "yes": 2011,
            "no": 0,
            "undecided": 1986,
            "unknown": 0,
            "pyes": 0.8086259814884357,
            "pno": 0.0,
            "pundecided": 0.19137401851156463,
            "punknown": 0.0,
            "time": 180.93393778800964,
            "delp_calls": 3997,
            "percY": 159995.16,
            "percN": 0.0,
            "percU": 158006.16,
            "percUNK": 0.0,
            "l": 0.8086259814884357,
            "u": 1.0,
            "flag": "INTEREST"
        },
        "a_8": {
            "yes": 2430,
            "no": 1529,
            "undecided": 0,
            "unknown": 0,
            "pyes": 0.8970504120724806,
            "pno": 0.10294958792751961,
            "pundecided": 0.0,
            "punknown": 0.0,
            "time": 181.4593915939331,
            "delp_calls": 3959,
            "percY": 193330.8,
            "percN": 121647.24,
            "percU": 0.0,
            "percUNK": 0.0,
            "l": 0.8970504120724806,
            "u": 0.8970504120724804,
            "flag": "INTEREST"
        }
    },
    "data": {
        "n_samples": 7956,
        "time": 600.0620493888855,
        "repeated_programs": 0,
        "inconsistent_programs": 0,
        "worlds_consulted": 16384,
        "delp_calls": 7956
    }
}