{
    "status": {
        "d_9": {
            "yes": 482864,
            "no": 0,
            "undecided": 161193,
            "unknown": 0,
            "pyes": 0.028852910536901075,
            "pno": 0.0,
            "pundecided": 0.008147500493828777,
            "punknown": 0.0,
            "time": 27909.520723104477,
            "delp_calls": 256,
            "percY": 6265228000.96,
            "percN": 0.0,
            "percU": 2091501742.02,
            "percUNK": 0.0,
            "l": 0.028852910536901075,
            "u": 1.0
        },
        "a_8": {
            "yes": 422859,
            "no": 205723,
            "undecided": 0,
            "unknown": 0,
            "pyes": 0.03356006894388949,
            "pno": 0.003343404611102595,
            "pundecided": 0.0,
            "punknown": 0.0,
            "time": 33692.73920726776,
            "delp_calls": 256,
            "percY": 5486654725.26,
            "percN": 2669284726.22,
            "percU": 0.0,
            "percUNK": 0.0,
            "l": 0.03356006894388949,
            "u": 0.9966565953888974
        }
    },
    "data": {
        "n_samples": 1297514,
        "time": 600.0001354217529,
        "repeated_worlds": 24875,
        "repeated_progs": 1297002,
        "unique_progs": 512,
        "delp_calls": 512
    }
}