{
    "status": {
        "a_9": {
            "yes": 300,
            "no": 196,
            "undecided": 0,
            "unknown": 0,
            "pyes": 0.07498677277825719,
            "pno": 0.0809319945711674,
            "pundecided": 0.0,
            "punknown": 0.0,
            "time": 22.895514726638794,
            "delp_calls": 496,
            "percY": 1488.0,
            "percN": 972.16,
            "percU": 0.0,
            "percUNK": 0.0,
            "l": 0.07498677277825719,
            "u": 0.9190680054288326
        }
    },
    "data": {
        "n_samples": 496,
        "time": 300.2619037628174,
        "repeated_programs": 0,
        "inconsistent_programs": 0,
        "worlds_consulted": 44976,
        "delp_calls": 496
    }
}