{
    "status": {
        "a_9": {
            "yes": 254783,
            "no": 85248,
            "undecided": 0,
            "unknown": 0,
            "pyes": 0.0107387989242108,
            "pno": 0.010086152679800179,
            "pundecided": 0.0,
            "punknown": 0.0,
            "time": 15801.728554487228,
            "delp_calls": 2688,
            "percY": 875470057.62,
            "percN": 292924062.72,
            "percU": 0.0,
            "percUNK": 0.0,
            "l": 0.0107387989242108,
            "u": 0.9899138473201998
        }
    },
    "data": {
        "n_samples": 343614,
        "time": 300.00043177604675,
        "repeated_worlds": 3583,
        "repeated_progs": 340926,
        "unique_progs": 2688,
        "delp_calls": 2688
    }
}