{
    "status": {
        "a_14": {
            "yes": 819,
            "no": 0,
            "undecided": 0,
            "unknown": 0,
            "pyes": 5.96780165150548e-07,
            "pno": 0.0,
            "pundecided": 0.0,
            "punknown": 0.0,
            "time": 34.38552951812744,
            "delp_calls": 2490,
            "percY": 40065.48,
            "percN": 0.0,
            "percU": 0.0,
            "percUNK": 0.0,
            "l": 5.96780165150548e-07,
            "u": 1.0
        },
        "~a_21": {
            "yes": 699,
            "no": 51,
            "undecided": 0,
            "unknown": 0,
            "pyes": 1.3241222665243766e-05,
            "pno": 0.0,
            "pundecided": 0.0,
            "punknown": 0.0,
            "time": 35.535552978515625,
            "delp_calls": 2402,
            "percY": 34195.08,
            "percN": 2494.92,
            "percU": 0.0,
            "percUNK": 0.0,
            "l": 1.3241222665243766e-05,
            "u": 1.0
        }
    },
    "data": {
        "n_samples": 4892,
        "time": 600.0840604305267,
        "repeated_programs": 0,
        "inconsistent_programs": 3323,
        "worlds_consulted": 2349,
        "delp_calls": 4892
    }
}