{
    "status": {
        "a_16": {
            "yes": 240,
            "no": 7,
            "undecided": 874,
            "unknown": 0,
            "pyes": 0.000152458197301979,
            "pno": 9.968951164036398e-11,
            "pundecided": 0.0002352386076790807,
            "punknown": 0.0,
            "time": 57.06279444694519,
            "delp_calls": 1119,
            "percY": 2692.8,
            "percN": 78.54,
            "percU": 9806.28,
            "percUNK": 0.0,
            "l": 0.000152458197301979,
            "u": 0.9999999999003105
        }
    },
    "data": {
        "n_samples": 1122,
        "time": 60.04236602783203,
        "repeated_worlds": 1,
        "repeated_progs": 3,
        "unique_progs": 1119,
        "delp_calls": 1119
    }
}