{
    "status": {
        "~a_5": {
            "yes": 324093,
            "no": 0,
            "undecided": 323366,
            "unknown": 0,
            "pyes": 0.028975525581416264,
            "pno": 0.0,
            "pundecided": 0.008589930125579966,
            "punknown": 0.0,
            "time": 28196.094973564148,
            "delp_calls": 512,
            "percY": 2139856441.8,
            "percN": 0.0,
            "percU": 2135056351.6,
            "percUNK": 0.0,
            "l": 0.028975525581416264,
            "u": 1.0
        }
    },
    "data": {
        "n_samples": 660260,
        "time": 300.00036120414734,
        "repeated_worlds": 12801,
        "repeated_progs": 659748,
        "unique_progs": 512,
        "delp_calls": 512
    }
}