{
    "status": {
        "~a_5": {
            "yes": 2047,
            "no": 0,
            "undecided": 1794,
            "unknown": 0,
            "pyes": 0.24176406418,
            "pno": 0.0,
            "pundecided": 0.09823593582,
            "punknown": 0.0,
            "time": 167.1412923336029,
            "delp_calls": 6197,
            "percY": 126852.59,
            "percN": 0.0,
            "percU": 111174.18,
            "percUNK": 0.0,
            "l": 0.24176406418,
            "u": 1.0
        }
    },
    "data": {
        "n_samples": 6197,
        "time": 300.00648188591003,
        "repeated_programs": 0,
        "inconsistent_programs": 2356,
        "worlds_consulted": 256,
        "delp_calls": 6197
    }
}