{
    "status": {
        "d_16": {
            "yes": 4096,
            "no": 0,
            "undecided": 0,
            "unknown": 0,
            "pyes": 1.0000000000000009,
            "pno": 0.0,
            "pundecided": 0.0,
            "punknown": 0.0,
            "time": 156.71596145629883,
            "delp_calls": 66,
            "percY": 2698178846.72,
            "percN": 0.0,
            "percU": 0.0,
            "percUNK": 0.0,
            "l": 1.0000000000000009,
            "u": 1.0,
            "flag": "INTEREST"
        },
        "a_8": {
            "yes": 3328,
            "no": 768,
            "undecided": 0,
            "unknown": 0,
            "pyes": 0.9455826610720003,
            "pno": 0.054417338927999895,
            "pundecided": 0.0,
            "punknown": 0.0,
            "time": 158.29772186279297,
            "delp_calls": 66,
            "percY": 2192270312.96,
            "percN": 505908533.76,
            "percU": 0.0,
            "percUNK": 0.0,
            "l": 0.9455826610720003,
            "u": 0.9455826610720001,
            "flag": "INTEREST"
        },
        "~a_8": {
            "yes": 768,
            "no": 3328,
            "undecided": 0,
            "unknown": 0,
            "pyes": 0.054417338927999936,
            "pno": 0.9455826610720014,
            "pundecided": 0.0,
            "punknown": 0.0,
            "time": 159.43117904663086,
            "delp_calls": 66,
            "percY": 505908533.76,
            "percN": 2192270312.96,
            "percU": 0.0,
            "percUNK": 0.0,
            "l": 0.054417338927999936,
            "u": 0.054417338927998604,
            "flag": "INTEREST"
        }
    },
    "data": {
        "n_samples": 65873507,
        "time": 900.0000281333923,
        "repeated_worlds": 65861219,
        "repeated_progs": 65873309,
        "unique_progs": 198,
        "delp_calls": 198
    }
}