{
    "status": {
        "~d_12": {
            "yes": 4096,
            "no": 0,
            "undecided": 0,
            "unknown": 0,
            "pyes": 1.0000000000000022,
            "pno": 0.0,
            "pundecided": 0.0,
            "punknown": 0.0,
            "time": 162.8857421875,
            "delp_calls": 64,
            "percY": 904475729.92,
            "percN": 0.0,
            "percU": 0.0,
            "percUNK": 0.0,
            "l": 1.0000000000000022,
            "u": 1.0,
            "flag": "INTEREST"
        }
    },
    "data": {
        "n_samples": 22081927,
        "time": 300.00000405311584,
        "repeated_worlds": 22077831,
        "repeated_progs": 22081863,
        "unique_progs": 64,
        "delp_calls": 64
    }
}