{
    "status": {
        "~d_12": {
            "yes": 3289,
            "no": 0,
            "undecided": 0,
            "unknown": 0,
            "pyes": 0.031999999999999994,
            "pno": 0.0,
            "pundecided": 0.0,
            "punknown": 0.0,
            "time": 133.9162621498108,
            "delp_calls": 6582,
            "percY": 216481.98,
            "percN": 0.0,
            "percU": 0.0,
            "percUNK": 0.0,
            "l": 0.031999999999999994,
            "u": 1.0
        }
    },
    "data": {
        "n_samples": 6582,
        "time": 300.019145488739,
        "repeated_programs": 0,
        "inconsistent_programs": 3293,
        "worlds_consulted": 32,
        "delp_calls": 6582
    }
}