{
    "status": {
        "~d_44": {
            "yes": 391,
            "no": 0,
            "undecided": 0,
            "unknown": 0,
            "pyes": 0.005737602525877414,
            "pno": 0.0,
            "pundecided": 0.0,
            "punknown": 0.0,
            "time": 17.9434494972229,
            "delp_calls": 524,
            "percY": 4105.5,
            "percN": 0.0,
            "percU": 0.0,
            "percUNK": 0.0,
            "l": 0.005737602525877414,
            "u": 1.0
        },
        "a_17": {
            "yes": 317,
            "no": 23,
            "undecided": 64,
            "unknown": 0,
            "pyes": 0.10638207920532115,
            "pno": 1.8455024249319163e-06,
            "pundecided": 1.8085788021449825e-05,
            "punknown": 0.0,
            "time": 18.887686014175415,
            "delp_calls": 526,
            "percY": 3328.5,
            "percN": 241.5,
            "percU": 672.0,
            "percUNK": 0.0,
            "l": 0.10638207920532115,
            "u": 0.9999981544975751
        }
    },
    "data": {
        "n_samples": 1050,
        "time": 120.11082696914673,
        "repeated_programs": 0,
        "inconsistent_programs": 255,
        "worlds_consulted": 751,
        "delp_calls": 1050
    }
}