{
    "status": {
        "~d_14": {
            "yes": 494,
            "no": 0,
            "undecided": 413,
            "unknown": 29,
            "pyes": 0.821187853558588,
            "pno": 0.0,
            "pundecided": 0.0020406799879954065,
            "punknown": 0.0003782065673068155,
            "time": 37.149471282958984,
            "delp_calls": 936,
            "percY": 4623.84,
            "percN": 0.0,
            "percU": 3865.68,
            "percUNK": 271.44,
            "l": 0.821187853558588,
            "u": 1.0,
            "flag": "INTEREST"
        }
    },
    "data": {
        "n_samples": 936,
        "time": 60.02618908882141,
        "repeated_programs": 0,
        "inconsistent_programs": 0,
        "worlds_consulted": 1820,
        "delp_calls": 936
    }
}