{
    "status": {
        "~d_54": {
            "yes": 2560,
            "no": 0,
            "undecided": 896,
            "unknown": 640,
            "pyes": 0.9533281196900011,
            "pno": 0.0,
            "pundecided": 0.0015057546929999985,
            "punknown": 0.04516612561700001,
            "time": 164.67853021621704,
            "delp_calls": 4096,
            "percY": 238626611.2,
            "percN": 0.0,
            "percU": 83519313.92,
            "percUNK": 59656652.8,
            "l": 0.9533281196900011,
            "u": 1.0,
            "flag": "INTEREST"
        }
    },
    "data": {
        "n_samples": 9321352,
        "time": 300.00000500679016,
        "repeated_worlds": 9317256,
        "repeated_progs": 9317256,
        "unique_progs": 4096,
        "delp_calls": 4096
    }
}