{
    "status": {
        "d_14": {
            "yes": 67226,
            "no": 0,
            "undecided": 22256,
            "unknown": 0,
            "pyes": 0.6925215051773506,
            "pno": 0.0,
            "pundecided": 0.0,
            "punknown": 0.0,
            "time": 4316.488787651062,
            "delp_calls": 429,
            "percY": 73615831.3,
            "percN": 0.0,
            "percU": 24371432.8,
            "percUNK": 0.0,
            "l": 0.6925215051773506,
            "u": 1.0,
            "flag": "INTEREST"
        }
    },
    "data": {
        "n_samples": 109505,
        "time": 60.000219106674194,
        "repeated_worlds": 20023,
        "repeated_progs": 109076,
        "unique_progs": 429,
        "delp_calls": 429
    }
}