{
    "status": {
        "d_14": {
            "yes": 530,
            "no": 0,
            "undecided": 211,
            "unknown": 0,
            "pyes": 0.3420561227782358,
            "pno": 0.0,
            "pundecided": 0.0,
            "punknown": 0.0,
            "time": 34.168933629989624,
            "delp_calls": 741,
            "percY": 3927.3,
            "percN": 0.0,
            "percU": 1563.51,
            "percUNK": 0.0,
            "l": 0.3420561227782358,
            "u": 1.0
        }
    },
    "data": {
        "n_samples": 741,
        "time": 60.201085329055786,
        "repeated_programs": 0,
        "inconsistent_programs": 0,
        "worlds_consulted": 6662,
        "delp_calls": 741
    }
}