{
    "status": {
        "~d_9": {
            "yes": 731,
            "no": 0,
            "undecided": 83,
            "unknown": 69,
            "pyes": 0.12467775764671699,
            "pno": 0.0,
            "pundecided": 3.863924261976912e-05,
            "punknown": 6.915390345002944e-05,
            "time": 37.6797411441803,
            "delp_calls": 883,
            "percY": 19400.74,
            "percN": 0.0,
            "percU": 2202.82,
            "percUNK": 1831.26,
            "l": 0.12467775764671699,
            "u": 1.0
        },
        "a_5": {
            "yes": 597,
            "no": 0,
            "undecided": 140,
            "unknown": 152,
            "pyes": 0.8092954752273473,
            "pno": 0.0,
            "pundecided": 0.02454712797336546,
            "punknown": 4.531214813560959e-05,
            "time": 37.62223815917969,
            "delp_calls": 889,
            "percY": 15844.38,
            "percN": 0.0,
            "percU": 3715.6,
            "percUNK": 4034.08,
            "l": 0.8092954752273473,
            "u": 1.0,
            "flag": "INTEREST"
        },
        "~a_8": {
            "yes": 110,
            "no": 297,
            "undecided": 447,
            "unknown": 28,
            "pyes": 0.0015341641408154179,
            "pno": 0.05965141340937057,
            "pundecided": 0.05833786605442171,
            "punknown": 0.004523163467728093,
            "time": 37.675875425338745,
            "delp_calls": 882,
            "percY": 2919.4,
            "percN": 7882.38,
            "percU": 11863.38,
            "percUNK": 743.12,
            "l": 0.0015341641408154179,
            "u": 0.9403485865906295
        }
    },
    "data": {
        "n_samples": 2654,
        "time": 180.03689336776733,
        "repeated_programs": 0,
        "inconsistent_programs": 0,
        "worlds_consulted": 4718,
        "delp_calls": 2654
    }
}