{
    "status": {
        "a_0": {
            "yes": 1767,
            "no": 0,
            "undecided": 1578,
            "unknown": 0,
            "pyes": 0.147411177352641,
            "pno": 0.0,
            "pundecided": 0.12823713951045204,
            "punknown": 0.0,
            "time": 150.82862734794617,
            "delp_calls": 5849,
            "percY": 203841.12,
            "percN": 0.0,
            "percU": 182038.08,
            "percUNK": 0.0,
            "l": 0.147411177352641,
            "u": 1.0
        },
        "~a_5": {
            "yes": 1602,
            "no": 0,
            "undecided": 1636,
            "unknown": 0,
            "pyes": 0.14210042801300915,
            "pno": 0.0,
            "pundecided": 0.12776773597088767,
            "punknown": 0.0,
            "time": 149.96751070022583,
            "delp_calls": 5687,
            "percY": 184806.72,
            "percN": 0.0,
            "percU": 188728.96,
            "percUNK": 0.0,
            "l": 0.14210042801300915,
            "u": 1.0
        }
    },
    "data": {
        "n_samples": 11536,
        "time": 600.0159478187561,
        "repeated_programs": 0,
        "inconsistent_programs": 4953,
        "worlds_consulted": 1936,
        "delp_calls": 11536
    }
}