{
    "status": {
        "a_0": {
            "yes": 254666,
            "no": 0,
            "undecided": 255578,
            "unknown": 0,
            "pyes": 0.013790138420552404,
            "pno": 0.0,
            "pundecided": 0.017059329039670126,
            "punknown": 0.0,
            "time": 19675.82802963257,
            "delp_calls": 2048,
            "percY": 2510759733.98,
            "percN": 0.0,
            "percU": 2519751169.34,
            "percUNK": 0.0,
            "l": 0.013790138420552404,
            "u": 1.0
        },
        "~a_5": {
            "yes": 230491,
            "no": 0,
            "undecided": 230722,
            "unknown": 0,
            "pyes": 0.01618821379989221,
            "pno": 0.0,
            "pundecided": 0.01307206240264014,
            "punknown": 0.0,
            "time": 22352.86789417267,
            "delp_calls": 2048,
            "percY": 2272417683.73,
            "percN": 0.0,
            "percU": 2274695119.66,
            "percUNK": 0.0,
            "l": 0.01618821379989221,
            "u": 1.0
        }
    },
    "data": {
        "n_samples": 985903,
        "time": 600.0002944469452,
        "repeated_worlds": 14446,
        "repeated_progs": 981807,
        "unique_progs": 4096,
        "delp_calls": 4096
    }
}