{
    "status": {
        "~d_10": {
            "yes": 131072,
            "no": 0,
            "undecided": 131072,
            "unknown": 0,
            "pyes": 0.946967999999996,
            "pno": 0.0,
            "pundecided": 0.053032000000000135,
            "punknown": 0.0,
            "time": 10233.823364257812,
            "delp_calls": 512,
            "percY": 17549215662.08,
            "percN": 0.0,
            "percU": 17549215662.08,
            "percUNK": 0.0,
            "l": 0.946967999999996,
            "u": 1.0,
            "flag": "INTEREST"
        }
    },
    "data": {
        "n_samples": 13388989,
        "time": 300.000009059906,
        "repeated_worlds": 13126845,
        "repeated_progs": 13388477,
        "unique_progs": 512,
        "delp_calls": 512
    }
}