{
    "status": {
        "d_46": {
            "yes": 1160,
            "no": 0,
            "undecided": 1186,
            "unknown": 0,
            "pyes": 0.8002229256274874,
            "pno": 0.0,
            "pundecided": 0.007935813209977039,
            "punknown": 0.0,
            "time": 95.11214756965637,
            "delp_calls": 4663,
            "percY": 54090.8,
            "percN": 0.0,
            "percU": 55303.18,
            "percUNK": 0.0,
            "l": 0.8002229256274874,
            "u": 1.0,
            "flag": "INTEREST"
        }
    },
    "data": {
        "n_samples": 4663,
        "time": 300.0133650302887,
        "repeated_programs": 0,
        "inconsistent_programs": 2317,
        "worlds_consulted": 1408,
        "delp_calls": 4663
    }
}