{
    "status": {
        "a_1": {
            "yes": 2560,
            "no": 0,
            "undecided": 0,
            "unknown": 1536,
            "pyes": 0.9605703200000005,
            "pno": 0.0,
            "pundecided": 0.0,
            "punknown": 0.039429680000000036,
            "time": 166.01661944389343,
            "delp_calls": 2913,
            "percY": 332228659.2,
            "percN": 0.0,
            "percU": 0.0,
            "percUNK": 199337195.52,
            "l": 0.9605703200000005,
            "u": 1.0,
            "flag": "INTEREST"
        }
    },
    "data": {
        "n_samples": 12977682,
        "time": 300.00000643730164,
        "repeated_worlds": 12973586,
        "repeated_progs": 12974769,
        "unique_progs": 2913,
        "delp_calls": 2913
    }
}