{
    "status": {
        "a_1": {
            "yes": 2896,
            "no": 0,
            "undecided": 0,
            "unknown": 1544,
            "pyes": 0.37839281137836855,
            "pno": 0.0,
            "pundecided": 0.0,
            "punknown": 0.03900544852368007,
            "time": 173.1753203868866,
            "delp_calls": 4440,
            "percY": 128582.4,
            "percN": 0.0,
            "percU": 0.0,
            "percUNK": 68553.6,
            "l": 0.37839281137836855,
            "u": 1.0
        }
    },
    "data": {
        "n_samples": 4440,
        "time": 300.0698118209839,
        "repeated_programs": 0,
        "inconsistent_programs": 0,
        "worlds_consulted": 3185,
        "delp_calls": 4440
    }
}