{
    "status": {
        "~a_11": {
            "yes": 762,
            "no": 0,
            "undecided": 438,
            "unknown": 0,
            "pyes": 0.0976977954301725,
            "pno": 0.0,
            "pundecided": 0.016121286867175948,
            "punknown": 0.0,
            "time": 57.06074786186218,
            "delp_calls": 1193,
            "percY": 20833.08,
            "percN": 0.0,
            "percU": 11974.92,
            "percUNK": 0.0,
            "l": 0.0976977954301725,
            "u": 1.0
        },
        "a_19": {
            "yes": 166,
            "no": 12,
            "undecided": 916,
            "unknown": 0,
            "pyes": 0.05360095134639016,
            "pno": 0.0037213307718125645,
            "pundecided": 0.05347300394852227,
            "punknown": 0.0,
            "time": 57.191516637802124,
            "delp_calls": 1093,
            "percY": 4538.44,
            "percN": 328.08,
            "percU": 25043.44,
            "percUNK": 0.0,
            "l": 0.05360095134639016,
            "u": 0.9962786692281874
        }
    },
    "data": {
        "n_samples": 2734,
        "time": 120.06435656547546,
        "repeated_worlds": 440,
        "repeated_progs": 448,
        "unique_progs": 2286,
        "delp_calls": 2286
    }
}