{
    "status": {
        "d_22": {
            "yes": 2388,
            "no": 0,
            "undecided": 0,
            "unknown": 0,
            "pyes": 0.0029029190151530146,
            "pno": 0.0,
            "pundecided": 0.0,
            "punknown": 0.0,
            "time": 100.27870416641235,
            "delp_calls": 2388,
            "percY": 109609.2,
            "percN": 0.0,
            "percU": 0.0,
            "percUNK": 0.0,
            "l": 0.0029029190151530146,
            "u": 1.0
        },
        "~a_11": {
            "yes": 2202,
            "no": 0,
            "undecided": 0,
            "unknown": 0,
            "pyes": 0.0022563258608982186,
            "pno": 0.0,
            "pundecided": 0.0,
            "punknown": 0.0,
            "time": 99.59967160224915,
            "delp_calls": 2202,
            "percY": 101071.8,
            "percN": 0.0,
            "percU": 0.0,
            "percUNK": 0.0,
            "l": 0.0022563258608982186,
            "u": 1.0
        }
    },
    "data": {
        "n_samples": 4590,
        "time": 600.0573170185089,
        "repeated_programs": 0,
        "inconsistent_programs": 0,
        "worlds_consulted": 6633,
        "delp_calls": 4590
    }
}