{
    "status": {
        "~d_14": {
            "yes": 5699,
            "no": 0,
            "undecided": 0,
            "unknown": 0,
            "pyes": 0.8465687245867076,
            "pno": 0.0,
            "pundecided": 0.0,
            "punknown": 0.0,
            "time": 260.42942214012146,
            "delp_calls": 5699,
            "percY": 974073.08,
            "percN": 0.0,
            "percU": 0.0,
            "percUNK": 0.0,
            "l": 0.8465687245867076,
            "u": 1.0,
            "flag": "INTEREST"
        },
        "~a_7": {
            "yes": 4382,
            "no": 0,
            "undecided": 1418,
            "unknown": 0,
            "pyes": 0.7745594473985524,
            "pno": 0.0,
            "pundecided": 0.0720092771881552,
            "punknown": 0.0,
            "time": 260.84465861320496,
            "delp_calls": 5800,
            "percY": 748971.44,
            "percN": 0.0,
            "percU": 242364.56,
            "percUNK": 0.0,
            "l": 0.7745594473985524,
            "u": 1.0,
            "flag": "INTEREST"
        },
        "~a_8": {
            "yes": 549,
            "no": 3928,
            "undecided": 1116,
            "unknown": 0,
            "pyes": 0.725441496297066,
            "pno": 0.10327095160646542,
            "pundecided": 0.01785627668317632,
            "punknown": 0.0,
            "time": 261.3087954521179,
            "delp_calls": 5593,
            "percY": 93835.08,
            "percN": 671373.76,
            "percU": 190746.72,
            "percUNK": 0.0,
            "l": 0.725441496297066,
            "u": 0.8967290483935346,
            "flag": "INTEREST"
        }
    },
    "data": {
        "n_samples": 17092,
        "time": 900.114978313446,
        "repeated_programs": 0,
        "inconsistent_programs": 0,
        "worlds_consulted": 3120,
        "delp_calls": 17092
    }
}