{
    "status": {
        "~a_7": {
            "yes": 107269,
            "no": 0,
            "undecided": 0,
            "unknown": 0,
            "pyes": 0.2460158218695589,
            "pno": 0.0,
            "pundecided": 0.0,
            "punknown": 0.0,
            "time": 5331.092887639999,
            "delp_calls": 264,
            "percY": 285086675.92,
            "percN": 0.0,
            "percU": 0.0,
            "percUNK": 0.0,
            "l": 0.2460158218695589,
            "u": 1.0
        },
        "a_9": {
            "yes": 25387,
            "no": 0,
            "undecided": 76033,
            "unknown": 0,
            "pyes": 0.1711975953120246,
            "pno": 0.0,
            "pundecided": 0.050408438855777817,
            "punknown": 0.0,
            "time": 5222.129191398621,
            "delp_calls": 264,
            "percY": 67470522.16,
            "percN": 0.0,
            "percU": 202071383.44,
            "percUNK": 0.0,
            "l": 0.1711975953120246,
            "u": 1.0
        }
    },
    "data": {
        "n_samples": 265768,
        "time": 120.00006556510925,
        "repeated_worlds": 57079,
        "repeated_progs": 265240,
        "unique_progs": 528,
        "delp_calls": 528
    }
}