{
    "status": {
        "a_2": {
            "yes": 6242,
            "no": 0,
            "undecided": 0,
            "unknown": 0,
            "pyes": 0.0031219968,
            "pno": 0.0,
            "pundecided": 0.0,
            "punknown": 0.0,
            "time": 268.6992919445038,
            "delp_calls": 6242,
            "percY": 771199.1,
            "percN": 0.0,
            "percU": 0.0,
            "percUNK": 0.0,
            "l": 0.0031219968,
            "u": 1.0
        },
        "a_8": {
            "yes": 3292,
            "no": 712,
            "undecided": 2109,
            "unknown": 0,
            "pyes": 0.0031219967999999996,
            "pno": 0.0,
            "pundecided": 0.0,
            "punknown": 0.0,
            "time": 268.8541433811188,
            "delp_calls": 6113,
            "percY": 406726.6,
            "percN": 87967.6,
            "percU": 260566.95,
            "percUNK": 0.0,
            "l": 0.0031219967999999996,
            "u": 1.0
        }
    },
    "data": {
        "n_samples": 12355,
        "time": 600.0624577999115,
        "repeated_programs": 0,
        "inconsistent_programs": 0,
        "worlds_consulted": 256,
        "delp_calls": 12355
    }
}