{
    "status": {
        "a_5": {
            "yes": 2458,
            "no": 0,
            "undecided": 2395,
            "unknown": 0,
            "pyes": 0.9200000000000002,
            "pno": 0.0,
            "pundecided": 0.07999999999999999,
            "punknown": 0.0,
            "time": 284.16469621658325,
            "delp_calls": 4853,
            "percY": 119286.74,
            "percN": 0.0,
            "percU": 116229.35,
            "percUNK": 0.0,
            "l": 0.9200000000000002,
            "u": 1.0,
            "flag": "INTEREST"
        }
    },
    "data": {
        "n_samples": 4853,
        "time": 300.0665428638458,
        "repeated_programs": 0,
        "inconsistent_programs": 0,
        "worlds_consulted": 16,
        "delp_calls": 4853
    }
}