{
    "status": {
        "~a_0": {
            "yes": 372105,
            "no": 0,
            "undecided": 0,
            "unknown": 124130,
            "pyes": 0.021104106171945677,
            "pno": 0.0,
            "pundecided": 0.0,
            "punknown": 0.006987175365373121,
            "time": 22807.508295059204,
            "delp_calls": 1344,
            "percY": 5370636117.6,
            "percN": 0.0,
            "percU": 0.0,
            "percUNK": 1791583185.6,
            "l": 0.021104106171945677,
            "u": 1.0
        },
        "a_8": {
            "yes": 465372,
            "no": 11195,
            "undecided": 0,
            "unknown": 0,
            "pyes": 0.029442412359293284,
            "pno": 0.00045737337377936,
            "pundecided": 0.0,
            "punknown": 0.0,
            "time": 24786.75625348091,
            "delp_calls": 1344,
            "percY": 6716769920.64,
            "percN": 161578778.4,
            "percU": 0.0,
            "percUNK": 0.0,
            "l": 0.029442412359293284,
            "u": 0.9995426266262206
        },
        "~a_7": {
            "yes": 442972,
            "no": 7025,
            "undecided": 0,
            "unknown": 0,
            "pyes": 0.023915979755147233,
            "pno": 3.1257682796737515e-05,
            "pundecided": 0.0,
            "punknown": 0.0,
            "time": 27667.870380163193,
            "delp_calls": 1344,
            "percY": 6393468032.64,
            "percN": 101392668.0,
            "percU": 0.0,
            "percUNK": 0.0,
            "l": 0.023915979755147233,
            "u": 0.9999687423172032
        }
    },
    "data": {
        "n_samples": 1443312,
        "time": 900.0010979175568,
        "repeated_worlds": 20513,
        "repeated_progs": 1439280,
        "unique_progs": 4032,
        "delp_calls": 4032
    }
}