{
    "status": {
        "~a_0": {
            "yes": 1367,
            "no": 0,
            "undecided": 0,
            "unknown": 0,
            "pyes": 0.44080225533389594,
            "pno": 0.0,
            "pundecided": 0.0,
            "punknown": 0.0,
            "time": 75.97094488143921,
            "delp_calls": 1367,
            "percY": 49840.82,
            "percN": 0.0,
            "percU": 0.0,
            "percUNK": 0.0,
            "l": 0.44080225533389594,
            "u": 1.0
        },
        "a_8": {
            "yes": 958,
            "no": 74,
            "undecided": 0,
            "unknown": 0,
            "pyes": 0.4673817139702756,
            "pno": 0.0032858906103615036,
            "pundecided": 0.0,
            "punknown": 0.0,
            "time": 57.494945764541626,
            "delp_calls": 1032,
            "percY": 34928.68,
            "percN": 2698.04,
            "percU": 0.0,
            "percUNK": 0.0,
            "l": 0.4673817139702756,
            "u": 0.9967141093896384
        },
        "~a_7": {
            "yes": 1037,
            "no": 210,
            "undecided": 0,
            "unknown": 0,
            "pyes": 0.41692355187574365,
            "pno": 0.0008992333106210595,
            "pundecided": 0.0,
            "punknown": 0.0,
            "time": 70.32419323921204,
            "delp_calls": 1247,
            "percY": 37809.02,
            "percN": 7656.6,
            "percU": 0.0,
            "percUNK": 0.0,
            "l": 0.41692355187574365,
            "u": 0.999100766689379
        }
    },
    "data": {
        "n_samples": 3646,
        "time": 945.0079848766327,
        "repeated_programs": 0,
        "inconsistent_programs": 0,
        "worlds_consulted": 97121,
        "delp_calls": 3646
    }
}