{
    "status": {
        "a_2": {
            "yes": 196608,
            "no": 0,
            "undecided": 0,
            "unknown": 65536,
            "pyes": 0.9724668061579493,
            "pno": 0.0,
            "pundecided": 0.0,
            "punknown": 0.02753319384199806,
            "time": 16190.725051879883,
            "delp_calls": 1008,
            "percY": 35292685271.04,
            "percN": 0.0,
            "percU": 0.0,
            "percUNK": 11764228423.68,
            "l": 0.9724668061579493,
            "u": 1.0,
            "flag": "INTEREST"
        },
        "~a_6": {
            "yes": 262144,
            "no": 0,
            "undecided": 0,
            "unknown": 0,
            "pyes": 0.9999999999998839,
            "pno": 0.0,
            "pundecided": 0.0,
            "punknown": 0.0,
            "time": 17654.886543273926,
            "delp_calls": 1008,
            "percY": 47056913694.72,
            "percN": 0.0,
            "percU": 0.0,
            "percUNK": 0.0,
            "l": 0.9999999999998839,
            "u": 1.0,
            "flag": "INTEREST"
        },
        "a_7": {
            "yes": 249856,
            "no": 6144,
            "undecided": 6144,
            "unknown": 0,
            "pyes": 0.2406823473609821,
            "pno": 0.7441312995862178,
            "pundecided": 0.015186353052779976,
            "punknown": 0.0,
            "time": 20807.51615524292,
            "delp_calls": 1008,
            "percY": 44851120865.28,
            "percN": 1102896414.72,
            "percU": 1102896414.72,
            "percUNK": 0.0,
            "l": 0.2406823473609821,
            "u": 0.2558687004137822,
            "flag": "INTEREST"
        }
    },
    "data": {
        "n_samples": 17950788,
        "time": 900.0000138282776,
        "repeated_worlds": 17164356,
        "repeated_progs": 17947764,
        "unique_progs": 3024,
        "delp_calls": 3024
    }
}