{
    "status": {
        "d_46": {
            "yes": 1261,
            "no": 0,
            "undecided": 1295,
            "unknown": 0,
            "pyes": 0.2260355693977101,
            "pno": 0.0,
            "pundecided": 0.007270224758192584,
            "punknown": 0.0,
            "time": 103.30416297912598,
            "delp_calls": 5016,
            "percY": 123918.47,
            "percN": 0.0,
            "percU": 127259.65,
            "percUNK": 0.0,
            "l": 0.2260355693977101,
            "u": 1.0
        },
        "a_17": {
            "yes": 1478,
            "no": 958,
            "undecided": 0,
            "unknown": 0,
            "pyes": 0.2264738906538397,
            "pno": 0.006212542805844088,
            "pundecided": 0.0,
            "punknown": 0.0,
            "time": 108.61948347091675,
            "delp_calls": 4811,
            "percY": 145243.06,
            "percN": 94142.66,
            "percU": 0.0,
            "percUNK": 0.0,
            "l": 0.2264738906538397,
            "u": 0.993787457194156
        }
    },
    "data": {
        "n_samples": 9827,
        "time": 600.0719521045685,
        "repeated_programs": 0,
        "inconsistent_programs": 4835,
        "worlds_consulted": 1865,
        "delp_calls": 9827
    }
}