{
    "status": {
        "~d_57": {
            "yes": 2048,
            "no": 0,
            "undecided": 2048,
            "unknown": 0,
            "pyes": 0.9099999999999998,
            "pno": 0.0,
            "pundecided": 0.08999999999999994,
            "punknown": 0.0,
            "time": 162.88497257232666,
            "delp_calls": 4096,
            "percY": 381243043.84,
            "percN": 0.0,
            "percU": 381243043.84,
            "percUNK": 0.0,
            "l": 0.9099999999999998,
            "u": 1.0,
            "flag": "INTEREST"
        },
        "a_15": {
            "yes": 1472,
            "no": 576,
            "undecided": 2048,
            "unknown": 0,
            "pyes": 0.9020191978587686,
            "pno": 0.050242472141230614,
            "pundecided": 0.047738329999999954,
            "punknown": 0.0,
            "time": 171.89025378227234,
            "delp_calls": 4096,
            "percY": 274018437.76,
            "percN": 107224606.08,
            "percU": 381243043.84,
            "percUNK": 0.0,
            "l": 0.9020191978587686,
            "u": 0.9497575278587694,
            "flag": "INTEREST"
        }
    },
    "data": {
        "n_samples": 18615383,
        "time": 600.0000112056732,
        "repeated_worlds": 18607191,
        "repeated_progs": 18607191,
        "unique_progs": 8192,
        "delp_calls": 8192
    }
}