{
    "status": {
        "~d_57": {
            "yes": 1242,
            "no": 0,
            "undecided": 1259,
            "unknown": 0,
            "pyes": 0.739773895335279,
            "pno": 0.0,
            "pundecided": 0.018096944468886603,
            "punknown": 0.0,
            "time": 99.67873859405518,
            "delp_calls": 4994,
            "percY": 120163.5,
            "percN": 0.0,
            "percU": 121808.25,
            "percUNK": 0.0,
            "l": 0.739773895335279,
            "u": 1.0,
            "flag": "INTEREST"
        },
        "a_15": {
            "yes": 1656,
            "no": 646,
            "undecided": 0,
            "unknown": 0,
            "pyes": 0.8408036265664613,
            "pno": 0.04892050260614737,
            "pundecided": 0.0,
            "punknown": 0.0,
            "time": 102.79252457618713,
            "delp_calls": 4681,
            "percY": 160218.0,
            "percN": 62500.5,
            "percU": 0.0,
            "percUNK": 0.0,
            "l": 0.8408036265664613,
            "u": 0.9510794973938527,
            "flag": "INTEREST"
        }
    },
    "data": {
        "n_samples": 9675,
        "time": 600.0559623241425,
        "repeated_programs": 0,
        "inconsistent_programs": 4872,
        "worlds_consulted": 2873,
        "delp_calls": 9675
    }
}