{
    "status": {
        "a_8": {
            "yes": 1728,
            "no": 229,
            "undecided": 1938,
            "unknown": 3,
            "pyes": 0.2754907677976699,
            "pno": 0.00396073301661647,
            "pundecided": 0.01669854988846209,
            "punknown": 0.0,
            "time": 165.51283144950867,
            "delp_calls": 6063,
            "percY": 104768.64,
            "percN": 13884.27,
            "percU": 117500.94,
            "percUNK": 181.89,
            "l": 0.2754907677976699,
            "u": 0.9960392669833835
        }
    },
    "data": {
        "n_samples": 6063,
        "time": 300.0238423347473,
        "repeated_programs": 0,
        "inconsistent_programs": 2165,
        "worlds_consulted": 1673,
        "delp_calls": 6063
    }
}