{
    "status": {
        "d_31": {
            "yes": 0,
            "no": 0,
            "undecided": 2392,
            "unknown": 0,
            "pyes": 0.0,
            "pno": 0.0,
            "pundecided": 0.09403987588739621,
            "punknown": 0.0,
            "time": 95.959881067276,
            "delp_calls": 4789,
            "percY": 0.0,
            "percN": 0.0,
            "percU": 114552.88,
            "percUNK": 0.0,
            "l": 0.0,
            "u": 1.0
        }
    },
    "data": {
        "n_samples": 4789,
        "time": 300.03061723709106,
        "repeated_programs": 0,
        "inconsistent_programs": 2397,
        "worlds_consulted": 1415,
        "delp_calls": 4789
    }
}