{
    "status": {
        "~a_18": {
            "yes": 929,
            "no": 76,
            "undecided": 316,
            "unknown": 0,
            "pyes": 0.03462299145495308,
            "pno": 0.10944094790116124,
            "pundecided": 0.09571359804858326,
            "punknown": 0.0,
            "time": 60.69212222099304,
            "delp_calls": 1254,
            "percY": 27647.04,
            "percN": 2261.76,
            "percU": 9404.16,
            "percUNK": 0.0,
            "l": 0.03462299145495308,
            "u": 0.8905590520988388
        },
        "a_14": {
            "yes": 194,
            "no": 4,
            "undecided": 987,
            "unknown": 0,
            "pyes": 0.016708594059092644,
            "pno": 0.00017034127763273856,
            "pundecided": 0.1370475368352712,
            "punknown": 0.0,
            "time": 61.258928060531616,
            "delp_calls": 1123,
            "percY": 5773.44,
            "percN": 119.04,
            "percU": 29373.12,
            "percUNK": 0.0,
            "l": 0.016708594059092644,
            "u": 0.9998296587223673
        }
    },
    "data": {
        "n_samples": 2976,
        "time": 120.07656860351562,
        "repeated_worlds": 470,
        "repeated_progs": 599,
        "unique_progs": 2377,
        "delp_calls": 2377
    }
}