{
    "status": {
        "a_17": {
            "yes": 2048,
            "no": 0,
            "undecided": 2048,
            "unknown": 0,
            "pyes": 0.929999999999999,
            "pno": 0.0,
            "pundecided": 0.07000000000000002,
            "punknown": 0.0,
            "time": 167.67459082603455,
            "delp_calls": 4096,
            "percY": 188557189.12,
            "percN": 0.0,
            "percU": 188557189.12,
            "percUNK": 0.0,
            "l": 0.929999999999999,
            "u": 1.0,
            "flag": "INTEREST"
        }
    },
    "data": {
        "n_samples": 9206894,
        "time": 300.00001072883606,
        "repeated_worlds": 9202798,
        "repeated_progs": 9202798,
        "unique_progs": 4096,
        "delp_calls": 4096
    }
}