{
    "status": {
        "~d_14": {
            "yes": 1057,
            "no": 0,
            "undecided": 0,
            "unknown": 0,
            "pyes": 0.9999999999999999,
            "pno": 0.0,
            "pundecided": 0.0,
            "punknown": 0.0,
            "time": 49.58368420600891,
            "delp_calls": 1057,
            "percY": 11172.49,
            "percN": 0.0,
            "percU": 0.0,
            "percUNK": 0.0,
            "l": 0.9999999999999999,
            "u": 1.0,
            "flag": "INTEREST"
        }
    },
    "data": {
        "n_samples": 1057,
        "time": 60.028287172317505,
        "repeated_programs": 0,
        "inconsistent_programs": 0,
        "worlds_consulted": 1024,
        "delp_calls": 1057
    }
}