{
    "status": {
        "d_41": {
            "yes": 996,
            "no": 0,
            "undecided": 86,
            "unknown": 59,
            "pyes": 0.197384711412568,
            "pno": 0.0,
            "pundecided": 0.0009595971726319023,
            "punknown": 2.5275906214987827e-05,
            "time": 44.876280784606934,
            "delp_calls": 1141,
            "percY": 22619.16,
            "percN": 0.0,
            "percU": 1953.06,
            "percUNK": 1339.89,
            "l": 0.197384711412568,
            "u": 1.0
        },
        "~a_16": {
            "yes": 496,
            "no": 0,
            "undecided": 632,
            "unknown": 2,
            "pyes": 0.1322597086916715,
            "pno": 0.0,
            "pundecided": 0.05542082631964756,
            "punknown": 3.627484344000001e-11,
            "time": 47.10181427001953,
            "delp_calls": 1130,
            "percY": 11264.16,
            "percN": 0.0,
            "percU": 14352.72,
            "percUNK": 45.42,
            "l": 0.1322597086916715,
            "u": 1.0
        }
    },
    "data": {
        "n_samples": 2271,
        "time": 600.1463377475739,
        "repeated_programs": 0,
        "inconsistent_programs": 0,
        "worlds_consulted": 1994,
        "delp_calls": 2271
    }
}