{
    "status": {
        "d_55": {
            "yes": 3072,
            "no": 0,
            "undecided": 768,
            "unknown": 256,
            "pyes": 0.9985999999999997,
            "pno": 0.0,
            "pundecided": 0.0013496602298681607,
            "punknown": 5.033977013183998e-05,
            "time": 167.88599467277527,
            "delp_calls": 3514,
            "percY": 987570739.2,
            "percN": 0.0,
            "percU": 246892684.8,
            "percUNK": 82297561.6,
            "l": 0.9985999999999997,
            "u": 1.0,
            "flag": "INTEREST"
        },
        "a_16": {
            "yes": 256,
            "no": 768,
            "undecided": 3072,
            "unknown": 0,
            "pyes": 0.007820555201281807,
            "pno": 0.8871599882656177,
            "pundecided": 0.10501945653310081,
            "punknown": 0.0,
            "time": 172.9513909816742,
            "delp_calls": 3514,
            "percY": 82297561.6,
            "percN": 246892684.8,
            "percU": 987570739.2,
            "percUNK": 0.0,
            "l": 0.007820555201281807,
            "u": 0.1128400117343823,
            "flag": "INTEREST"
        },
        "~a_20": {
            "yes": 2624,
            "no": 1408,
            "undecided": 64,
            "unknown": 0,
            "pyes": 0.7627757555539761,
            "pno": 0.18360168547778738,
            "pundecided": 0.05362255896823642,
            "punknown": 0.0,
            "time": 169.7307209968567,
            "delp_calls": 3514,
            "percY": 843550006.4,
            "percN": 452636588.8,
            "percU": 20574390.4,
            "percUNK": 0.0,
            "l": 0.7627757555539761,
            "u": 0.8163983145222127,
            "flag": "INTEREST"
        }
    },
    "data": {
        "n_samples": 32147485,
        "time": 900.0000126361847,
        "repeated_worlds": 32135197,
        "repeated_progs": 32136943,
        "unique_progs": 10542,
        "delp_calls": 10542
    }
}