{
    "status": {
        "d_10": {
            "yes": 6663,
            "no": 0,
            "undecided": 595,
            "unknown": 3417,
            "pyes": 0.027655011305476155,
            "pno": 0.0,
            "pundecided": 0.0003383506568617522,
            "punknown": 6.611374102326449e-05,
            "time": 445.7841246128082,
            "delp_calls": 6785,
            "percY": 725667.33,
            "percN": 0.0,
            "percU": 64801.45,
            "percUNK": 372145.47,
            "l": 0.027655011305476155,
            "u": 1.0
        }
    },
    "data": {
        "n_samples": 10891,
        "time": 300.02088499069214,
        "repeated_worlds": 216,
        "repeated_progs": 4106,
        "unique_progs": 6785,
        "delp_calls": 6785
    }
}