{
    "status": {
        "d_10": {
            "yes": 1595,
            "no": 0,
            "undecided": 159,
            "unknown": 974,
            "pyes": 0.03592181902903586,
            "pno": 0.0,
            "pundecided": 1.6715837343301293e-05,
            "punknown": 0.0015197501468886645,
            "time": 113.18603372573853,
            "delp_calls": 2728,
            "percY": 43511.6,
            "percN": 0.0,
            "percU": 4337.52,
            "percUNK": 26570.72,
            "l": 0.03592181902903586,
            "u": 1.0
        }
    },
    "data": {
        "n_samples": 2728,
        "time": 300.0741546154022,
        "repeated_programs": 0,
        "inconsistent_programs": 0,
        "worlds_consulted": 24684,
        "delp_calls": 2728
    }
}