{
    "status": {
        "a_6": {
            "yes": 2048,
            "no": 0,
            "undecided": 2048,
            "unknown": 0,
            "pyes": 0.9497351767999997,
            "pno": 0.0,
            "pundecided": 0.05026482319999994,
            "punknown": 0.0,
            "time": 252.4240264892578,
            "delp_calls": 64,
            "percY": 543117680.64,
            "percN": 0.0,
            "percU": 543117680.64,
            "percUNK": 0.0,
            "l": 0.9497351767999997,
            "u": 1.0,
            "flag": "INTEREST"
        },
        "a_7": {
            "yes": 1024,
            "no": 1024,
            "undecided": 2048,
            "unknown": 0,
            "pyes": 0.9100332024,
            "pno": 0.03970197439999999,
            "pundecided": 0.05026482319999997,
            "punknown": 0.0,
            "time": 242.64329528808594,
            "delp_calls": 64,
            "percY": 271558840.32,
            "percN": 271558840.32,
            "percU": 543117680.64,
            "percUNK": 0.0,
            "l": 0.9100332024,
            "u": 0.9602980256,
            "flag": "INTEREST"
        }
    },
    "data": {
        "n_samples": 26519418,
        "time": 600.0000054836273,
        "repeated_worlds": 26511226,
        "repeated_progs": 26519290,
        "unique_progs": 128,
        "delp_calls": 128
    }
}