{
    "status": {
        "a_6": {
            "yes": 2451,
            "no": 0,
            "undecided": 0,
            "unknown": 0,
            "pyes": 0.9497351767999999,
            "pno": 0.0,
            "pundecided": 0.0,
            "punknown": 0.0,
            "time": 138.07880353927612,
            "delp_calls": 4840,
            "percY": 232992.06,
            "percN": 0.0,
            "percU": 0.0,
            "percUNK": 0.0,
            "l": 0.9497351767999999,
            "u": 1.0,
            "flag": "INTEREST"
        },
        "a_7": {
            "yes": 1201,
            "no": 1254,
            "undecided": 0,
            "unknown": 0,
            "pyes": 0.9100332023999999,
            "pno": 0.0397019744,
            "pundecided": 0.0,
            "punknown": 0.0,
            "time": 145.0425100326538,
            "delp_calls": 4666,
            "percY": 114167.06,
            "percN": 119205.24,
            "percU": 0.0,
            "percUNK": 0.0,
            "l": 0.9100332023999999,
            "u": 0.9602980256,
            "flag": "INTEREST"
        }
    },
    "data": {
        "n_samples": 9506,
        "time": 600.0822279453278,
        "repeated_programs": 0,
        "inconsistent_programs": 4600,
        "worlds_consulted": 64,
        "delp_calls": 9506
    }
}