{
    "status": {
        "a_8": {
            "yes": 256,
            "no": 148,
            "undecided": 466,
            "unknown": 0,
            "pyes": 0.15799632315502055,
            "pno": 0.0650073054179336,
            "pundecided": 0.008379312726569471,
            "punknown": 0.0,
            "time": 34.996551752090454,
            "delp_calls": 870,
            "percY": 2227.2,
            "percN": 1287.6,
            "percU": 4054.2,
            "percUNK": 0.0,
            "l": 0.15799632315502055,
            "u": 0.9349926945820664
        }
    },
    "data": {
        "n_samples": 870,
        "time": 60.01649284362793,
        "repeated_programs": 0,
        "inconsistent_programs": 0,
        "worlds_consulted": 1489,
        "delp_calls": 870
    }
}