{
    "status": {
        "a_8": {
            "yes": 639,
            "no": 238,
            "undecided": 942,
            "unknown": 0,
            "pyes": 0.14415752842110083,
            "pno": 0.014263500328669442,
            "pundecided": 0.035302139897680516,
            "punknown": 0.0,
            "time": 85.97665786743164,
            "delp_calls": 1208,
            "percY": 15681.06,
            "percN": 5840.52,
            "percU": 23116.68,
            "percUNK": 0.0,
            "l": 0.14415752842110083,
            "u": 0.9857364996713306
        }
    },
    "data": {
        "n_samples": 2454,
        "time": 60.02453565597534,
        "repeated_worlds": 635,
        "repeated_progs": 1246,
        "unique_progs": 1208,
        "delp_calls": 1208
    }
}