{
    "status": {
        "~d_27": {
            "yes": 4096,
            "no": 0,
            "undecided": 0,
            "unknown": 0,
            "pyes": 0.9999999999999983,
            "pno": 0.0,
            "pundecided": 0.0,
            "punknown": 0.0,
            "time": 164.554927110672,
            "delp_calls": 3540,
            "percY": 1238044467.2,
            "percN": 0.0,
            "percU": 0.0,
            "percUNK": 0.0,
            "l": 0.9999999999999983,
            "u": 1.0,
            "flag": "INTEREST"
        },
        "a_12": {
            "yes": 768,
            "no": 0,
            "undecided": 3328,
            "unknown": 0,
            "pyes": 0.8655974439840001,
            "pno": 0.0,
            "pundecided": 0.134402556016,
            "punknown": 0.0,
            "time": 163.70103478431702,
            "delp_calls": 3540,
            "percY": 232133337.6,
            "percN": 0.0,
            "percU": 1005911129.6,
            "percUNK": 0.0,
            "l": 0.8655974439840001,
            "u": 1.0,
            "flag": "INTEREST"
        },
        "~a_17": {
            "yes": 96,
            "no": 2400,
            "undecided": 1600,
            "unknown": 0,
            "pyes": 1.633702144356001e-05,
            "pno": 0.96003303617148,
            "pundecided": 0.03995062680707704,
            "punknown": 0.0,
            "time": 173.48140335083008,
            "delp_calls": 3540,
            "percY": 29016667.2,
            "percN": 725416680.0,
            "percU": 483611120.0,
            "percUNK": 0.0,
            "l": 1.633702144356001e-05,
            "u": 0.03996696382852005,
            "flag": "INTEREST"
        }
    },
    "data": {
        "n_samples": 30225695,
        "time": 900.0000228881836,
        "repeated_worlds": 30213407,
        "repeated_progs": 30215075,
        "unique_progs": 10620,
        "delp_calls": 10620
    }
}