{
    "status": {
        "d_10": {
            "yes": 196608,
            "no": 0,
            "undecided": 65536,
            "unknown": 0,
            "pyes": 0.9951999999999495,
            "pno": 0.0,
            "pundecided": 0.004799999999999945,
            "punknown": 0.0,
            "time": 15152.959533691406,
            "delp_calls": 96,
            "percY": 38509953024.0,
            "percN": 0.0,
            "percU": 12836651008.0,
            "percUNK": 0.0,
            "l": 0.9951999999999495,
            "u": 1.0,
            "flag": "INTEREST"
        },
        "a_8": {
            "yes": 12288,
            "no": 16384,
            "undecided": 233472,
            "unknown": 0,
            "pyes": 0.7201815800426028,
            "pno": 0.15591220666105865,
            "pundecided": 0.12390621329633464,
            "punknown": 0.0,
            "time": 17502.380249023438,
            "delp_calls": 96,
            "percY": 2406872064.0,
            "percN": 3209162752.0,
            "percU": 45730569216.0,
            "percUNK": 0.0,
            "l": 0.7201815800426028,
            "u": 0.8440877933389414,
            "flag": "INTEREST"
        }
    },
    "data": {
        "n_samples": 19587175,
        "time": 600.0000138282776,
        "repeated_worlds": 19062887,
        "repeated_progs": 19586983,
        "unique_progs": 192,
        "delp_calls": 192
    }
}