{
    "status": {
        "d_10": {
            "yes": 3707,
            "no": 0,
            "undecided": 743,
            "unknown": 0,
            "pyes": 0.009920831673843953,
            "pno": 0.0,
            "pundecided": 3.736320000000001e-05,
            "punknown": 0.0,
            "time": 265.09277272224426,
            "delp_calls": 4450,
            "percY": 326920.33,
            "percN": 0.0,
            "percU": 65525.17,
            "percUNK": 0.0,
            "l": 0.009920831673843953,
            "u": 1.0
        },
        "a_8": {
            "yes": 1081,
            "no": 769,
            "undecided": 2333,
            "unknown": 186,
            "pyes": 0.0022804605038284683,
            "pno": 0.005971145716552896,
            "pundecided": 0.001706588653462591,
            "punknown": 0.0,
            "time": 266.0803368091583,
            "delp_calls": 4369,
            "percY": 95333.39,
            "percN": 67818.11,
            "percU": 205747.27,
            "percUNK": 16403.34,
            "l": 0.0022804605038284683,
            "u": 0.9940288542834471
        }
    },
    "data": {
        "n_samples": 8819,
        "time": 600.0366315841675,
        "repeated_programs": 0,
        "inconsistent_programs": 0,
        "worlds_consulted": 2084,
        "delp_calls": 8819
    }
}