{
    "status": {
        "d_19": {
            "yes": 1488,
            "no": 0,
            "undecided": 1298,
            "unknown": 0,
            "pyes": 0.07776673164025735,
            "pno": 0.0,
            "pundecided": 0.1483090932974042,
            "punknown": 0.0,
            "time": 136.09793066978455,
            "delp_calls": 5277,
            "percY": 235133.76,
            "percN": 0.0,
            "percU": 205109.96,
            "percUNK": 0.0,
            "l": 0.07776673164025735,
            "u": 1.0
        },
        "a_6": {
            "yes": 1443,
            "no": 0,
            "undecided": 1338,
            "unknown": 2,
            "pyes": 0.2068145575164251,
            "pno": 0.0,
            "pundecided": 0.0229034507873147,
            "punknown": 5.86852038797064e-07,
            "time": 134.56555342674255,
            "delp_calls": 5345,
            "percY": 228022.86,
            "percN": 0.0,
            "percU": 211430.76,
            "percUNK": 316.04,
            "l": 0.2068145575164251,
            "u": 1.0
        },
        "a_8": {
            "yes": 913,
            "no": 461,
            "undecided": 1296,
            "unknown": 1,
            "pyes": 0.03530284519262255,
            "pno": 0.040787200480052896,
            "pundecided": 0.1367803749749964,
            "punknown": 5.86852038797064e-07,
            "time": 132.79937624931335,
            "delp_calls": 5180,
            "percY": 144272.26,
            "percN": 72847.22,
            "percU": 204793.92,
            "percUNK": 158.02,
            "l": 0.03530284519262255,
            "u": 0.9592127995199471
        }
    },
    "data": {
        "n_samples": 15802,
        "time": 900.1636188030243,
        "repeated_programs": 0,
        "inconsistent_programs": 7562,
        "worlds_consulted": 4491,
        "delp_calls": 15802
    }
}