{
    "status": {
        "d_36": {
            "yes": 1048,
            "no": 0,
            "undecided": 3162,
            "unknown": 0,
            "pyes": 0.2986865282546873,
            "pno": 0.0,
            "pundecided": 0.028563784389604868,
            "punknown": 0.0,
            "time": 166.16513228416443,
            "delp_calls": 4210,
            "percY": 87413.68,
            "percN": 0.0,
            "percU": 263742.42,
            "percUNK": 0.0,
            "l": 0.2986865282546873,
            "u": 1.0
        },
        "a_11": {
            "yes": 3071,
            "no": 0,
            "undecided": 1060,
            "unknown": 0,
            "pyes": 0.8984251409077401,
            "pno": 0.0,
            "pundecided": 0.05522207021808996,
            "punknown": 0.0,
            "time": 164.56354546546936,
            "delp_calls": 4131,
            "percY": 256152.11,
            "percN": 0.0,
            "percU": 88414.6,
            "percUNK": 0.0,
            "l": 0.8984251409077401,
            "u": 1.0,
            "flag": "INTEREST"
        }
    },
    "data": {
        "n_samples": 8341,
        "time": 600.0479493141174,
        "repeated_programs": 0,
        "inconsistent_programs": 0,
        "worlds_consulted": 5867,
        "delp_calls": 8341
    }
}