{
    "status": {
        "d_65": {
            "yes": 2345,
            "no": 0,
            "undecided": 0,
            "unknown": 0,
            "pyes": 0.005930919203761727,
            "pno": 0.0,
            "pundecided": 0.0,
            "punknown": 0.0,
            "time": 97.4163281917572,
            "delp_calls": 2345,
            "percY": 103461.4,
            "percN": 0.0,
            "percU": 0.0,
            "percUNK": 0.0,
            "l": 0.005930919203761727,
            "u": 1.0
        },
        "a_16": {
            "yes": 556,
            "no": 214,
            "undecided": 1297,
            "unknown": 0,
            "pyes": 0.004544482186041403,
            "pno": 2.2632803322127786e-08,
            "pundecided": 5.599212226861506e-05,
            "punknown": 0.0,
            "time": 120.19955325126648,
            "delp_calls": 2067,
            "percY": 24530.72,
            "percN": 9441.68,
            "percU": 57223.64,
            "percUNK": 0.0,
            "l": 0.004544482186041403,
            "u": 0.9999999773671967
        }
    },
    "data": {
        "n_samples": 4412,
        "time": 600.1419365406036,
        "repeated_programs": 0,
        "inconsistent_programs": 0,
        "worlds_consulted": 6943,
        "delp_calls": 4412
    }
}