{
    "status": {
        "d_50": {
            "yes": 7050,
            "no": 0,
            "undecided": 0,
            "unknown": 0,
            "pyes": 0.028331825793340856,
            "pno": 0.0,
            "pundecided": 0.0,
            "punknown": 0.0,
            "time": 297.4582197666168,
            "delp_calls": 6724,
            "percY": 1438552.5,
            "percN": 0.0,
            "percU": 0.0,
            "percUNK": 0.0,
            "l": 0.028331825793340856,
            "u": 1.0
        },
        "a_11": {
            "yes": 1733,
            "no": 0,
            "undecided": 5380,
            "unknown": 0,
            "pyes": 0.011405125500156698,
            "pno": 0.0,
            "pundecided": 0.03626784066970729,
            "punknown": 0.0,
            "time": 299.5111382007599,
            "delp_calls": 6738,
            "percY": 353618.65,
            "percN": 0.0,
            "percU": 1097789.0,
            "percUNK": 0.0,
            "l": 0.011405125500156698,
            "u": 1.0
        },
        "~a_16": {
            "yes": 845,
            "no": 3552,
            "undecided": 1593,
            "unknown": 0,
            "pyes": 0.002453452010917307,
            "pno": 0.023155699819091772,
            "pundecided": 0.0012571468864055622,
            "punknown": 0.0,
            "time": 299.07786655426025,
            "delp_calls": 5732,
            "percY": 172422.25,
            "percN": 724785.6,
            "percU": 325051.65,
            "percUNK": 0.0,
            "l": 0.002453452010917307,
            "u": 0.9768443001809082
        }
    },
    "data": {
        "n_samples": 20405,
        "time": 900.0952892303467,
        "repeated_worlds": 252,
        "repeated_progs": 1211,
        "unique_progs": 19194,
        "delp_calls": 19194
    }
}