{
    "status": {
        "~d_9": {
            "yes": 5734,
            "no": 0,
            "undecided": 0,
            "unknown": 0,
            "pyes": 0.9999999999999999,
            "pno": 0.0,
            "pundecided": 0.0,
            "punknown": 0.0,
            "time": 250.53335332870483,
            "delp_calls": 5734,
            "percY": 992555.4,
            "percN": 0.0,
            "percU": 0.0,
            "percUNK": 0.0,
            "l": 0.9999999999999999,
            "u": 1.0,
            "flag": "INTEREST"
        },
        "a_6": {
            "yes": 5886,
            "no": 0,
            "undecided": 0,
            "unknown": 0,
            "pyes": 1.0000000000000004,
            "pno": 0.0,
            "pundecided": 0.0,
            "punknown": 0.0,
            "time": 251.62837481498718,
            "delp_calls": 5886,
            "percY": 1018866.6,
            "percN": 0.0,
            "percU": 0.0,
            "percUNK": 0.0,
            "l": 1.0000000000000004,
            "u": 1.0,
            "flag": "INTEREST"
        },
        "a_7": {
            "yes": 2499,
            "no": 3191,
            "undecided": 0,
            "unknown": 0,
            "pyes": 0.7738713012935645,
            "pno": 0.2261286987064352,
            "pundecided": 0.0,
            "punknown": 0.0,
            "time": 252.60871744155884,
            "delp_calls": 5690,
            "percY": 432576.9,
            "percN": 552362.1,
            "percU": 0.0,
            "percUNK": 0.0,
            "l": 0.7738713012935645,
            "u": 0.7738713012935647,
            "flag": "INTEREST"
        }
    },
    "data": {
        "n_samples": 17310,
        "time": 900.0432288646698,
        "repeated_programs": 0,
        "inconsistent_programs": 0,
        "worlds_consulted": 6144,
        "delp_calls": 17310
    }
}