{
    "status": {
        "~d_9": {
            "yes": 262144,
            "no": 0,
            "undecided": 0,
            "unknown": 0,
            "pyes": 0.9999999999999206,
            "pno": 0.0,
            "pundecided": 0.0,
            "punknown": 0.0,
            "time": 10675.727508544922,
            "delp_calls": 144,
            "percY": 112663999283.2,
            "percN": 0.0,
            "percU": 0.0,
            "percUNK": 0.0,
            "l": 0.9999999999999206,
            "u": 1.0,
            "flag": "INTEREST"
        },
        "a_6": {
            "yes": 262144,
            "no": 0,
            "undecided": 0,
            "unknown": 0,
            "pyes": 0.9999999999999274,
            "pno": 0.0,
            "pundecided": 0.0,
            "punknown": 0.0,
            "time": 11886.51644897461,
            "delp_calls": 144,
            "percY": 112663999283.2,
            "percN": 0.0,
            "percU": 0.0,
            "percUNK": 0.0,
            "l": 0.9999999999999274,
            "u": 1.0,
            "flag": "INTEREST"
        },
        "a_7": {
            "yes": 106496,
            "no": 155648,
            "undecided": 0,
            "unknown": 0,
            "pyes": 0.7738713012935499,
            "pno": 0.2261286987064221,
            "pundecided": 0.0,
            "punknown": 0.0,
            "time": 13797.491882324219,
            "delp_calls": 144,
            "percY": 45769749708.8,
            "percN": 66894249574.4,
            "percU": 0.0,
            "percUNK": 0.0,
            "l": 0.7738713012935499,
            "u": 0.7738713012935778,
            "flag": "INTEREST"
        }
    },
    "data": {
        "n_samples": 42977905,
        "time": 900.0000128746033,
        "repeated_worlds": 42191473,
        "repeated_progs": 42977473,
        "unique_progs": 432,
        "delp_calls": 432
    }
}