{
    "status": {
        "d_41": {
            "yes": 4096,
            "no": 0,
            "undecided": 0,
            "unknown": 0,
            "pyes": 1.000000000000001,
            "pno": 0.0,
            "pundecided": 0.0,
            "punknown": 0.0,
            "time": 168.09610176086426,
            "delp_calls": 4072,
            "percY": 378015703.04,
            "percN": 0.0,
            "percU": 0.0,
            "percUNK": 0.0,
            "l": 1.000000000000001,
            "u": 1.0,
            "flag": "INTEREST"
        }
    },
    "data": {
        "n_samples": 9228899,
        "time": 300.00000405311584,
        "repeated_worlds": 9224803,
        "repeated_progs": 9224827,
        "unique_progs": 4072,
        "delp_calls": 4072
    }
}