{
    "status": {
        "d_60": {
            "yes": 1150,
            "no": 0,
            "undecided": 1123,
            "unknown": 0,
            "pyes": 0.011673230000429732,
            "pno": 0.0,
            "pundecided": 0.0037956357292266945,
            "punknown": 0.0,
            "time": 91.21259903907776,
            "delp_calls": 4527,
            "percY": 52060.5,
            "percN": 0.0,
            "percU": 50838.21,
            "percUNK": 0.0,
            "l": 0.011673230000429732,
            "u": 1.0
        }
    },
    "data": {
        "n_samples": 4527,
        "time": 300.00313568115234,
        "repeated_programs": 0,
        "inconsistent_programs": 2254,
        "worlds_consulted": 1381,
        "delp_calls": 4527
    }
}