{
    "status": {
        "d_77": {
            "yes": 3584,
            "no": 0,
            "undecided": 384,
            "unknown": 128,
            "pyes": 0.9891146756999999,
            "pno": 0.0,
            "pundecided": 0.010876114074999997,
            "punknown": 9.210225e-06,
            "time": 157.24772119522095,
            "delp_calls": 4096,
            "percY": 304005416.96,
            "percN": 0.0,
            "percU": 32572008.96,
            "percUNK": 10857336.32,
            "l": 0.9891146756999999,
            "u": 1.0,
            "flag": "INTEREST"
        }
    },
    "data": {
        "n_samples": 8482294,
        "time": 300.00000286102295,
        "repeated_worlds": 8478198,
        "repeated_progs": 8478198,
        "unique_progs": 4096,
        "delp_calls": 4096
    }
}