{
    "status": {
        "d_77": {
            "yes": 667,
            "no": 0,
            "undecided": 75,
            "unknown": 23,
            "pyes": 0.6131067457959768,
            "pno": 0.0,
            "pundecided": 0.0005171167642209883,
            "punknown": 3.882961944165847e-06,
            "time": 29.59455633163452,
            "delp_calls": 765,
            "percY": 5102.55,
            "percN": 0.0,
            "percU": 573.75,
            "percUNK": 175.95,
            "l": 0.6131067457959768,
            "u": 1.0,
            "flag": "INTEREST"
        }
    },
    "data": {
        "n_samples": 765,
        "time": 300.0945861339569,
        "repeated_programs": 0,
        "inconsistent_programs": 0,
        "worlds_consulted": 699,
        "delp_calls": 765
    }
}