{
    "status": {
        "~d_14": {
            "yes": 262144,
            "no": 0,
            "undecided": 0,
            "unknown": 0,
            "pyes": 0.9999999999999817,
            "pno": 0.0,
            "pundecided": 0.0,
            "punknown": 0.0,
            "time": 11752.216430664062,
            "delp_calls": 84,
            "percY": 111686689751.04,
            "percN": 0.0,
            "percU": 0.0,
            "percUNK": 0.0,
            "l": 0.9999999999999817,
            "u": 1.0,
            "flag": "INTEREST"
        },
        "a_6": {
            "yes": 262144,
            "no": 0,
            "undecided": 0,
            "unknown": 0,
            "pyes": 0.9999999999999756,
            "pno": 0.0,
            "pundecided": 0.0,
            "punknown": 0.0,
            "time": 12050.456787109375,
            "delp_calls": 84,
            "percY": 111686689751.04,
            "percN": 0.0,
            "percU": 0.0,
            "percUNK": 0.0,
            "l": 0.9999999999999756,
            "u": 1.0,
            "flag": "INTEREST"
        },
        "a_8": {
            "yes": 16384,
            "no": 49152,
            "undecided": 196608,
            "unknown": 0,
            "pyes": 0.03743029325537275,
            "pno": 0.9069206315446321,
            "pundecided": 0.055649075199998586,
            "punknown": 0.0,
            "time": 13587.87353515625,
            "delp_calls": 84,
            "percY": 6980418109.44,
            "percN": 20941254328.32,
            "percU": 83765017313.28,
            "percUNK": 0.0,
            "l": 0.03743029325537275,
            "u": 0.0930793684553679,
            "flag": "INTEREST"
        }
    },
    "data": {
        "n_samples": 42605091,
        "time": 900.0000276565552,
        "repeated_worlds": 41818659,
        "repeated_progs": 42604839,
        "unique_progs": 252,
        "delp_calls": 252
    }
}