{
    "status": {
        "~d_35": {
            "yes": 4096,
            "no": 0,
            "undecided": 0,
            "unknown": 0,
            "pyes": 1.0000000000000009,
            "pno": 0.0,
            "pundecided": 0.0,
            "punknown": 0.0,
            "time": 166.05454778671265,
            "delp_calls": 1488,
            "percY": 1985702830.08,
            "percN": 0.0,
            "percU": 0.0,
            "percUNK": 0.0,
            "l": 1.0000000000000009,
            "u": 1.0,
            "flag": "INTEREST"
        },
        "a_12": {
            "yes": 4096,
            "no": 0,
            "undecided": 0,
            "unknown": 0,
            "pyes": 0.9999999999999996,
            "pno": 0.0,
            "pundecided": 0.0,
            "punknown": 0.0,
            "time": 166.02355003356934,
            "delp_calls": 1488,
            "percY": 1985702830.08,
            "percN": 0.0,
            "percU": 0.0,
            "percUNK": 0.0,
            "l": 0.9999999999999996,
            "u": 1.0,
            "flag": "INTEREST"
        },
        "~a_16": {
            "yes": 2560,
            "no": 24,
            "undecided": 1512,
            "unknown": 0,
            "pyes": 0.680054096077411,
            "pno": 0.004777749533512085,
            "pundecided": 0.31516815438907614,
            "punknown": 0.0,
            "time": 187.30512046813965,
            "delp_calls": 1488,
            "percY": 1241064268.8,
            "percN": 11634977.52,
            "percU": 733003583.76,
            "percUNK": 0.0,
            "l": 0.680054096077411,
            "u": 0.9952222504664879,
            "flag": "INTEREST"
        }
    },
    "data": {
        "n_samples": 48479073,
        "time": 900.0000188350677,
        "repeated_worlds": 48466785,
        "repeated_progs": 48474609,
        "unique_progs": 4464,
        "delp_calls": 4464
    }
}