{
    "status": {
        "~d_35": {
            "yes": 1130,
            "no": 0,
            "undecided": 0,
            "unknown": 0,
            "pyes": 0.8837045484346255,
            "pno": 0.0,
            "pundecided": 0.0,
            "punknown": 0.0,
            "time": 45.6610164642334,
            "delp_calls": 4317,
            "percY": 142357.4,
            "percN": 0.0,
            "percU": 0.0,
            "percUNK": 0.0,
            "l": 0.8837045484346255,
            "u": 1.0,
            "flag": "INTEREST"
        },
        "a_12": {
            "yes": 1107,
            "no": 0,
            "undecided": 0,
            "unknown": 0,
            "pyes": 0.8789425256873394,
            "pno": 0.0,
            "pundecided": 0.0,
            "punknown": 0.0,
            "time": 44.48562550544739,
            "delp_calls": 4353,
            "percY": 139459.86,
            "percN": 0.0,
            "percU": 0.0,
            "percUNK": 0.0,
            "l": 0.8789425256873394,
            "u": 1.0,
            "flag": "INTEREST"
        },
        "~a_16": {
            "yes": 279,
            "no": 17,
            "undecided": 704,
            "unknown": 0,
            "pyes": 0.6196163976844649,
            "pno": 0.004427262928611456,
            "pundecided": 0.2495448203727105,
            "punknown": 0.0,
            "time": 50.1911039352417,
            "delp_calls": 3928,
            "percY": 35148.42,
            "percN": 2141.66,
            "percU": 88689.92,
            "percUNK": 0.0,
            "l": 0.6196163976844649,
            "u": 0.9955727370713885,
            "flag": "INTEREST"
        }
    },
    "data": {
        "n_samples": 12598,
        "time": 900.1220271587372,
        "repeated_programs": 0,
        "inconsistent_programs": 9361,
        "worlds_consulted": 1458,
        "delp_calls": 12598
    }
}