{
    "status": {
        "~a_9": {
            "yes": 747,
            "no": 0,
            "undecided": 428,
            "unknown": 0,
            "pyes": 0.14090692154499992,
            "pno": 0.0,
            "pundecided": 0.015712995734871643,
            "punknown": 0.0,
            "time": 56.24222993850708,
            "delp_calls": 1175,
            "percY": 10278.72,
            "percN": 0.0,
            "percU": 5889.28,
            "percUNK": 0.0,
            "l": 0.14090692154499992,
            "u": 1.0
        }
    },
    "data": {
        "n_samples": 1376,
        "time": 60.016507625579834,
        "repeated_worlds": 201,
        "repeated_progs": 201,
        "unique_progs": 1175,
        "delp_calls": 1175
    }
}