{
    "status": {
        "~a_9": {
            "yes": 693,
            "no": 0,
            "undecided": 435,
            "unknown": 0,
            "pyes": 0.0773891086401364,
            "pno": 0.0,
            "pundecided": 0.010854546685360664,
            "punknown": 0.0,
            "time": 55.161603927612305,
            "delp_calls": 1127,
            "percY": 9029.79,
            "percN": 0.0,
            "percU": 5668.05,
            "percUNK": 0.0,
            "l": 0.0773891086401364,
            "u": 1.0
        }
    },
    "data": {
        "n_samples": 1303,
        "time": 60.02059030532837,
        "repeated_worlds": 175,
        "repeated_progs": 176,
        "unique_progs": 1127,
        "delp_calls": 1127
    }
}