{
    "status": {
        "a_5": {
            "yes": 250555,
            "no": 0,
            "undecided": 250755,
            "unknown": 0,
            "pyes": 0.025335334579955626,
            "pno": 0.0,
            "pundecided": 0.006296805390389162,
            "punknown": 0.0,
            "time": 21111.87437081337,
            "delp_calls": 2048,
            "percY": 2419364091.1,
            "percN": 0.0,
            "percU": 2421295295.1,
            "percUNK": 0.0,
            "l": 0.025335334579955626,
            "u": 1.0
        },
        "~a_7": {
            "yes": 56465,
            "no": 169215,
            "undecided": 224738,
            "unknown": 0,
            "pyes": 0.003748402107198663,
            "pno": 0.01539880513417477,
            "pundecided": 0.005538905804779135,
            "punknown": 0.0,
            "time": 22707.84997177124,
            "delp_calls": 2048,
            "percY": 545227169.3,
            "percN": 1633943424.3,
            "percU": 2170074622.76,
            "percUNK": 0.0,
            "l": 0.003748402107198663,
            "u": 0.9846011948658252
        }
    },
    "data": {
        "n_samples": 965602,
        "time": 600.0002791881561,
        "repeated_worlds": 13874,
        "repeated_progs": 961506,
        "unique_progs": 4096,
        "delp_calls": 4096
    }
}