{
    "status": {
        "~d_59": {
            "yes": 2048,
            "no": 0,
            "undecided": 2048,
            "unknown": 0,
            "pyes": 0.9038230534399999,
            "pno": 0.0,
            "pundecided": 0.09617694655999998,
            "punknown": 0.0,
            "time": 165.5897650718689,
            "delp_calls": 4096,
            "percY": 550051102.72,
            "percN": 0.0,
            "percU": 550051102.72,
            "percUNK": 0.0,
            "l": 0.9038230534399999,
            "u": 1.0,
            "flag": "INTEREST"
        },
        "a_15": {
            "yes": 2560,
            "no": 1536,
            "undecided": 0,
            "unknown": 0,
            "pyes": 0.012014019165319155,
            "pno": 0.9879859808346808,
            "pundecided": 0.0,
            "punknown": 0.0,
            "time": 178.28804969787598,
            "delp_calls": 4096,
            "percY": 687563878.4,
            "percN": 412538327.04,
            "percU": 0.0,
            "percUNK": 0.0,
            "l": 0.012014019165319155,
            "u": 0.01201401916531919,
            "flag": "INTEREST"
        },
        "a_19": {
            "yes": 896,
            "no": 576,
            "undecided": 2624,
            "unknown": 0,
            "pyes": 0.890743177589761,
            "pno": 0.018041169910579212,
            "pundecided": 0.0912156524996608,
            "punknown": 0.0,
            "time": 176.01542234420776,
            "delp_calls": 4096,
            "percY": 240647357.44,
            "percN": 154701872.64,
            "percU": 704752975.36,
            "percUNK": 0.0,
            "l": 0.890743177589761,
            "u": 0.9819588300894208,
            "flag": "INTEREST"
        }
    },
    "data": {
        "n_samples": 26857964,
        "time": 900.0000183582306,
        "repeated_worlds": 26845676,
        "repeated_progs": 26845676,
        "unique_progs": 12288,
        "delp_calls": 12288
    }
}