{
    "status": {
        "a_14": {
            "yes": 1600,
            "no": 448,
            "undecided": 2048,
            "unknown": 0,
            "pyes": 0.9174659095163125,
            "pno": 0.0025340904836863997,
            "pundecided": 0.07999999999999997,
            "punknown": 0.0,
            "time": 172.7693634033203,
            "delp_calls": 4096,
            "percY": 251749568.0,
            "percN": 70489879.04,
            "percU": 322239447.04,
            "percUNK": 0.0,
            "l": 0.9174659095163125,
            "u": 0.9974659095163136,
            "flag": "INTEREST"
        },
        "a_16": {
            "yes": 1024,
            "no": 1024,
            "undecided": 2048,
            "unknown": 0,
            "pyes": 0.756289464247186,
            "pno": 0.16371053575281488,
            "pundecided": 0.07999999999999997,
            "punknown": 0.0,
            "time": 177.0612087249756,
            "delp_calls": 4096,
            "percY": 161119723.52,
            "percN": 161119723.52,
            "percU": 322239447.04,
            "percUNK": 0.0,
            "l": 0.756289464247186,
            "u": 0.8362894642471851,
            "flag": "INTEREST"
        }
    },
    "data": {
        "n_samples": 15734348,
        "time": 600.0000288486481,
        "repeated_worlds": 15726156,
        "repeated_progs": 15726156,
        "unique_progs": 8192,
        "delp_calls": 8192
    }
}