{
    "status": {
        "~a_0": {
            "yes": 553,
            "no": 0,
            "undecided": 0,
            "unknown": 505,
            "pyes": 0.9968106012159998,
            "pno": 0.0,
            "pundecided": 0.0,
            "punknown": 0.0031893987839999964,
            "time": 48.242982387542725,
            "delp_calls": 1058,
            "percY": 17651.76,
            "percN": 0.0,
            "percU": 0.0,
            "percUNK": 16119.6,
            "l": 0.9968106012159998,
            "u": 1.0,
            "flag": "INTEREST"
        },
        "~a_6": {
            "yes": 563,
            "no": 0,
            "undecided": 536,
            "unknown": 0,
            "pyes": 0.9833229880000002,
            "pno": 0.0,
            "pundecided": 0.016677012,
            "punknown": 0.0,
            "time": 49.41441750526428,
            "delp_calls": 1099,
            "percY": 17970.96,
            "percN": 0.0,
            "percU": 17109.12,
            "percUNK": 0.0,
            "l": 0.9833229880000002,
            "u": 1.0,
            "flag": "INTEREST"
        },
        "a_8": {
            "yes": 1035,
            "no": 0,
            "undecided": 0,
            "unknown": 0,
            "pyes": 1.0000000000000002,
            "pno": 0.0,
            "pundecided": 0.0,
            "punknown": 0.0,
            "time": 48.2560601234436,
            "delp_calls": 1035,
            "percY": 33037.2,
            "percN": 0.0,
            "percU": 0.0,
            "percUNK": 0.0,
            "l": 1.0000000000000002,
            "u": 1.0,
            "flag": "INTEREST"
        }
    },
    "data": {
        "n_samples": 3192,
        "time": 180.07287788391113,
        "repeated_programs": 0,
        "inconsistent_programs": 0,
        "worlds_consulted": 6144,
        "delp_calls": 3192
    }
}