{
    "status": {
        "~a_0": {
            "yes": 101148,
            "no": 0,
            "undecided": 0,
            "unknown": 33660,
            "pyes": 0.20971176139256478,
            "pno": 0.0,
            "pundecided": 0.0,
            "punknown": 0.0026336635687316716,
            "time": 6502.20582652092,
            "delp_calls": 112,
            "percY": 601141782.12,
            "percN": 0.0,
            "percU": 0.0,
            "percUNK": 200047775.4,
            "l": 0.20971176139256478,
            "u": 1.0
        },
        "~a_6": {
            "yes": 100838,
            "no": 0,
            "undecided": 33659,
            "unknown": 0,
            "pyes": 0.3359327566955842,
            "pno": 0.0,
            "pundecided": 0.014760795878288598,
            "punknown": 0.0,
            "time": 7222.069167375565,
            "delp_calls": 112,
            "percY": 599299393.22,
            "percN": 0.0,
            "percU": 200041832.21,
            "percUNK": 0.0,
            "l": 0.3359327566955842,
            "u": 1.0
        },
        "a_8": {
            "yes": 147465,
            "no": 0,
            "undecided": 0,
            "unknown": 0,
            "pyes": 0.6980984791691655,
            "pno": 0.0,
            "pundecided": 0.0,
            "punknown": 0.0,
            "time": 7761.459315776825,
            "delp_calls": 112,
            "percY": 876412513.35,
            "percN": 0.0,
            "percU": 0.0,
            "percUNK": 0.0,
            "l": 0.6980984791691655,
            "u": 1.0,
            "flag": "INTEREST"
        }
    },
    "data": {
        "n_samples": 594319,
        "time": 180.00062894821167,
        "repeated_worlds": 177549,
        "repeated_progs": 593983,
        "unique_progs": 336,
        "delp_calls": 336
    }
}