{
    "status": {
        "d_10": {
            "yes": 4096,
            "no": 0,
            "undecided": 0,
            "unknown": 0,
            "pyes": 1.0000000000000002,
            "pno": 0.0,
            "pundecided": 0.0,
            "punknown": 0.0,
            "time": 181.3113775253296,
            "delp_calls": 264,
            "percY": 358519275.52,
            "percN": 0.0,
            "percU": 0.0,
            "percUNK": 0.0,
            "l": 1.0000000000000002,
            "u": 1.0,
            "flag": "INTEREST"
        },
        "~a_7": {
            "yes": 976,
            "no": 0,
            "undecided": 3120,
            "unknown": 0,
            "pyes": 0.8343259200000002,
            "pno": 0.0,
            "pundecided": 0.16567407999999992,
            "punknown": 0.0,
            "time": 188.41702461242676,
            "delp_calls": 264,
            "percY": 85428421.12,
            "percN": 0.0,
            "percU": 273090854.4,
            "percUNK": 0.0,
            "l": 0.8343259200000002,
            "u": 1.0,
            "flag": "INTEREST"
        },
        "~a_8": {
            "yes": 1024,
            "no": 0,
            "undecided": 3072,
            "unknown": 0,
            "pyes": 0.83432592,
            "pno": 0.0,
            "pundecided": 0.16567408000000036,
            "punknown": 0.0,
            "time": 192.80931758880615,
            "delp_calls": 264,
            "percY": 89629818.88,
            "percN": 0.0,
            "percU": 268889456.64,
            "percUNK": 0.0,
            "l": 0.83432592,
            "u": 1.0,
            "flag": "INTEREST"
        }
    },
    "data": {
        "n_samples": 8752912,
        "time": 180.0000183582306,
        "repeated_worlds": 8740624,
        "repeated_progs": 8752120,
        "unique_progs": 792,
        "delp_calls": 792
    }
}