{
    "status": {
        "d_26": {
            "yes": 6980,
            "no": 0,
            "undecided": 0,
            "unknown": 0,
            "pyes": 0.008610222714306991,
            "pno": 0.0,
            "pundecided": 0.0,
            "punknown": 0.0,
            "time": 291.777898311615,
            "delp_calls": 6771,
            "percY": 1334296.8,
            "percN": 0.0,
            "percU": 0.0,
            "percUNK": 0.0,
            "l": 0.008610222714306991,
            "u": 1.0
        },
        "a_16": {
            "yes": 4298,
            "no": 1235,
            "undecided": 0,
            "unknown": 0,
            "pyes": 0.003219271051050564,
            "pno": 1.8380150778442273e-06,
            "pundecided": 0.0,
            "punknown": 0.0,
            "time": 292.468368768692,
            "delp_calls": 5417,
            "percY": 821605.68,
            "percN": 236082.6,
            "percU": 0.0,
            "percUNK": 0.0,
            "l": 0.003219271051050564,
            "u": 0.9999981619849222
        },
        "a_17": {
            "yes": 5173,
            "no": 1176,
            "undecided": 0,
            "unknown": 0,
            "pyes": 0.006160409055962027,
            "pno": 2.9880298930608072e-05,
            "pundecided": 0.0,
            "punknown": 0.0,
            "time": 291.15970826148987,
            "delp_calls": 6206,
            "percY": 988870.68,
            "percN": 224804.16,
            "percU": 0.0,
            "percUNK": 0.0,
            "l": 0.006160409055962027,
            "u": 0.9999701197010694
        }
    },
    "data": {
        "n_samples": 19116,
        "time": 900.1075658798218,
        "repeated_worlds": 254,
        "repeated_progs": 722,
        "unique_progs": 18394,
        "delp_calls": 18394
    }
}