{
    "status": {
        "a_4": {
            "yes": 56166,
            "no": 0,
            "undecided": 0,
            "unknown": 0,
            "pyes": 0.002936131472619514,
            "pno": 0.0,
            "pundecided": 0.0,
            "punknown": 0.0,
            "time": 2377.9627923965454,
            "delp_calls": 644,
            "percY": 98936409.0,
            "percN": 0.0,
            "percU": 0.0,
            "percUNK": 0.0,
            "l": 0.002936131472619514,
            "u": 1.0
        },
        "a_7": {
            "yes": 43335,
            "no": 2138,
            "undecided": 15052,
            "unknown": 0,
            "pyes": 0.003380765476268719,
            "pno": 0.0001676226310468096,
            "pundecided": 0.000217180774321932,
            "punknown": 0.0,
            "time": 2774.4240453243256,
            "delp_calls": 648,
            "percY": 76334602.5,
            "percN": 3766087.0,
            "percU": 26514098.0,
            "percUNK": 0.0,
            "l": 0.003380765476268719,
            "u": 0.9998323773689531
        },
        "~a_8": {
            "yes": 1166,
            "no": 43195,
            "undecided": 14810,
            "unknown": 0,
            "pyes": 4.372305183545854e-06,
            "pno": 0.0024090371747650156,
            "pundecided": 0.0015091286608426972,
            "punknown": 0.0,
            "time": 2791.5353848934174,
            "delp_calls": 647,
            "percY": 2053909.0,
            "percN": 76087992.5,
            "percU": 26087815.0,
            "percUNK": 0.0,
            "l": 4.372305183545854e-06,
            "u": 0.997590962825235
        }
    },
    "data": {
        "n_samples": 176150,
        "time": 180.00025701522827,
        "repeated_worlds": 288,
        "repeated_progs": 174211,
        "unique_progs": 1939,
        "delp_calls": 1939
    }
}