{
    "status": {
        "d_59": {
            "yes": 2546,
            "no": 0,
            "undecided": 0,
            "unknown": 0,
            "pyes": 0.8530841554908088,
            "pno": 0.0,
            "pundecided": 0.0,
            "punknown": 0.0,
            "time": 102.45030546188354,
            "delp_calls": 5120,
            "percY": 130355.2,
            "percN": 0.0,
            "percU": 0.0,
            "percUNK": 0.0,
            "l": 0.8530841554908088,
            "u": 1.0,
            "flag": "INTEREST"
        }
    },
    "data": {
        "n_samples": 5120,
        "time": 300.0437443256378,
        "repeated_programs": 0,
        "inconsistent_programs": 2574,
        "worlds_consulted": 1458,
        "delp_calls": 5120
    }
}