{
    "status": {
        "d_10": {
            "yes": 131072,
            "no": 0,
            "undecided": 131072,
            "unknown": 0,
            "pyes": 0.9099999999999713,
            "pno": 0.0,
            "pundecided": 0.0900000000000021,
            "punknown": 0.0,
            "time": 10399.452880859375,
            "delp_calls": 512,
            "percY": 18093458063.36,
            "percN": 0.0,
            "percU": 18093458063.36,
            "percUNK": 0.0,
            "l": 0.9099999999999713,
            "u": 1.0,
            "flag": "INTEREST"
        }
    },
    "data": {
        "n_samples": 13804213,
        "time": 300.0000030994415,
        "repeated_worlds": 13542069,
        "repeated_progs": 13803701,
        "unique_progs": 512,
        "delp_calls": 512
    }
}