{
    "status": {
        "d_18": {
            "yes": 917,
            "no": 0,
            "undecided": 466,
            "unknown": 14,
            "pyes": 0.17895063656391605,
            "pno": 0.0,
            "pundecided": 0.0026110665284335673,
            "punknown": 3.01508845796466e-08,
            "time": 56.02914214134216,
            "delp_calls": 1395,
            "percY": 15442.28,
            "percN": 0.0,
            "percU": 7847.44,
            "percUNK": 235.76,
            "l": 0.17895063656391605,
            "u": 1.0
        }
    },
    "data": {
        "n_samples": 1684,
        "time": 60.03962445259094,
        "repeated_worlds": 287,
        "repeated_progs": 289,
        "unique_progs": 1395,
        "delp_calls": 1395
    }
}