{
    "status": {
        "d_18": {
            "yes": 144,
            "no": 0,
            "undecided": 93,
            "unknown": 1,
            "pyes": 0.0031283711671024205,
            "pno": 0.0,
            "pundecided": 7.00902862927133e-05,
            "punknown": 4.6025143164000013e-10,
            "time": 9.41753602027893,
            "delp_calls": 238,
            "percY": 342.72,
            "percN": 0.0,
            "percU": 221.34,
            "percUNK": 2.38,
            "l": 0.0031283711671024205,
            "u": 1.0
        }
    },
    "data": {
        "n_samples": 238,
        "time": 60.210755348205566,
        "repeated_programs": 0,
        "inconsistent_programs": 0,
        "worlds_consulted": 236,
        "delp_calls": 238
    }
}