{
    "status": {
        "a_8": {
            "yes": 503,
            "no": 0,
            "undecided": 0,
            "unknown": 208,
            "pyes": 0.10077304088556498,
            "pno": 0.0,
            "pundecided": 0.0,
            "punknown": 7.675007797215011e-05,
            "time": 32.037368297576904,
            "delp_calls": 711,
            "percY": 10195.81,
            "percN": 0.0,
            "percU": 0.0,
            "percUNK": 4216.16,
            "l": 0.10077304088556498,
            "u": 1.0
        },
        "a_13": {
            "yes": 155,
            "no": 0,
            "undecided": 517,
            "unknown": 0,
            "pyes": 0.019425227796730456,
            "pno": 0.0,
            "pundecided": 0.04981040818161984,
            "punknown": 0.0,
            "time": 31.634477853775024,
            "delp_calls": 672,
            "percY": 3141.85,
            "percN": 0.0,
            "percU": 10479.59,
            "percUNK": 0.0,
            "l": 0.019425227796730456,
            "u": 1.0
        },
        "~a_16": {
            "yes": 0,
            "no": 156,
            "undecided": 488,
            "unknown": 0,
            "pyes": 0.0,
            "pno": 0.05650846129636039,
            "pundecided": 0.0066194403933400444,
            "punknown": 0.0,
            "time": 33.00394153594971,
            "delp_calls": 644,
            "percY": 0.0,
            "percN": 3162.12,
            "percU": 9891.76,
            "percUNK": 0.0,
            "l": 0.0,
            "u": 0.9434915387036396
        }
    },
    "data": {
        "n_samples": 2027,
        "time": 180.1274197101593,
        "repeated_programs": 0,
        "inconsistent_programs": 0,
        "worlds_consulted": 2367,
        "delp_calls": 2027
    }
}