{
    "status": {
        "d_65": {
            "yes": 1228,
            "no": 0,
            "undecided": 1278,
            "unknown": 0,
            "pyes": 0.09031454649563773,
            "pno": 0.0,
            "pundecided": 0.005112771672756823,
            "punknown": 0.0,
            "time": 101.35968089103699,
            "delp_calls": 5050,
            "percY": 184114.04,
            "percN": 0.0,
            "percU": 191610.54,
            "percUNK": 0.0,
            "l": 0.09031454649563773,
            "u": 1.0
        },
        "a_10": {
            "yes": 1200,
            "no": 0,
            "undecided": 1289,
            "unknown": 0,
            "pyes": 0.086651806105555,
            "pno": 0.0,
            "pundecided": 0.010146651873058875,
            "punknown": 0.0,
            "time": 100.67793130874634,
            "delp_calls": 5067,
            "percY": 179916.0,
            "percN": 0.0,
            "percU": 193259.77,
            "percUNK": 0.0,
            "l": 0.086651806105555,
            "u": 1.0
        },
        "~a_18": {
            "yes": 233,
            "no": 356,
            "undecided": 1787,
            "unknown": 0,
            "pyes": 0.01248476740758543,
            "pno": 0.07883965745834867,
            "pundecided": 0.02367535248159409,
            "punknown": 0.0,
            "time": 102.47057366371155,
            "delp_calls": 4876,
            "percY": 34933.69,
            "percN": 53375.08,
            "percU": 267924.91,
            "percUNK": 0.0,
            "l": 0.01248476740758543,
            "u": 0.9211603425416514
        }
    },
    "data": {
        "n_samples": 14993,
        "time": 900.0521807670593,
        "repeated_programs": 0,
        "inconsistent_programs": 7622,
        "worlds_consulted": 4331,
        "delp_calls": 14993
    }
}