{
    "status": {
        "d_20": {
            "yes": 1795,
            "no": 0,
            "undecided": 5359,
            "unknown": 0,
            "pyes": 0.0010162340642174534,
            "pno": 0.0,
            "pundecided": 0.0005108186502840514,
            "punknown": 0.0,
            "time": 301.2212941646576,
            "delp_calls": 6722,
            "percY": 358874.35,
            "percN": 0.0,
            "percU": 1071424.87,
            "percUNK": 0.0,
            "l": 0.0010162340642174534,
            "u": 1.0
        },
        "~a_16": {
            "yes": 4043,
            "no": 567,
            "undecided": 2203,
            "unknown": 0,
            "pyes": 0.020212995690977495,
            "pno": 0.0004259157283198649,
            "pundecided": 7.169077491592514e-05,
            "punknown": 0.0,
            "time": 301.51604986190796,
            "delp_calls": 6407,
            "percY": 808316.99,
            "percN": 113360.31,
            "percU": 440445.79,
            "percUNK": 0.0,
            "l": 0.020212995690977495,
            "u": 0.9995740842716802
        },
        "a_18": {
            "yes": 0,
            "no": 1157,
            "undecided": 4601,
            "unknown": 0,
            "pyes": 0.0,
            "pno": 0.0005235574103503379,
            "pundecided": 0.0003366277980196061,
            "punknown": 0.0,
            "time": 300.5849702358246,
            "delp_calls": 5465,
            "percY": 0.0,
            "percN": 231319.01,
            "percU": 919877.93,
            "percUNK": 0.0,
            "l": 0.0,
            "u": 0.9994764425896496
        }
    },
    "data": {
        "n_samples": 19993,
        "time": 900.0826976299286,
        "repeated_worlds": 268,
        "repeated_progs": 1399,
        "unique_progs": 18594,
        "delp_calls": 18594
    }
}