{
    "status": {
        "~a_8": {
            "yes": 237,
            "no": 122,
            "undecided": 120,
            "unknown": 0,
            "pyes": 0.15722178931918196,
            "pno": 0.15868269334931281,
            "pundecided": 0.0,
            "punknown": 0.0,
            "time": 24.043452739715576,
            "delp_calls": 625,
            "percY": 1481.25,
            "percN": 762.5,
            "percU": 750.0,
            "percUNK": 0.0,
            "l": 0.15722178931918196,
            "u": 0.8413173066506872
        }
    },
    "data": {
        "n_samples": 625,
        "time": 61.947437047958374,
        "repeated_programs": 0,
        "inconsistent_programs": 146,
        "worlds_consulted": 7668,
        "delp_calls": 625
    }
}