{
    "status": {
        "d_15": {
            "yes": 1975,
            "no": 0,
            "undecided": 1652,
            "unknown": 344,
            "pyes": 0.33919569791999993,
            "pno": 0.0,
            "pundecided": 0.30737267739769325,
            "punknown": 0.03143162468230685,
            "time": 165.12886905670166,
            "delp_calls": 6606,
            "percY": 385065.75,
            "percN": 0.0,
            "percU": 322090.44,
            "percUNK": 67069.68,
            "l": 0.33919569791999993,
            "u": 1.0
        },
        "a_9": {
            "yes": 1732,
            "no": 2095,
            "undecided": 0,
            "unknown": 0,
            "pyes": 0.2718964941560434,
            "pno": 0.4061035058439566,
            "pundecided": 0.0,
            "punknown": 0.0,
            "time": 163.98041653633118,
            "delp_calls": 6460,
            "percY": 337688.04,
            "percN": 408462.15,
            "percU": 0.0,
            "percUNK": 0.0,
            "l": 0.2718964941560434,
            "u": 0.5938964941560434,
            "flag": "INTEREST"
        },
        "~a_9": {
            "yes": 2098,
            "no": 1768,
            "undecided": 0,
            "unknown": 0,
            "pyes": 0.39969640628817593,
            "pno": 0.278303593711824,
            "pundecided": 0.0,
            "punknown": 0.0,
            "time": 166.2885799407959,
            "delp_calls": 6431,
            "percY": 409047.06,
            "percN": 344706.96,
            "percU": 0.0,
            "percUNK": 0.0,
            "l": 0.39969640628817593,
            "u": 0.721696406288176,
            "flag": "INTEREST"
        }
    },
    "data": {
        "n_samples": 19497,
        "time": 900.0518906116486,
        "repeated_programs": 0,
        "inconsistent_programs": 7833,
        "worlds_consulted": 192,
        "delp_calls": 19497
    }
}