{
    "status": {
        "d_15": {
            "yes": 366815,
            "no": 0,
            "undecided": 367740,
            "unknown": 0,
            "pyes": 0.019662243369713873,
            "pno": 0.0,
            "pundecided": 0.02068030957270089,
            "punknown": 0.0,
            "time": 30176.087889671326,
            "delp_calls": 128,
            "percY": 8015080153.05,
            "percN": 0.0,
            "percU": 8035291837.8,
            "percUNK": 0.0,
            "l": 0.019662243369713873,
            "u": 1.0
        },
        "a_9": {
            "yes": 175819,
            "no": 175568,
            "undecided": 350615,
            "unknown": 0,
            "pyes": 0.013877424777375823,
            "pno": 0.01349114815559039,
            "pundecided": 0.014321657052116387,
            "punknown": 0.0,
            "time": 38613.30368208885,
            "delp_calls": 128,
            "percY": 3841727784.93,
            "percN": 3836243316.96,
            "percU": 7661102539.05,
            "percUNK": 0.0,
            "l": 0.013877424777375823,
            "u": 0.9865088518444096
        },
        "~a_9": {
            "yes": 175846,
            "no": 175550,
            "undecided": 350104,
            "unknown": 0,
            "pyes": 0.015484956201732056,
            "pno": 0.015735431841672264,
            "pundecided": 0.013385741438822343,
            "punknown": 0.0,
            "time": 46567.45249247551,
            "delp_calls": 128,
            "percY": 3842317747.62,
            "percN": 3835850008.5,
            "percU": 7649936948.88,
            "percUNK": 0.0,
            "l": 0.015484956201732056,
            "u": 0.9842645681583277
        }
    },
    "data": {
        "n_samples": 2185047,
        "time": 900.0005898475647,
        "repeated_worlds": 46990,
        "repeated_progs": 2184663,
        "unique_progs": 384,
        "delp_calls": 384
    }
}