{
    "status": {
        "~d_32": {
            "yes": 504,
            "no": 0,
            "undecided": 1717,
            "unknown": 0,
            "pyes": 0.0006066586300103383,
            "pno": 0.0,
            "pundecided": 6.438408536431192e-05,
            "punknown": 0.0,
            "time": 93.23430323600769,
            "delp_calls": 2221,
            "percY": 11193.84,
            "percN": 0.0,
            "percU": 38134.57,
            "percUNK": 0.0,
            "l": 0.0006066586300103383,
            "u": 1.0
        }
    },
    "data": {
        "n_samples": 2221,
        "time": 300.0830099582672,
        "repeated_programs": 0,
        "inconsistent_programs": 0,
        "worlds_consulted": 3464,
        "delp_calls": 2221
    }
}