{
    "status": {
        "~d_32": {
            "yes": 1679,
            "no": 0,
            "undecided": 5145,
            "unknown": 0,
            "pyes": 0.003249989191286748,
            "pno": 0.0,
            "pundecided": 0.000833279319164408,
            "punknown": 0.0,
            "time": 287.7212429046631,
            "delp_calls": 6707,
            "percY": 115884.58,
            "percN": 0.0,
            "percU": 355107.9,
            "percUNK": 0.0,
            "l": 0.003249989191286748,
            "u": 1.0
        }
    },
    "data": {
        "n_samples": 6902,
        "time": 300.0123887062073,
        "repeated_worlds": 78,
        "repeated_progs": 195,
        "unique_progs": 6707,
        "delp_calls": 6707
    }
}