{
    "status": {
        "~d_46": {
            "yes": 134,
            "no": 0,
            "undecided": 984,
            "unknown": 75,
            "pyes": 0.06989472047905373,
            "pno": 0.0,
            "pundecided": 0.058507600928200315,
            "punknown": 0.0005154961485267577,
            "time": 55.46295404434204,
            "delp_calls": 1193,
            "percY": 5757.98,
            "percN": 0.0,
            "percU": 42282.48,
            "percUNK": 3222.75,
            "l": 0.06989472047905373,
            "u": 1.0
        },
        "a_13": {
            "yes": 15,
            "no": 0,
            "undecided": 1210,
            "unknown": 7,
            "pyes": 0.009994309371811382,
            "pno": 0.0,
            "pundecided": 0.16144353710072115,
            "punknown": 9.313856779561769e-07,
            "time": 55.51683163642883,
            "delp_calls": 1232,
            "percY": 644.55,
            "percN": 0.0,
            "percU": 51993.7,
            "percUNK": 300.79,
            "l": 0.009994309371811382,
            "u": 1.0
        },
        "a_17": {
            "yes": 368,
            "no": 191,
            "undecided": 651,
            "unknown": 2,
            "pyes": 0.5484565263466026,
            "pno": 0.007866962937167793,
            "pundecided": 0.031614862853498765,
            "punknown": 0.0,
            "time": 55.60427498817444,
            "delp_calls": 1212,
            "percY": 15812.96,
            "percN": 8207.27,
            "percU": 27973.47,
            "percUNK": 85.94,
            "l": 0.5484565263466026,
            "u": 0.9921330370628322,
            "flag": "INTEREST"
        }
    },
    "data": {
        "n_samples": 4297,
        "time": 180.07043361663818,
        "repeated_worlds": 660,
        "repeated_progs": 660,
        "unique_progs": 3637,
        "delp_calls": 3637
    }
}