{
    "status": {
        "a_6": {
            "yes": 3348,
            "no": 0,
            "undecided": 874,
            "unknown": 0,
            "pyes": 0.0017999732539613802,
            "pno": 0.0,
            "pundecided": 1.1766106979161233e-08,
            "punknown": 0.0,
            "time": 204.5419659614563,
            "delp_calls": 4803,
            "percY": 328773.6,
            "percN": 0.0,
            "percU": 85826.8,
            "percUNK": 0.0,
            "l": 0.0017999732539613802,
            "u": 1.0
        },
        "a_7": {
            "yes": 3485,
            "no": 0,
            "undecided": 899,
            "unknown": 0,
            "pyes": 0.0016325112266135074,
            "pno": 0.0,
            "pundecided": 4.317230999007148e-08,
            "punknown": 0.0,
            "time": 201.63544535636902,
            "delp_calls": 5017,
            "percY": 342227.0,
            "percN": 0.0,
            "percU": 88281.8,
            "percUNK": 0.0,
            "l": 0.0016325112266135074,
            "u": 1.0
        }
    },
    "data": {
        "n_samples": 9820,
        "time": 600.0487058162689,
        "repeated_programs": 0,
        "inconsistent_programs": 1214,
        "worlds_consulted": 16315,
        "delp_calls": 9820
    }
}