{
    "status": {
        "a_6": {
            "yes": 262144,
            "no": 0,
            "undecided": 0,
            "unknown": 0,
            "pyes": 0.9999999999999705,
            "pno": 0.0,
            "pundecided": 0.0,
            "punknown": 0.0,
            "time": 14538.722890853882,
            "delp_calls": 1088,
            "percY": 36481264517.12,
            "percN": 0.0,
            "percU": 0.0,
            "percUNK": 0.0,
            "l": 0.9999999999999705,
            "u": 1.0,
            "flag": "INTEREST"
        },
        "a_7": {
            "yes": 262144,
            "no": 0,
            "undecided": 0,
            "unknown": 0,
            "pyes": 0.9999999999999889,
            "pno": 0.0,
            "pundecided": 0.0,
            "punknown": 0.0,
            "time": 16046.039329528809,
            "delp_calls": 1088,
            "percY": 36481264517.12,
            "percN": 0.0,
            "percU": 0.0,
            "percUNK": 0.0,
            "l": 0.9999999999999889,
            "u": 1.0,
            "flag": "INTEREST"
        }
    },
    "data": {
        "n_samples": 13916498,
        "time": 600.0000298023224,
        "repeated_worlds": 13392210,
        "repeated_progs": 13914322,
        "unique_progs": 2176,
        "delp_calls": 2176
    }
}