{
    "status": {
        "a_19": {
            "yes": 425,
            "no": 15,
            "undecided": 47,
            "unknown": 0,
            "pyes": 0.1105839635900022,
            "pno": 3.439196120853057e-05,
            "pundecided": 5.010566049240694e-06,
            "punknown": 0.0,
            "time": 23.31703019142151,
            "delp_calls": 487,
            "percY": 2069.75,
            "percN": 73.05,
            "percU": 228.89,
            "percUNK": 0.0,
            "l": 0.1105839635900022,
            "u": 0.9999656080387914
        }
    },
    "data": {
        "n_samples": 487,
        "time": 60.09394860267639,
        "repeated_programs": 0,
        "inconsistent_programs": 0,
        "worlds_consulted": 492,
        "delp_calls": 487
    }
}