{
    "status": {
        "a_19": {
            "yes": 1023,
            "no": 38,
            "undecided": 129,
            "unknown": 0,
            "pyes": 0.21045167263732809,
            "pno": 5.175124608594848e-05,
            "pundecided": 0.0001640698543772516,
            "punknown": 0.0,
            "time": 57.67705011367798,
            "delp_calls": 1172,
            "percY": 14322.0,
            "percN": 532.0,
            "percU": 1806.0,
            "percUNK": 0.0,
            "l": 0.21045167263732809,
            "u": 0.9999482487539141
        }
    },
    "data": {
        "n_samples": 1400,
        "time": 60.04300594329834,
        "repeated_worlds": 210,
        "repeated_progs": 228,
        "unique_progs": 1172,
        "delp_calls": 1172
    }
}