{
    "status": {
        "d_12": {
            "yes": 2560,
            "no": 0,
            "undecided": 1024,
            "unknown": 512,
            "pyes": 0.9500000000000002,
            "pno": 0.0,
            "pundecided": 0.04973863679999997,
            "punknown": 0.00026136320000000004,
            "time": 160.50934553146362,
            "delp_calls": 2675,
            "percY": 693708518.4,
            "percN": 0.0,
            "percU": 277483407.36,
            "percUNK": 138741703.68,
            "l": 0.9500000000000002,
            "u": 1.0,
            "flag": "INTEREST"
        },
        "~a_8": {
            "yes": 172,
            "no": 1788,
            "undecided": 2040,
            "unknown": 96,
            "pyes": 0.0005728522168489877,
            "pno": 0.8676312247573005,
            "pundecided": 0.13171533926261544,
            "punknown": 8.058376323483362e-05,
            "time": 162.99033617973328,
            "delp_calls": 2675,
            "percY": 46608541.08,
            "percN": 484512043.32,
            "percU": 552798975.6,
            "percUNK": 26014069.44,
            "l": 0.0005728522168489877,
            "u": 0.13236877524269952,
            "flag": "INTEREST"
        }
    },
    "data": {
        "n_samples": 27097989,
        "time": 600.0000154972076,
        "repeated_worlds": 27089797,
        "repeated_progs": 27092639,
        "unique_progs": 5350,
        "delp_calls": 5350
    }
}