{
    "status": {
        "d_34": {
            "yes": 2048,
            "no": 0,
            "undecided": 2048,
            "unknown": 0,
            "pyes": 0.8877740000000004,
            "pno": 0.0,
            "pundecided": 0.112226,
            "punknown": 0.0,
            "time": 168.1943531036377,
            "delp_calls": 4096,
            "percY": 186177044.48,
            "percN": 0.0,
            "percU": 186177044.48,
            "percUNK": 0.0,
            "l": 0.8877740000000004,
            "u": 1.0,
            "flag": "INTEREST"
        }
    },
    "data": {
        "n_samples": 9090676,
        "time": 300.0000057220459,
        "repeated_worlds": 9086580,
        "repeated_progs": 9086580,
        "unique_progs": 4096,
        "delp_calls": 4096
    }
}