{
    "status": {
        "d_34": {
            "yes": 2100,
            "no": 0,
            "undecided": 0,
            "unknown": 0,
            "pyes": 0.2582449709902315,
            "pno": 0.0,
            "pundecided": 0.0,
            "punknown": 0.0,
            "time": 85.82531189918518,
            "delp_calls": 4250,
            "percY": 89250.0,
            "percN": 0.0,
            "percU": 0.0,
            "percUNK": 0.0,
            "l": 0.2582449709902315,
            "u": 1.0
        }
    },
    "data": {
        "n_samples": 4250,
        "time": 300.0175597667694,
        "repeated_programs": 0,
        "inconsistent_programs": 2150,
        "worlds_consulted": 1310,
        "delp_calls": 4250
    }
}