{
    "status": {
        "~a_7": {
            "yes": 5092,
            "no": 1547,
            "undecided": 0,
            "unknown": 0,
            "pyes": 0.15483254464999993,
            "pno": 0.84516745535,
            "pundecided": 0.0,
            "punknown": 0.0,
            "time": 259.9995322227478,
            "delp_calls": 6639,
            "percY": 338057.88,
            "percN": 102705.33,
            "percU": 0.0,
            "percUNK": 0.0,
            "l": 0.15483254464999993,
            "u": 0.15483254464999996,
            "flag": "INTEREST"
        }
    },
    "data": {
        "n_samples": 6639,
        "time": 300.013147354126,
        "repeated_programs": 0,
        "inconsistent_programs": 0,
        "worlds_consulted": 512,
        "delp_calls": 6639
    }
}