{
    "status": {
        "~a_7": {
            "yes": 3328,
            "no": 768,
            "undecided": 0,
            "unknown": 0,
            "pyes": 0.15483254465000035,
            "pno": 0.84516745535,
            "pundecided": 0.0,
            "punknown": 0.0,
            "time": 164.1299591064453,
            "delp_calls": 60,
            "percY": 715026524.16,
            "percN": 165006120.96,
            "percU": 0.0,
            "percUNK": 0.0,
            "l": 0.15483254465000035,
            "u": 0.15483254464999996,
            "flag": "INTEREST"
        }
    },
    "data": {
        "n_samples": 21485172,
        "time": 300.0000066757202,
        "repeated_worlds": 21481076,
        "repeated_progs": 21485112,
        "unique_progs": 60,
        "delp_calls": 60
    }
}