{
    "status": {
        "a_7": {
            "yes": 658,
            "no": 816,
            "undecided": 1488,
            "unknown": 4,
            "pyes": 0.03825556907145279,
            "pno": 0.010350676300154729,
            "pundecided": 0.0050500049722432576,
            "punknown": 1.495962422686727e-07,
            "time": 136.1302170753479,
            "delp_calls": 5658,
            "percY": 74103.96,
            "percN": 91897.92,
            "percU": 167578.56,
            "percUNK": 450.48,
            "l": 0.03825556907145279,
            "u": 0.9896493236998453
        },
        "a_8": {
            "yes": 391,
            "no": 1113,
            "undecided": 1463,
            "unknown": 6,
            "pyes": 0.007456810382399927,
            "pno": 0.039625213642115104,
            "pundecided": 0.00474303735851956,
            "punknown": 1.495962422686727e-07,
            "time": 137.26260995864868,
            "delp_calls": 5604,
            "percY": 44034.42,
            "percN": 125346.06,
            "percU": 164763.06,
            "percUNK": 675.72,
            "l": 0.007456810382399927,
            "u": 0.9603747863578849
        }
    },
    "data": {
        "n_samples": 11262,
        "time": 600.021981716156,
        "repeated_programs": 0,
        "inconsistent_programs": 5323,
        "worlds_consulted": 3087,
        "delp_calls": 11262
    }
}