{
    "status": {
        "a_7": {
            "yes": 94908,
            "no": 49620,
            "undecided": 144331,
            "unknown": 0,
            "pyes": 0.015330865034295378,
            "pno": 0.0007053103146782152,
            "pundecided": 0.0014823891238426531,
            "punknown": 0.0,
            "time": 11718.218293905258,
            "delp_calls": 4096,
            "percY": 508584448.68,
            "percN": 265899190.2,
            "percU": 773427973.01,
            "percUNK": 0.0,
            "l": 0.015330865034295378,
            "u": 0.9992946896853218
        },
        "a_8": {
            "yes": 30252,
            "no": 90835,
            "undecided": 121592,
            "unknown": 0,
            "pyes": 0.00381637367914722,
            "pno": 0.012418332872418045,
            "pundecided": 0.001172388631229266,
            "punknown": 0.0,
            "time": 11262.690260648727,
            "delp_calls": 4096,
            "percY": 162111694.92,
            "percN": 486758422.85,
            "percU": 651576266.32,
            "percUNK": 0.0,
            "l": 0.00381637367914722,
            "u": 0.987581667127582
        }
    },
    "data": {
        "n_samples": 535871,
        "time": 600.0005712509155,
        "repeated_worlds": 4333,
        "repeated_progs": 527679,
        "unique_progs": 8192,
        "delp_calls": 8192
    }
}