{
    "status": {
        "d_41": {
            "yes": 3448,
            "no": 0,
            "undecided": 0,
            "unknown": 0,
            "pyes": 0.8674287323080859,
            "pno": 0.0,
            "pundecided": 0.0,
            "punknown": 0.0,
            "time": 137.3285834789276,
            "delp_calls": 3448,
            "percY": 232395.2,
            "percN": 0.0,
            "percU": 0.0,
            "percUNK": 0.0,
            "l": 0.8674287323080859,
            "u": 1.0,
            "flag": "INTEREST"
        },
        "a_16": {
            "yes": 2791,
            "no": 501,
            "undecided": 0,
            "unknown": 0,
            "pyes": 0.1390427159276909,
            "pno": 0.022480839034883297,
            "pundecided": 0.0,
            "punknown": 0.0,
            "time": 143.97771310806274,
            "delp_calls": 3292,
            "percY": 188113.4,
            "percN": 33767.4,
            "percU": 0.0,
            "percUNK": 0.0,
            "l": 0.1390427159276909,
            "u": 0.9775191609651167
        }
    },
    "data": {
        "n_samples": 6740,
        "time": 600.1070735454559,
        "repeated_programs": 0,
        "inconsistent_programs": 0,
        "worlds_consulted": 4632,
        "delp_calls": 6740
    }
}