{
    "status": {
        "d_14": {
            "yes": 3584,
            "no": 0,
            "undecided": 384,
            "unknown": 128,
            "pyes": 0.911790999999999,
            "pno": 0.0,
            "pundecided": 0.07781965979333039,
            "punknown": 0.010389340206669602,
            "time": 160.86957335472107,
            "delp_calls": 1269,
            "percY": 1971103482.88,
            "percN": 0.0,
            "percU": 211189658.88,
            "percUNK": 70396552.96,
            "l": 0.911790999999999,
            "u": 1.0,
            "flag": "INTEREST"
        },
        "a_5": {
            "yes": 1612,
            "no": 0,
            "undecided": 2436,
            "unknown": 48,
            "pyes": 0.9754263216207478,
            "pno": 0.0,
            "pundecided": 0.02455836211195684,
            "punknown": 1.5316267295609278e-05,
            "time": 162.04116344451904,
            "delp_calls": 1269,
            "percY": 886556588.84,
            "percN": 0.0,
            "percU": 1339734398.52,
            "percUNK": 26398707.36,
            "l": 0.9754263216207478,
            "u": 1.0,
            "flag": "INTEREST"
        },
        "a_7": {
            "yes": 1636,
            "no": 240,
            "undecided": 2188,
            "unknown": 32,
            "pyes": 0.9754263250051479,
            "pno": 9.192335593599999e-06,
            "pundecided": 0.0244865698685048,
            "punknown": 7.79127907536e-05,
            "time": 164.71586799621582,
            "delp_calls": 1269,
            "percY": 899755942.52,
            "percN": 131993536.8,
            "percU": 1203341077.16,
            "percUNK": 17599138.24,
            "l": 0.9754263250051479,
            "u": 0.9999908076644064,
            "flag": "INTEREST"
        }
    },
    "data": {
        "n_samples": 54997307,
        "time": 900.0000240802765,
        "repeated_worlds": 54985019,
        "repeated_progs": 54993500,
        "unique_progs": 3807,
        "delp_calls": 3807
    }
}