{
    "status": {
        "~d_17": {
            "yes": 525642,
            "no": 0,
            "undecided": 0,
            "unknown": 0,
            "pyes": 0.0283574942079077,
            "pno": 0.0,
            "pundecided": 0.0,
            "punknown": 0.0,
            "time": 21574.340072155,
            "delp_calls": 1280,
            "percY": 2806696997.52,
            "percN": 0.0,
            "percU": 0.0,
            "percUNK": 0.0,
            "l": 0.0283574942079077,
            "u": 1.0
        }
    },
    "data": {
        "n_samples": 533956,
        "time": 300.0003263950348,
        "repeated_worlds": 8314,
        "repeated_progs": 532676,
        "unique_progs": 1280,
        "delp_calls": 1280
    }
}