{
    "status": {
        "~d_17": {
            "yes": 2065,
            "no": 0,
            "undecided": 0,
            "unknown": 0,
            "pyes": 0.8115978381757489,
            "pno": 0.0,
            "pundecided": 0.0,
            "punknown": 0.0,
            "time": 90.63208937644958,
            "delp_calls": 2065,
            "percY": 42642.25,
            "percN": 0.0,
            "percU": 0.0,
            "percUNK": 0.0,
            "l": 0.8115978381757489,
            "u": 1.0,
            "flag": "INTEREST"
        }
    },
    "data": {
        "n_samples": 2065,
        "time": 300.00355195999146,
        "repeated_programs": 0,
        "inconsistent_programs": 0,
        "worlds_consulted": 25760,
        "delp_calls": 2065
    }
}