{
    "status": {
        "a_8": {
            "yes": 1074,
            "no": 574,
            "undecided": 1643,
            "unknown": 0,
            "pyes": 0.11273028573089959,
            "pno": 0.21148655839526562,
            "pundecided": 0.06173874083912198,
            "punknown": 0.0,
            "time": 139.1960051059723,
            "delp_calls": 6397,
            "percY": 68703.78,
            "percN": 36718.78,
            "percU": 105102.71,
            "percUNK": 0.0,
            "l": 0.11273028573089959,
            "u": 0.7885134416047344
        }
    },
    "data": {
        "n_samples": 6397,
        "time": 300.0127811431885,
        "repeated_programs": 0,
        "inconsistent_programs": 3106,
        "worlds_consulted": 128,
        "delp_calls": 6397
    }
}