{
    "status": {
        "~d_10": {
            "yes": 1947,
            "no": 0,
            "undecided": 1636,
            "unknown": 0,
            "pyes": 0.6372804569276733,
            "pno": 0.0,
            "pundecided": 0.2028275507309172,
            "punknown": 0.0,
            "time": 147.9568111896515,
            "delp_calls": 6506,
            "percY": 126671.82,
            "percN": 0.0,
            "percU": 106438.16,
            "percUNK": 0.0,
            "l": 0.6372804569276733,
            "u": 1.0,
            "flag": "INTEREST"
        }
    },
    "data": {
        "n_samples": 6506,
        "time": 300.01528549194336,
        "repeated_programs": 0,
        "inconsistent_programs": 2923,
        "worlds_consulted": 257,
        "delp_calls": 6506
    }
}