{
    "status": {
        "~d_10": {
            "yes": 131072,
            "no": 0,
            "undecided": 131072,
            "unknown": 0,
            "pyes": 0.791605939967974,
            "pno": 0.0,
            "pundecided": 0.20839406003199257,
            "punknown": 0.0,
            "time": 10732.74853515625,
            "delp_calls": 512,
            "percY": 18717436805.12,
            "percN": 0.0,
            "percU": 18717436805.12,
            "percUNK": 0.0,
            "l": 0.791605939967974,
            "u": 1.0,
            "flag": "INTEREST"
        }
    },
    "data": {
        "n_samples": 14280271,
        "time": 300.0000014305115,
        "repeated_worlds": 14018127,
        "repeated_progs": 14279759,
        "unique_progs": 512,
        "delp_calls": 512
    }
}