{
    "status": {
        "a_6": {
            "yes": 2240,
            "no": 0,
            "undecided": 320,
            "unknown": 1536,
            "pyes": 0.8986410464337006,
            "pno": 0.0,
            "pundecided": 0.0410279575663,
            "punknown": 0.06033099600000009,
            "time": 160.1668598651886,
            "delp_calls": 1252,
            "percY": 827756137.6,
            "percN": 0.0,
            "percU": 118250876.8,
            "percUNK": 567604208.64,
            "l": 0.8986410464337006,
            "u": 1.0,
            "flag": "INTEREST"
        },
        "a_9": {
            "yes": 1768,
            "no": 96,
            "undecided": 2220,
            "unknown": 12,
            "pyes": 0.9386476020105148,
            "pno": 0.0007249137178384489,
            "pundecided": 0.06062595879545408,
            "punknown": 1.5254761914e-06,
            "time": 161.39038753509521,
            "delp_calls": 1252,
            "percY": 653336094.32,
            "percN": 35475263.04,
            "percU": 820365457.8,
            "percUNK": 4434407.88,
            "l": 0.9386476020105148,
            "u": 0.9992750862821616,
            "flag": "INTEREST"
        }
    },
    "data": {
        "n_samples": 36953399,
        "time": 600.0000178813934,
        "repeated_worlds": 36945207,
        "repeated_progs": 36950895,
        "unique_progs": 2504,
        "delp_calls": 2504
    }
}