{
    "status": {
        "d_9": {
            "yes": 1869,
            "no": 0,
            "undecided": 1709,
            "unknown": 0,
            "pyes": 0.8648639999999996,
            "pno": 0.0,
            "pundecided": 0.045135999999999975,
            "punknown": 0.0,
            "time": 154.57712292671204,
            "delp_calls": 6280,
            "percY": 347802.21,
            "percN": 0.0,
            "percU": 318027.81,
            "percUNK": 0.0,
            "l": 0.8648639999999996,
            "u": 1.0,
            "flag": "INTEREST"
        },
        "a_7": {
            "yes": 1321,
            "no": 2209,
            "undecided": 0,
            "unknown": 0,
            "pyes": 0.22503155158713228,
            "pno": 0.6849684484128672,
            "pundecided": 0.0,
            "punknown": 0.0,
            "time": 156.14376640319824,
            "delp_calls": 6198,
            "percY": 245824.89,
            "percN": 411072.81,
            "percU": 0.0,
            "percUNK": 0.0,
            "l": 0.22503155158713228,
            "u": 0.3150315515871328,
            "flag": "INTEREST"
        },
        "~a_8": {
            "yes": 1483,
            "no": 1992,
            "undecided": 0,
            "unknown": 0,
            "pyes": 0.7382395396936121,
            "pno": 0.17176046030638784,
            "pundecided": 0.0,
            "punknown": 0.0,
            "time": 153.5253803730011,
            "delp_calls": 6131,
            "percY": 275971.47,
            "percN": 370691.28,
            "percU": 0.0,
            "percUNK": 0.0,
            "l": 0.7382395396936121,
            "u": 0.8282395396936122,
            "flag": "INTEREST"
        }
    },
    "data": {
        "n_samples": 18609,
        "time": 900.0749320983887,
        "repeated_programs": 0,
        "inconsistent_programs": 8026,
        "worlds_consulted": 768,
        "delp_calls": 18609
    }
}