{
    "status": {
        "a_8": {
            "yes": 297,
            "no": 583,
            "undecided": 3512,
            "unknown": 216,
            "pyes": 0.02440354570546358,
            "pno": 0.6821038604771116,
            "pundecided": 0.24142314711757365,
            "punknown": 0.004563813818169423,
            "time": 178.30417680740356,
            "delp_calls": 4608,
            "percY": 13685.76,
            "percN": 26864.64,
            "percU": 161832.96,
            "percUNK": 9953.28,
            "l": 0.02440354570546358,
            "u": 0.3178961395228884,
            "flag": "INTEREST"
        }
    },
    "data": {
        "n_samples": 4608,
        "time": 300.010315656662,
        "repeated_programs": 0,
        "inconsistent_programs": 0,
        "worlds_consulted": 3787,
        "delp_calls": 4608
    }
}