{
    "status": {
        "a_8": {
            "yes": 268,
            "no": 1016,
            "undecided": 2684,
            "unknown": 128,
            "pyes": 0.06547225638976602,
            "pno": 0.6831959160918599,
            "pundecided": 0.24627970411004793,
            "punknown": 0.005052123408326401,
            "time": 160.50322103500366,
            "delp_calls": 1758,
            "percY": 45333266.64,
            "percN": 171860443.68,
            "percU": 454009282.32,
            "percUNK": 21651709.44,
            "l": 0.06547225638976602,
            "u": 0.3168040839081401,
            "flag": "INTEREST"
        }
    },
    "data": {
        "n_samples": 16915398,
        "time": 300.00000977516174,
        "repeated_worlds": 16911302,
        "repeated_progs": 16913640,
        "unique_progs": 1758,
        "delp_calls": 1758
    }
}