{
    "status": {
        "d_16": {
            "yes": 2360,
            "no": 0,
            "undecided": 31,
            "unknown": 245,
            "pyes": 0.0047754412140274555,
            "pno": 0.0,
            "pundecided": 3.202334346552562e-05,
            "punknown": 3.201819056243224e-05,
            "time": 109.97201132774353,
            "delp_calls": 2636,
            "percY": 185094.8,
            "percN": 0.0,
            "percU": 2431.33,
            "percUNK": 19215.35,
            "l": 0.0047754412140274555,
            "u": 1.0
        },
        "a_8": {
            "yes": 654,
            "no": 363,
            "undecided": 1481,
            "unknown": 102,
            "pyes": 0.00438687247696334,
            "pno": 1.9926111921170216e-05,
            "pundecided": 0.026812039339065893,
            "punknown": 1.3616119584392454e-05,
            "time": 108.77867865562439,
            "delp_calls": 2600,
            "percY": 51293.22,
            "percN": 28470.09,
            "percU": 116154.83,
            "percUNK": 7999.86,
            "l": 0.00438687247696334,
            "u": 0.9999800738880789
        },
        "a_7": {
            "yes": 314,
            "no": 474,
            "undecided": 1709,
            "unknown": 110,
            "pyes": 0.03208730286366019,
            "pno": 0.00026115570684516416,
            "pundecided": 0.06880819395864783,
            "punknown": 0.0015996326386768878,
            "time": 109.91575646400452,
            "delp_calls": 2607,
            "percY": 24627.02,
            "percN": 37175.82,
            "percU": 134036.87,
            "percUNK": 8627.3,
            "l": 0.03208730286366019,
            "u": 0.9997388442931548
        }
    },
    "data": {
        "n_samples": 7843,
        "time": 900.0710802078247,
        "repeated_programs": 0,
        "inconsistent_programs": 0,
        "worlds_consulted": 76897,
        "delp_calls": 7843
    }
}