{
    "status": {
        "d_16": {
            "yes": 8713,
            "no": 0,
            "undecided": 173,
            "unknown": 1082,
            "pyes": 0.007653827281703064,
            "pno": 0.0,
            "pundecided": 3.5559553564995434e-06,
            "punknown": 7.845578670566675e-05,
            "time": 420.10891342163086,
            "delp_calls": 6732,
            "percY": 2650755.99,
            "percN": 0.0,
            "percU": 52631.79,
            "percUNK": 329176.86,
            "l": 0.007653827281703064,
            "u": 1.0
        },
        "a_8": {
            "yes": 2529,
            "no": 1975,
            "undecided": 4963,
            "unknown": 415,
            "pyes": 0.0033335487458791358,
            "pno": 1.5033643237417744e-06,
            "pundecided": 0.005678341864944793,
            "punknown": 0.0013579014512201644,
            "time": 417.69143986701965,
            "delp_calls": 6719,
            "percY": 769397.67,
            "percN": 600854.25,
            "percU": 1509893.49,
            "percUNK": 126255.45,
            "l": 0.0033335487458791358,
            "u": 0.9999984966356763
        },
        "a_7": {
            "yes": 1355,
            "no": 2019,
            "undecided": 6209,
            "unknown": 429,
            "pyes": 0.016538296807512908,
            "pno": 0.00010296584639837329,
            "pundecided": 0.00273082242085859,
            "punknown": 1.9432168120711058e-05,
            "time": 420.44357562065125,
            "delp_calls": 6750,
            "percY": 412231.65,
            "percN": 614240.37,
            "percU": 1888964.07,
            "percUNK": 130514.67,
            "l": 0.016538296807512908,
            "u": 0.9998970341536016
        }
    },
    "data": {
        "n_samples": 30423,
        "time": 900.1045169830322,
        "repeated_worlds": 561,
        "repeated_progs": 10222,
        "unique_progs": 20201,
        "delp_calls": 20201
    }
}