{
    "status": {
        "a_3": {
            "yes": 2651,
            "no": 0,
            "undecided": 0,
            "unknown": 0,
            "pyes": 0.8898308061898003,
            "pno": 0.0,
            "pundecided": 0.0,
            "punknown": 0.0,
            "time": 156.26547503471375,
            "delp_calls": 4742,
            "percY": 381690.98,
            "percN": 0.0,
            "percU": 0.0,
            "percUNK": 0.0,
            "l": 0.8898308061898003,
            "u": 1.0,
            "flag": "INTEREST"
        },
        "a_5": {
            "yes": 2762,
            "no": 0,
            "undecided": 0,
            "unknown": 0,
            "pyes": 0.8898308061898001,
            "pno": 0.0,
            "pundecided": 0.0,
            "punknown": 0.0,
            "time": 157.25566363334656,
            "delp_calls": 4902,
            "percY": 397672.76,
            "percN": 0.0,
            "percU": 0.0,
            "percUNK": 0.0,
            "l": 0.8898308061898001,
            "u": 1.0,
            "flag": "INTEREST"
        },
        "~a_8": {
            "yes": 0,
            "no": 2639,
            "undecided": 0,
            "unknown": 74,
            "pyes": 0.0,
            "pno": 0.8896595309307961,
            "pundecided": 0.0,
            "punknown": 0.00017127525900425858,
            "time": 159.33344888687134,
            "delp_calls": 4754,
            "percY": 0.0,
            "percN": 379963.22,
            "percU": 0.0,
            "percUNK": 10654.52,
            "l": 0.0,
            "u": 0.11034046906920392,
            "flag": "INTEREST"
        }
    },
    "data": {
        "n_samples": 14398,
        "time": 900.1193745136261,
        "repeated_programs": 0,
        "inconsistent_programs": 6272,
        "worlds_consulted": 96,
        "delp_calls": 14398
    }
}