{
    "status": {
        "a_15": {
            "yes": 70,
            "no": 15,
            "undecided": 94,
            "unknown": 0,
            "pyes": 0.002422327059512519,
            "pno": 9.689136864892895e-06,
            "pundecided": 0.00424642143843627,
            "punknown": 0.0,
            "time": 7.531277179718018,
            "delp_calls": 179,
            "percY": 125.3,
            "percN": 26.85,
            "percU": 168.26,
            "percUNK": 0.0,
            "l": 0.002422327059512519,
            "u": 0.9999903108631351
        }
    },
    "data": {
        "n_samples": 179,
        "time": 60.18645882606506,
        "repeated_programs": 0,
        "inconsistent_programs": 0,
        "worlds_consulted": 172,
        "delp_calls": 179
    }
}