{
    "status": {
        "~d_84": {
            "yes": 1980,
            "no": 0,
            "undecided": 0,
            "unknown": 0,
            "pyes": 0.0031975934057219724,
            "pno": 0.0,
            "pundecided": 0.0,
            "punknown": 0.0,
            "time": 83.66199564933777,
            "delp_calls": 1980,
            "percY": 73794.6,
            "percN": 0.0,
            "percU": 0.0,
            "percUNK": 0.0,
            "l": 0.0031975934057219724,
            "u": 1.0
        },
        "a_16": {
            "yes": 1428,
            "no": 86,
            "undecided": 233,
            "unknown": 0,
            "pyes": 0.00016062960715977729,
            "pno": 1.127358545633211e-06,
            "pundecided": 6.917513859861005e-05,
            "punknown": 0.0,
            "time": 109.33761596679688,
            "delp_calls": 1747,
            "percY": 53221.56,
            "percN": 3205.22,
            "percU": 8683.91,
            "percUNK": 0.0,
            "l": 0.00016062960715977729,
            "u": 0.9999988726414544
        }
    },
    "data": {
        "n_samples": 3727,
        "time": 600.1450364589691,
        "repeated_programs": 0,
        "inconsistent_programs": 0,
        "worlds_consulted": 4397,
        "delp_calls": 3727
    }
}