{
    "status": {
        "~d_84": {
            "yes": 6694,
            "no": 0,
            "undecided": 0,
            "unknown": 0,
            "pyes": 0.015409504840175848,
            "pno": 0.0,
            "pundecided": 0.0,
            "punknown": 0.0,
            "time": 283.3193576335907,
            "delp_calls": 6666,
            "percY": 768805.9,
            "percN": 0.0,
            "percU": 0.0,
            "percUNK": 0.0,
            "l": 0.015409504840175848,
            "u": 1.0
        },
        "a_16": {
            "yes": 3762,
            "no": 227,
            "undecided": 666,
            "unknown": 0,
            "pyes": 0.0011923535674227355,
            "pno": 4.1515615034400345e-06,
            "pundecided": 0.00034261424249732906,
            "punknown": 0.0,
            "time": 288.94209718704224,
            "delp_calls": 4639,
            "percY": 432065.7,
            "percN": 26070.95,
            "percU": 76490.1,
            "percUNK": 0.0,
            "l": 0.0011923535674227355,
            "u": 0.9999958484384965
        }
    },
    "data": {
        "n_samples": 11485,
        "time": 600.11416888237,
        "repeated_worlds": 136,
        "repeated_progs": 180,
        "unique_progs": 11305,
        "delp_calls": 11305
    }
}