{
    "status": {
        "~d_63": {
            "yes": 512,
            "no": 0,
            "undecided": 2048,
            "unknown": 1536,
            "pyes": 0.7926557275000009,
            "pno": 0.0,
            "pundecided": 0.1309013759255511,
            "punknown": 0.07644289657444862,
            "time": 165.66499257087708,
            "delp_calls": 4096,
            "percY": 44542602.24,
            "percN": 0.0,
            "percU": 178170408.96,
            "percUNK": 133627806.72,
            "l": 0.7926557275000009,
            "u": 1.0,
            "flag": "INTEREST"
        }
    },
    "data": {
        "n_samples": 8699727,
        "time": 300.0000092983246,
        "repeated_worlds": 8695631,
        "repeated_progs": 8695631,
        "unique_progs": 4096,
        "delp_calls": 4096
    }
}