{
    "status": {
        "d_10": {
            "yes": 4096,
            "no": 0,
            "undecided": 0,
            "unknown": 0,
            "pyes": 0.999999999999998,
            "pno": 0.0,
            "pundecided": 0.0,
            "punknown": 0.0,
            "time": 157.39474487304688,
            "delp_calls": 276,
            "percY": 866421800.96,
            "percN": 0.0,
            "percU": 0.0,
            "percUNK": 0.0,
            "l": 0.999999999999998,
            "u": 1.0,
            "flag": "INTEREST"
        }
    },
    "data": {
        "n_samples": 21152876,
        "time": 300.0000066757202,
        "repeated_worlds": 21148780,
        "repeated_progs": 21152600,
        "unique_progs": 276,
        "delp_calls": 276
    }
}