{
    "status": {
        "d_10": {
            "yes": 6466,
            "no": 0,
            "undecided": 0,
            "unknown": 0,
            "pyes": 0.9999999999999999,
            "pno": 0.0,
            "pundecided": 0.0,
            "punknown": 0.0,
            "time": 244.92111682891846,
            "delp_calls": 6466,
            "percY": 418091.56,
            "percN": 0.0,
            "percU": 0.0,
            "percUNK": 0.0,
            "l": 0.9999999999999999,
            "u": 1.0,
            "flag": "INTEREST"
        }
    },
    "data": {
        "n_samples": 6466,
        "time": 300.04270672798157,
        "repeated_programs": 0,
        "inconsistent_programs": 0,
        "worlds_consulted": 2048,
        "delp_calls": 6466
    }
}