{
    "status": {
        "a_7": {
            "yes": 111491,
            "no": 483231,
            "undecided": 0,
            "unknown": 0,
            "pyes": 0.006587617342632642,
            "pno": 0.0277022995440916,
            "pundecided": 0.0,
            "punknown": 0.0,
            "time": 27685.783936977386,
            "delp_calls": 540,
            "percY": 1328816632.6,
            "percN": 5759436996.6,
            "percU": 0.0,
            "percUNK": 0.0,
            "l": 0.006587617342632642,
            "u": 0.9722977004559084
        },
        "~a_7": {
            "yes": 468592,
            "no": 107958,
            "undecided": 0,
            "unknown": 0,
            "pyes": 0.029522377704639138,
            "pno": 0.0061821824670340725,
            "pundecided": 0.0,
            "punknown": 0.0,
            "time": 30500.441442251205,
            "delp_calls": 540,
            "percY": 5584960611.2,
            "percN": 1286708218.8,
            "percU": 0.0,
            "percUNK": 0.0,
            "l": 0.029522377704639138,
            "u": 0.9938178175329659
        }
    },
    "data": {
        "n_samples": 1191860,
        "time": 600.0004229545593,
        "repeated_worlds": 20588,
        "repeated_progs": 1190780,
        "unique_progs": 1080,
        "delp_calls": 1080
    }
}