{
    "status": {
        "d_43": {
            "yes": 2560,
            "no": 0,
            "undecided": 1280,
            "unknown": 256,
            "pyes": 0.8122607934068802,
            "pno": 0.0,
            "pundecided": 0.18773920659311993,
            "punknown": 0.0,
            "time": 164.17668628692627,
            "delp_calls": 4096,
            "percY": 404285491.2,
            "percN": 0.0,
            "percU": 202142745.6,
            "percUNK": 40428549.12,
            "l": 0.8122607934068802,
            "u": 1.0,
            "flag": "INTEREST"
        },
        "~a_18": {
            "yes": 711,
            "no": 1832,
            "undecided": 1550,
            "unknown": 3,
            "pyes": 0.14615028202642535,
            "pno": 0.8092749826806307,
            "pundecided": 0.04457473529294349,
            "punknown": 0.0,
            "time": 171.9303834438324,
            "delp_calls": 4096,
            "percY": 112283978.22,
            "percN": 289316804.64,
            "percU": 244782231.0,
            "percUNK": 473772.06,
            "l": 0.14615028202642535,
            "u": 0.1907250173193693,
            "flag": "INTEREST"
        }
    },
    "data": {
        "n_samples": 15792402,
        "time": 600.0000152587891,
        "repeated_worlds": 15784210,
        "repeated_progs": 15784210,
        "unique_progs": 8192,
        "delp_calls": 8192
    }
}