{
    "status": {
        "d_49": {
            "yes": 1199,
            "no": 0,
            "undecided": 1117,
            "unknown": 0,
            "pyes": 0.006703572770717092,
            "pno": 0.0,
            "pundecided": 0.0,
            "punknown": 0.0,
            "time": 94.89366960525513,
            "delp_calls": 4566,
            "percY": 54746.34,
            "percN": 0.0,
            "percU": 51002.22,
            "percUNK": 0.0,
            "l": 0.006703572770717092,
            "u": 1.0
        }
    },
    "data": {
        "n_samples": 4566,
        "time": 300.00284218788147,
        "repeated_programs": 0,
        "inconsistent_programs": 2250,
        "worlds_consulted": 1388,
        "delp_calls": 4566
    }
}