{
    "status": {
        "~a_8": {
            "yes": 53207,
            "no": 13404,
            "undecided": 0,
            "unknown": 0,
            "pyes": 0.00388253399097261,
            "pno": 0.00041777287469851686,
            "pundecided": 0.0,
            "punknown": 0.0,
            "time": 2836.9632160663605,
            "delp_calls": 544,
            "percY": 73075557.94,
            "percN": 18409321.68,
            "percU": 0.0,
            "percUNK": 0.0,
            "l": 0.00388253399097261,
            "u": 0.9995822271253015
        },
        "a_8": {
            "yes": 14259,
            "no": 56180,
            "undecided": 0,
            "unknown": 0,
            "pyes": 0.0003260370119956734,
            "pno": 0.004975867445126122,
            "pundecided": 0.0,
            "punknown": 0.0,
            "time": 3134.1874577999115,
            "delp_calls": 542,
            "percY": 19583595.78,
            "percN": 77158735.6,
            "percU": 0.0,
            "percUNK": 0.0,
            "l": 0.0003260370119956734,
            "u": 0.9950241325548739
        }
    },
    "data": {
        "n_samples": 137342,
        "time": 120.00040984153748,
        "repeated_worlds": 292,
        "repeated_progs": 136256,
        "unique_progs": 1086,
        "delp_calls": 1086
    }
}