{
    "status": {
        "a_6": {
            "yes": 3100,
            "no": 0,
            "undecided": 0,
            "unknown": 0,
            "pyes": 0.8630194908955495,
            "pno": 0.0,
            "pundecided": 0.0,
            "punknown": 0.0,
            "time": 124.4564528465271,
            "delp_calls": 4227,
            "percY": 131037.0,
            "percN": 0.0,
            "percU": 0.0,
            "percUNK": 0.0,
            "l": 0.8630194908955495,
            "u": 1.0,
            "flag": "INTEREST"
        }
    },
    "data": {
        "n_samples": 4227,
        "time": 300.06099128723145,
        "repeated_programs": 0,
        "inconsistent_programs": 1127,
        "worlds_consulted": 2196,
        "delp_calls": 4227
    }
}