{
    "status": {
        "~d_9": {
            "yes": 1898,
            "no": 0,
            "undecided": 1950,
            "unknown": 18,
            "pyes": 0.13445831190594174,
            "pno": 0.0,
            "pundecided": 0.007592786532256105,
            "punknown": 0.0,
            "time": 151.28855562210083,
            "delp_calls": 6798,
            "percY": 129026.04,
            "percN": 0.0,
            "percU": 132561.0,
            "percUNK": 1223.64,
            "l": 0.13445831190594174,
            "u": 1.0
        }
    },
    "data": {
        "n_samples": 6798,
        "time": 300.0087139606476,
        "repeated_programs": 0,
        "inconsistent_programs": 2932,
        "worlds_consulted": 512,
        "delp_calls": 6798
    }
}