{
    "status": {
        "d_14": {
            "yes": 2048,
            "no": 0,
            "undecided": 2048,
            "unknown": 0,
            "pyes": 0.9299999999999997,
            "pno": 0.0,
            "pundecided": 0.06999999999999992,
            "punknown": 0.0,
            "time": 239.06395149230957,
            "delp_calls": 512,
            "percY": 531334574.08,
            "percN": 0.0,
            "percU": 531334574.08,
            "percUNK": 0.0,
            "l": 0.9299999999999997,
            "u": 1.0,
            "flag": "INTEREST"
        },
        "a_7": {
            "yes": 768,
            "no": 1280,
            "undecided": 2048,
            "unknown": 0,
            "pyes": 0.027096100155972105,
            "pno": 0.9023038998440264,
            "pundecided": 0.07060000000000007,
            "punknown": 0.0,
            "time": 244.42906379699707,
            "delp_calls": 512,
            "percY": 199250465.28,
            "percN": 332084108.8,
            "percU": 531334574.08,
            "percUNK": 0.0,
            "l": 0.027096100155972105,
            "u": 0.09769610015597363,
            "flag": "INTEREST"
        }
    },
    "data": {
        "n_samples": 25944071,
        "time": 600.0000677108765,
        "repeated_worlds": 25935879,
        "repeated_progs": 25943047,
        "unique_progs": 1024,
        "delp_calls": 1024
    }
}