{
    "status": {
        "d_9": {
            "yes": 733,
            "no": 0,
            "undecided": 753,
            "unknown": 0,
            "pyes": 3.289447724708832e-05,
            "pno": 0.0,
            "pundecided": 3.972808408473072e-05,
            "punknown": 0.0,
            "time": 66.71013164520264,
            "delp_calls": 1268,
            "percY": 10892.38,
            "percN": 0.0,
            "percU": 11189.58,
            "percUNK": 0.0,
            "l": 3.289447724708832e-05,
            "u": 1.0
        }
    },
    "data": {
        "n_samples": 1486,
        "time": 60.00134062767029,
        "repeated_worlds": 0,
        "repeated_progs": 218,
        "unique_progs": 1268,
        "delp_calls": 1268
    }
}