{
    "status": {
        "d_17": {
            "yes": 2295,
            "no": 0,
            "undecided": 0,
            "unknown": 0,
            "pyes": 0.03759999999999998,
            "pno": 0.0,
            "pundecided": 0.0,
            "punknown": 0.0,
            "time": 88.28157782554626,
            "delp_calls": 6760,
            "percY": 155142.0,
            "percN": 0.0,
            "percU": 0.0,
            "percUNK": 0.0,
            "l": 0.03759999999999998,
            "u": 1.0
        }
    },
    "data": {
        "n_samples": 6760,
        "time": 300.03433895111084,
        "repeated_programs": 0,
        "inconsistent_programs": 4465,
        "worlds_consulted": 64,
        "delp_calls": 6760
    }
}