{
    "status": {
        "d_67": {
            "yes": 6765,
            "no": 0,
            "undecided": 0,
            "unknown": 0,
            "pyes": 0.004198169494068804,
            "pno": 0.0,
            "pundecided": 0.0,
            "punknown": 0.0,
            "time": 287.61728954315186,
            "delp_calls": 6653,
            "percY": 910569.0,
            "percN": 0.0,
            "percU": 0.0,
            "percUNK": 0.0,
            "l": 0.004198169494068804,
            "u": 1.0
        },
        "a_12": {
            "yes": 4834,
            "no": 0,
            "undecided": 1682,
            "unknown": 0,
            "pyes": 0.045594537533266886,
            "pno": 0.0,
            "pundecided": 2.799916471936162e-05,
            "punknown": 0.0,
            "time": 286.7882812023163,
            "delp_calls": 6422,
            "percY": 650656.4,
            "percN": 0.0,
            "percU": 226397.2,
            "percUNK": 0.0,
            "l": 0.045594537533266886,
            "u": 1.0
        }
    },
    "data": {
        "n_samples": 13460,
        "time": 600.026111125946,
        "repeated_worlds": 179,
        "repeated_progs": 385,
        "unique_progs": 13075,
        "delp_calls": 13075
    }
}