{
    "status": {
        "a_2": {
            "yes": 381482,
            "no": 0,
            "undecided": 127702,
            "unknown": 0,
            "pyes": 0.026125309141580243,
            "pno": 0.0,
            "pundecided": 0.003705495120337024,
            "punknown": 0.0,
            "time": 22457.210773944855,
            "delp_calls": 1104,
            "percY": 5758875160.92,
            "percN": 0.0,
            "percU": 1927797054.12,
            "percUNK": 0.0,
            "l": 0.026125309141580243,
            "u": 1.0
        },
        "a_5": {
            "yes": 370852,
            "no": 0,
            "undecided": 123563,
            "unknown": 0,
            "pyes": 0.027820076239108673,
            "pno": 0.0,
            "pundecided": 0.0030354668789445696,
            "punknown": 0.0,
            "time": 25723.688940525055,
            "delp_calls": 1104,
            "percY": 5598404043.12,
            "percN": 0.0,
            "percU": 1865314461.78,
            "percUNK": 0.0,
            "l": 0.027820076239108673,
            "u": 1.0
        },
        "a_7": {
            "yes": 201998,
            "no": 60620,
            "undecided": 221127,
            "unknown": 0,
            "pyes": 0.014804272902199649,
            "pno": 0.00013589544636663015,
            "pundecided": 0.014872538674257241,
            "punknown": 0.0,
            "time": 30223.197721004486,
            "delp_calls": 1104,
            "percY": 3049373927.88,
            "percN": 915123157.2,
            "percU": 3338146459.62,
            "percUNK": 0.0,
            "l": 0.014804272902199649,
            "u": 0.9998641045536334
        }
    },
    "data": {
        "n_samples": 1509606,
        "time": 900.0010511875153,
        "repeated_worlds": 22262,
        "repeated_progs": 1506294,
        "unique_progs": 3312,
        "delp_calls": 3312
    }
}