{
    "status": {
        "a_17": {
            "yes": 1070,
            "no": 60,
            "undecided": 1124,
            "unknown": 0,
            "pyes": 0.053965638498235505,
            "pno": 0.0015946709834788791,
            "pundecided": 0.0009762516422976665,
            "punknown": 0.0,
            "time": 97.15845251083374,
            "delp_calls": 4527,
            "percY": 94866.2,
            "percN": 5319.6,
            "percU": 99653.84,
            "percUNK": 0.0,
            "l": 0.053965638498235505,
            "u": 0.9984053290165211
        },
        "a_14": {
            "yes": 836,
            "no": 60,
            "undecided": 1287,
            "unknown": 0,
            "pyes": 0.012475812884799141,
            "pno": 5.61472822310227e-05,
            "pundecided": 0.0522145958037104,
            "punknown": 0.0,
            "time": 106.7611734867096,
            "delp_calls": 4339,
            "percY": 74119.76,
            "percN": 5319.6,
            "percU": 114105.42,
            "percUNK": 0.0,
            "l": 0.012475812884799141,
            "u": 0.999943852717769
        }
    },
    "data": {
        "n_samples": 8866,
        "time": 600.0195417404175,
        "repeated_programs": 0,
        "inconsistent_programs": 4429,
        "worlds_consulted": 2754,
        "delp_calls": 8866
    }
}