{
    "status": {
        "a_17": {
            "yes": 1600,
            "no": 448,
            "undecided": 2048,
            "unknown": 0,
            "pyes": 0.14478552335336886,
            "pno": 0.7954144766466311,
            "pundecided": 0.059799999999999985,
            "punknown": 0.0,
            "time": 174.83746337890625,
            "delp_calls": 4096,
            "percY": 262353712.0,
            "percN": 73459039.36,
            "percU": 335812751.36,
            "percUNK": 0.0,
            "l": 0.14478552335336886,
            "u": 0.20458552335336888,
            "flag": "INTEREST"
        },
        "a_14": {
            "yes": 1848,
            "no": 64,
            "undecided": 2184,
            "unknown": 0,
            "pyes": 0.8874043413003194,
            "pno": 8.763896965824007e-05,
            "pundecided": 0.11250801973002579,
            "punknown": 0.0,
            "time": 185.17788076400757,
            "delp_calls": 4096,
            "percY": 303018537.36,
            "percN": 10494148.48,
            "percU": 358112816.88,
            "percUNK": 0.0,
            "l": 0.8874043413003194,
            "u": 0.9999123610303418,
            "flag": "INTEREST"
        }
    },
    "data": {
        "n_samples": 16397107,
        "time": 600.0000159740448,
        "repeated_worlds": 16388915,
        "repeated_progs": 16388915,
        "unique_progs": 8192,
        "delp_calls": 8192
    }
}