{
    "status": {
        "a_5": {
            "yes": 224,
            "no": 0,
            "undecided": 199,
            "unknown": 0,
            "pyes": 0.06784125825595044,
            "pno": 0.0,
            "pundecided": 0.0013815608918645173,
            "punknown": 0.0,
            "time": 19.44338893890381,
            "delp_calls": 843,
            "percY": 3747.52,
            "percN": 0.0,
            "percU": 3329.27,
            "percUNK": 0.0,
            "l": 0.06784125825595044,
            "u": 1.0
        },
        "a_16": {
            "yes": 145,
            "no": 69,
            "undecided": 190,
            "unknown": 0,
            "pyes": 0.0014164808131409848,
            "pno": 0.002058379430371788,
            "pundecided": 0.00735351610030492,
            "punknown": 0.0,
            "time": 19.341889142990112,
            "delp_calls": 830,
            "percY": 2425.85,
            "percN": 1154.37,
            "percU": 3178.7,
            "percUNK": 0.0,
            "l": 0.0014164808131409848,
            "u": 0.9979416205696282
        }
    },
    "data": {
        "n_samples": 1673,
        "time": 120.10699915885925,
        "repeated_programs": 0,
        "inconsistent_programs": 846,
        "worlds_consulted": 759,
        "delp_calls": 1673
    }
}