{
    "status": {
        "a_6": {
            "yes": 3702,
            "no": 0,
            "undecided": 2222,
            "unknown": 3542,
            "pyes": 0.02185825001021955,
            "pno": 0.0,
            "pundecided": 0.0004873262853705805,
            "punknown": 0.00011736318506411257,
            "time": 405.2433032989502,
            "delp_calls": 6635,
            "percY": 356539.62,
            "percN": 0.0,
            "percU": 214000.82,
            "percUNK": 341130.02,
            "l": 0.02185825001021955,
            "u": 1.0
        }
    },
    "data": {
        "n_samples": 9631,
        "time": 300.0298843383789,
        "repeated_worlds": 165,
        "repeated_progs": 2996,
        "unique_progs": 6635,
        "delp_calls": 6635
    }
}