{
    "status": {
        "~d_48": {
            "yes": 2048,
            "no": 0,
            "undecided": 2048,
            "unknown": 0,
            "pyes": 0.9299999999999999,
            "pno": 0.0,
            "pundecided": 0.06999999999999997,
            "punknown": 0.0,
            "time": 167.1067087650299,
            "delp_calls": 4096,
            "percY": 195573411.84,
            "percN": 0.0,
            "percU": 195573411.84,
            "percUNK": 0.0,
            "l": 0.9299999999999999,
            "u": 1.0,
            "flag": "INTEREST"
        }
    },
    "data": {
        "n_samples": 9549483,
        "time": 300.0000030994415,
        "repeated_worlds": 9545387,
        "repeated_progs": 9545387,
        "unique_progs": 4096,
        "delp_calls": 4096
    }
}