{
    "status": {
        "~a_6": {
            "yes": 749,
            "no": 0,
            "undecided": 0,
            "unknown": 96,
            "pyes": 0.05389336626465411,
            "pno": 0.0,
            "pundecided": 0.0,
            "punknown": 0.0034466430376107913,
            "time": 33.50714135169983,
            "delp_calls": 845,
            "percY": 6329.05,
            "percN": 0.0,
            "percU": 0.0,
            "percUNK": 811.2,
            "l": 0.05389336626465411,
            "u": 1.0
        }
    },
    "data": {
        "n_samples": 845,
        "time": 300.19136691093445,
        "repeated_programs": 0,
        "inconsistent_programs": 0,
        "worlds_consulted": 762,
        "delp_calls": 845
    }
}