{
    "status": {
        "~a_7": {
            "yes": 182,
            "no": 36,
            "undecided": 192,
            "unknown": 30,
            "pyes": 0.006211871801619121,
            "pno": 0.0001824105926881744,
            "pundecided": 0.00018228819051700003,
            "punknown": 2.3412488830112364e-06,
            "time": 21.00502586364746,
            "delp_calls": 440,
            "percY": 800.8,
            "percN": 158.4,
            "percU": 844.8,
            "percUNK": 132.0,
            "l": 0.006211871801619121,
            "u": 0.9998175894073118
        }
    },
    "data": {
        "n_samples": 440,
        "time": 60.00045347213745,
        "repeated_programs": 0,
        "inconsistent_programs": 0,
        "worlds_consulted": 11220,
        "delp_calls": 440
    }
}