{
    "status": {
        "a_6": {
            "yes": 285,
            "no": 0,
            "undecided": 387,
            "unknown": 7,
            "pyes": 0.0006333637083678163,
            "pno": 0.0,
            "pundecided": 0.023651836622628902,
            "punknown": 6.745167137762993e-06,
            "time": 30.968608617782593,
            "delp_calls": 679,
            "percY": 3884.55,
            "percN": 0.0,
            "percU": 5274.81,
            "percUNK": 95.41,
            "l": 0.0006333637083678163,
            "u": 1.0
        },
        "a_9": {
            "yes": 299,
            "no": 107,
            "undecided": 272,
            "unknown": 6,
            "pyes": 0.003413337223825931,
            "pno": 0.0036588131434960435,
            "pundecided": 0.003392291571935882,
            "punknown": 0.00016839770457811277,
            "time": 30.900577545166016,
            "delp_calls": 684,
            "percY": 4075.37,
            "percN": 1458.41,
            "percU": 3707.36,
            "percUNK": 81.78,
            "l": 0.003413337223825931,
            "u": 0.996341186856504
        }
    },
    "data": {
        "n_samples": 1363,
        "time": 120.19850564002991,
        "repeated_programs": 0,
        "inconsistent_programs": 0,
        "worlds_consulted": 5897,
        "delp_calls": 1363
    }
}