{
    "status": {
        "d_11": {
            "yes": 491,
            "no": 0,
            "undecided": 0,
            "unknown": 0,
            "pyes": 0.9384521698358975,
            "pno": 0.0,
            "pundecided": 0.0,
            "punknown": 0.0,
            "time": 23.099406242370605,
            "delp_calls": 578,
            "percY": 2837.98,
            "percN": 0.0,
            "percU": 0.0,
            "percUNK": 0.0,
            "l": 0.9384521698358975,
            "u": 1.0,
            "flag": "INTEREST"
        }
    },
    "data": {
        "n_samples": 578,
        "time": 60.06877517700195,
        "repeated_programs": 0,
        "inconsistent_programs": 87,
        "worlds_consulted": 3841,
        "delp_calls": 578
    }
}