{
    "status": {
        "d_11": {
            "yes": 672,
            "no": 0,
            "undecided": 118,
            "unknown": 0,
            "pyes": 0.15535161419833043,
            "pno": 0.0,
            "pundecided": 0.008924095625669594,
            "punknown": 0.0,
            "time": 36.91099405288696,
            "delp_calls": 1051,
            "percY": 7062.72,
            "percN": 0.0,
            "percU": 1240.18,
            "percUNK": 0.0,
            "l": 0.15535161419833043,
            "u": 1.0
        }
    },
    "data": {
        "n_samples": 1051,
        "time": 60.058932304382324,
        "repeated_programs": 0,
        "inconsistent_programs": 261,
        "worlds_consulted": 1024,
        "delp_calls": 1051
    }
}