{
    "status": {
        "~d_54": {
            "yes": 4096,
            "no": 0,
            "undecided": 0,
            "unknown": 0,
            "pyes": 1.0000000000000027,
            "pno": 0.0,
            "pundecided": 0.0,
            "punknown": 0.0,
            "time": 165.9560353755951,
            "delp_calls": 3556,
            "percY": 1140984750.08,
            "percN": 0.0,
            "percU": 0.0,
            "percUNK": 0.0,
            "l": 1.0000000000000027,
            "u": 1.0,
            "flag": "INTEREST"
        },
        "a_15": {
            "yes": 1840,
            "no": 464,
            "undecided": 1792,
            "unknown": 0,
            "pyes": 0.7478879043370612,
            "pno": 0.13881499566293876,
            "pundecided": 0.11329710000000029,
            "punknown": 0.0,
            "time": 181.54955649375916,
            "delp_calls": 3556,
            "percY": 512551743.2,
            "percN": 129252178.72,
            "percU": 499180828.16,
            "percUNK": 0.0,
            "l": 0.7478879043370612,
            "u": 0.8611850043370612,
            "flag": "INTEREST"
        },
        "a_16": {
            "yes": 208,
            "no": 2416,
            "undecided": 1472,
            "unknown": 0,
            "pyes": 0.007062811448756689,
            "pno": 0.8754966951980674,
            "pundecided": 0.11744049335317712,
            "punknown": 0.0,
            "time": 221.00652551651,
            "delp_calls": 3556,
            "percY": 57940631.84,
            "percN": 673002723.68,
            "percU": 410041394.56,
            "percUNK": 0.0,
            "l": 0.007062811448756689,
            "u": 0.12450330480193261,
            "flag": "INTEREST"
        }
    },
    "data": {
        "n_samples": 27856073,
        "time": 900.0000340938568,
        "repeated_worlds": 27843785,
        "repeated_progs": 27845405,
        "unique_progs": 10668,
        "delp_calls": 10668
    }
}