{
    "status": {
        "~a_20": {
            "yes": 2626,
            "no": 0,
            "undecided": 0,
            "unknown": 0,
            "pyes": 0.739907625574373,
            "pno": 0.0,
            "pundecided": 0.0,
            "punknown": 0.0,
            "time": 106.00141310691833,
            "delp_calls": 3566,
            "percY": 264306.9,
            "percN": 0.0,
            "percU": 0.0,
            "percUNK": 0.0,
            "l": 0.739907625574373,
            "u": 1.0,
            "flag": "INTEREST"
        },
        "a_17": {
            "yes": 1720,
            "no": 0,
            "undecided": 753,
            "unknown": 0,
            "pyes": 0.6317444200973911,
            "pno": 0.0,
            "pundecided": 0.06651501115374274,
            "punknown": 0.0,
            "time": 123.0045120716095,
            "delp_calls": 3285,
            "percY": 173118.0,
            "percN": 0.0,
            "percU": 75789.45,
            "percUNK": 0.0,
            "l": 0.6317444200973911,
            "u": 1.0,
            "flag": "INTEREST"
        },
        "~a_17": {
            "yes": 0,
            "no": 1718,
            "undecided": 691,
            "unknown": 0,
            "pyes": 0.0,
            "pno": 0.14420883821322972,
            "pundecided": 0.07330990043866625,
            "punknown": 0.0,
            "time": 123.6507306098938,
            "delp_calls": 3214,
            "percY": 0.0,
            "percN": 172916.7,
            "percU": 69549.15,
            "percUNK": 0.0,
            "l": 0.0,
            "u": 0.8557911617867703
        }
    },
    "data": {
        "n_samples": 10065,
        "time": 900.1085388660431,
        "repeated_programs": 0,
        "inconsistent_programs": 2557,
        "worlds_consulted": 5385,
        "delp_calls": 10065
    }
}