{
    "status": {
        "~a_20": {
            "yes": 4096,
            "no": 0,
            "undecided": 0,
            "unknown": 0,
            "pyes": 1.0000000000000016,
            "pno": 0.0,
            "pundecided": 0.0,
            "punknown": 0.0,
            "time": 165.86764693260193,
            "delp_calls": 3882,
            "percY": 956224061.44,
            "percN": 0.0,
            "percU": 0.0,
            "percUNK": 0.0,
            "l": 1.0000000000000016,
            "u": 1.0,
            "flag": "INTEREST"
        },
        "a_17": {
            "yes": 2136,
            "no": 0,
            "undecided": 1960,
            "unknown": 0,
            "pyes": 0.8312173061926683,
            "pno": 0.0,
            "pundecided": 0.16878269380733152,
            "punknown": 0.0,
            "time": 195.66534662246704,
            "delp_calls": 3882,
            "percY": 498655907.04,
            "percN": 0.0,
            "percU": 457568154.4,
            "percUNK": 0.0,
            "l": 0.8312173061926683,
            "u": 1.0,
            "flag": "INTEREST"
        },
        "~a_17": {
            "yes": 0,
            "no": 2136,
            "undecided": 1960,
            "unknown": 0,
            "pyes": 0.0,
            "pno": 0.8312173061926681,
            "pundecided": 0.1687826938073316,
            "punknown": 0.0,
            "time": 199.80005931854248,
            "delp_calls": 3882,
            "percY": 0.0,
            "percN": 498655907.04,
            "percU": 457568154.4,
            "percUNK": 0.0,
            "l": 0.0,
            "u": 0.1687826938073319,
            "flag": "INTEREST"
        }
    },
    "data": {
        "n_samples": 23345314,
        "time": 900.0000221729279,
        "repeated_worlds": 23333026,
        "repeated_progs": 23333668,
        "unique_progs": 11646,
        "delp_calls": 11646
    }
}