{
    "status": {
        "d_43": {
            "yes": 521,
            "no": 0,
            "undecided": 138,
            "unknown": 0,
            "pyes": 0.115620957855836,
            "pno": 0.0,
            "pundecided": 1.2933407623193278e-05,
            "punknown": 0.0,
            "time": 30.10097074508667,
            "delp_calls": 659,
            "percY": 6877.2,
            "percN": 0.0,
            "percU": 1821.6,
            "percUNK": 0.0,
            "l": 0.115620957855836,
            "u": 1.0
        },
        "a_10": {
            "yes": 137,
            "no": 0,
            "undecided": 524,
            "unknown": 0,
            "pyes": 0.6708572291515822,
            "pno": 0.0,
            "pundecided": 0.06153184424849276,
            "punknown": 0.0,
            "time": 30.056469917297363,
            "delp_calls": 661,
            "percY": 1808.4,
            "percN": 0.0,
            "percU": 6916.8,
            "percUNK": 0.0,
            "l": 0.6708572291515822,
            "u": 1.0,
            "flag": "INTEREST"
        }
    },
    "data": {
        "n_samples": 1320,
        "time": 120.01573491096497,
        "repeated_programs": 0,
        "inconsistent_programs": 0,
        "worlds_consulted": 1409,
        "delp_calls": 1320
    }
}