{
    "status": {
        "d_43": {
            "yes": 978,
            "no": 0,
            "undecided": 304,
            "unknown": 0,
            "pyes": 0.11766588168257124,
            "pno": 0.0,
            "pundecided": 0.0005811380278379522,
            "punknown": 0.0,
            "time": 60.3702232837677,
            "delp_calls": 1213,
            "percY": 30454.92,
            "percN": 0.0,
            "percU": 9466.56,
            "percUNK": 0.0,
            "l": 0.11766588168257124,
            "u": 1.0
        },
        "a_10": {
            "yes": 327,
            "no": 0,
            "undecided": 979,
            "unknown": 0,
            "pyes": 0.20649232873067339,
            "pno": 0.0,
            "pundecided": 0.0625786518676747,
            "punknown": 0.0,
            "time": 60.22199296951294,
            "delp_calls": 1243,
            "percY": 10182.78,
            "percN": 0.0,
            "percU": 30486.06,
            "percUNK": 0.0,
            "l": 0.20649232873067339,
            "u": 1.0
        }
    },
    "data": {
        "n_samples": 3114,
        "time": 120.04682445526123,
        "repeated_worlds": 526,
        "repeated_progs": 658,
        "unique_progs": 2456,
        "delp_calls": 2456
    }
}