{
    "status": {
        "d_59": {
            "yes": 846,
            "no": 0,
            "undecided": 0,
            "unknown": 516,
            "pyes": 0.19223078736152693,
            "pno": 0.0,
            "pundecided": 0.0,
            "punknown": 0.003802454006409622,
            "time": 55.677425384521484,
            "delp_calls": 1362,
            "percY": 27038.16,
            "percN": 0.0,
            "percU": 0.0,
            "percUNK": 16491.36,
            "l": 0.19223078736152693,
            "u": 1.0
        },
        "a_19": {
            "yes": 599,
            "no": 167,
            "undecided": 534,
            "unknown": 0,
            "pyes": 0.10994095777034109,
            "pno": 0.04898560421659836,
            "pundecided": 0.00110525359734834,
            "punknown": 0.0,
            "time": 55.86335110664368,
            "delp_calls": 1300,
            "percY": 19144.04,
            "percN": 5337.32,
            "percU": 17066.64,
            "percUNK": 0.0,
            "l": 0.10994095777034109,
            "u": 0.9510143957834016
        }
    },
    "data": {
        "n_samples": 3196,
        "time": 120.0603015422821,
        "repeated_worlds": 534,
        "repeated_progs": 534,
        "unique_progs": 2662,
        "delp_calls": 2662
    }
}