{
    "status": {
        "~d_19": {
            "yes": 3518,
            "no": 0,
            "undecided": 1259,
            "unknown": 882,
            "pyes": 0.8995176030879999,
            "pno": 0.0,
            "pundecided": 0.055840192765415964,
            "punknown": 0.04464220414658398,
            "time": 249.63147068023682,
            "delp_calls": 5659,
            "percY": 601015.12,
            "percN": 0.0,
            "percU": 215087.56,
            "percUNK": 150680.88,
            "l": 0.8995176030879999,
            "u": 1.0,
            "flag": "INTEREST"
        },
        "a_7": {
            "yes": 5764,
            "no": 0,
            "undecided": 0,
            "unknown": 0,
            "pyes": 1.0,
            "pno": 0.0,
            "pundecided": 0.0,
            "punknown": 0.0,
            "time": 250.1250307559967,
            "delp_calls": 5764,
            "percY": 984721.76,
            "percN": 0.0,
            "percU": 0.0,
            "percUNK": 0.0,
            "l": 1.0,
            "u": 1.0,
            "flag": "INTEREST"
        },
        "~a_7": {
            "yes": 0,
            "no": 5661,
            "undecided": 0,
            "unknown": 0,
            "pyes": 0.0,
            "pno": 1.0,
            "pundecided": 0.0,
            "punknown": 0.0,
            "time": 250.94557857513428,
            "delp_calls": 5661,
            "percY": 0.0,
            "percN": 967125.24,
            "percU": 0.0,
            "percUNK": 0.0,
            "l": 0.0,
            "u": 0.0,
            "flag": "INTEREST"
        }
    },
    "data": {
        "n_samples": 17084,
        "time": 900.0659010410309,
        "repeated_programs": 0,
        "inconsistent_programs": 0,
        "worlds_consulted": 6144,
        "delp_calls": 17084
    }
}