{
    "status": {
        "d_32": {
            "yes": 1286,
            "no": 0,
            "undecided": 0,
            "unknown": 0,
            "pyes": 0.15763678274419876,
            "pno": 0.0,
            "pundecided": 0.0,
            "punknown": 0.0,
            "time": 58.20333385467529,
            "delp_calls": 1254,
            "percY": 20267.36,
            "percN": 0.0,
            "percU": 0.0,
            "percUNK": 0.0,
            "l": 0.15763678274419876,
            "u": 1.0
        }
    },
    "data": {
        "n_samples": 1576,
        "time": 60.024423360824585,
        "repeated_worlds": 290,
        "repeated_progs": 322,
        "unique_progs": 1254,
        "delp_calls": 1254
    }
}