{
    "status": {
        "a_3": {
            "yes": 4160,
            "no": 0,
            "undecided": 843,
            "unknown": 0,
            "pyes": 0.07737973415999999,
            "pno": 0.0,
            "pundecided": 0.0,
            "punknown": 0.0,
            "time": 220.3200294971466,
            "delp_calls": 5799,
            "percY": 474198.4,
            "percN": 0.0,
            "percU": 96093.57,
            "percUNK": 0.0,
            "l": 0.07737973415999999,
            "u": 1.0
        },
        "~a_7": {
            "yes": 1274,
            "no": 2146,
            "undecided": 1400,
            "unknown": 0,
            "pyes": 0.0052432492868120925,
            "pno": 0.06444457304686278,
            "pundecided": 0.00769191182632512,
            "punknown": 0.0,
            "time": 220.63511395454407,
            "delp_calls": 5600,
            "percY": 145223.26,
            "percN": 244622.54,
            "percU": 159586.0,
            "percUNK": 0.0,
            "l": 0.0052432492868120925,
            "u": 0.9355554269531372
        }
    },
    "data": {
        "n_samples": 11399,
        "time": 600.0490703582764,
        "repeated_programs": 0,
        "inconsistent_programs": 1576,
        "worlds_consulted": 4096,
        "delp_calls": 11399
    }
}