{
    "status": {
        "a_2": {
            "yes": 5488,
            "no": 0,
            "undecided": 0,
            "unknown": 0,
            "pyes": 0.06055000000000003,
            "pno": 0.0,
            "pundecided": 0.0,
            "punknown": 0.0,
            "time": 207.863139629364,
            "delp_calls": 7020,
            "percY": 385257.6,
            "percN": 0.0,
            "percU": 0.0,
            "percUNK": 0.0,
            "l": 0.06055000000000003,
            "u": 1.0
        }
    },
    "data": {
        "n_samples": 7020,
        "time": 300.0020263195038,
        "repeated_programs": 0,
        "inconsistent_programs": 1532,
        "worlds_consulted": 256,
        "delp_calls": 7020
    }
}