{
    "status": {
        "d_15": {
            "yes": 2048,
            "no": 0,
            "undecided": 2048,
            "unknown": 0,
            "pyes": 0.9599999999999989,
            "pno": 0.0,
            "pundecided": 0.03999999999999996,
            "punknown": 0.0,
            "time": 226.04743766784668,
            "delp_calls": 1024,
            "percY": 214375280.64,
            "percN": 0.0,
            "percU": 214375280.64,
            "percUNK": 0.0,
            "l": 0.9599999999999989,
            "u": 1.0,
            "flag": "INTEREST"
        }
    },
    "data": {
        "n_samples": 10467543,
        "time": 300.0000250339508,
        "repeated_worlds": 10463447,
        "repeated_progs": 10466519,
        "unique_progs": 1024,
        "delp_calls": 1024
    }
}