{
    "status": {
        "a_7": {
            "yes": 1008,
            "no": 3088,
            "undecided": 0,
            "unknown": 0,
            "pyes": 0.16040240471767825,
            "pno": 0.8395975952823218,
            "pundecided": 0.0,
            "punknown": 0.0,
            "time": 162.4120090007782,
            "delp_calls": 384,
            "percY": 201563157.6,
            "percN": 617487133.6,
            "percU": 0.0,
            "percUNK": 0.0,
            "l": 0.16040240471767825,
            "u": 0.1604024047176782,
            "flag": "INTEREST"
        }
    },
    "data": {
        "n_samples": 19996345,
        "time": 300.00000166893005,
        "repeated_worlds": 19992249,
        "repeated_progs": 19995961,
        "unique_progs": 384,
        "delp_calls": 384
    }
}