{
    "status": {
        "~d_26": {
            "yes": 976,
            "no": 0,
            "undecided": 338,
            "unknown": 0,
            "pyes": 0.08783858943728068,
            "pno": 0.0,
            "pundecided": 0.00770450824376094,
            "punknown": 0.0,
            "time": 59.367668867111206,
            "delp_calls": 1259,
            "percY": 15059.68,
            "percN": 0.0,
            "percU": 5215.34,
            "percUNK": 0.0,
            "l": 0.08783858943728068,
            "u": 1.0
        }
    },
    "data": {
        "n_samples": 1543,
        "time": 60.01473927497864,
        "repeated_worlds": 229,
        "repeated_progs": 284,
        "unique_progs": 1259,
        "delp_calls": 1259
    }
}