{
    "status": {
        "~d_26": {
            "yes": 510,
            "no": 0,
            "undecided": 187,
            "unknown": 0,
            "pyes": 0.588039390326944,
            "pno": 0.0,
            "pundecided": 0.06508492877236931,
            "punknown": 0.0,
            "time": 31.435275077819824,
            "delp_calls": 697,
            "percY": 3554.7,
            "percN": 0.0,
            "percU": 1303.39,
            "percUNK": 0.0,
            "l": 0.588039390326944,
            "u": 1.0,
            "flag": "INTEREST"
        }
    },
    "data": {
        "n_samples": 697,
        "time": 60.062487840652466,
        "repeated_programs": 0,
        "inconsistent_programs": 0,
        "worlds_consulted": 718,
        "delp_calls": 697
    }
}