{
    "status": {
        "~d_13": {
            "yes": 6689,
            "no": 0,
            "undecided": 0,
            "unknown": 0,
            "pyes": 1.0000000000000004,
            "pno": 0.0,
            "pundecided": 0.0,
            "punknown": 0.0,
            "time": 249.83869218826294,
            "delp_calls": 6689,
            "percY": 885021.59,
            "percN": 0.0,
            "percU": 0.0,
            "percUNK": 0.0,
            "l": 1.0000000000000004,
            "u": 1.0,
            "flag": "INTEREST"
        },
        "a_7": {
            "yes": 5283,
            "no": 892,
            "undecided": 367,
            "unknown": 0,
            "pyes": 0.9999268350637602,
            "pno": 4.765859999999999e-05,
            "pundecided": 2.5506336240000004e-05,
            "punknown": 0.0,
            "time": 252.0605022907257,
            "delp_calls": 6542,
            "percY": 698993.73,
            "percN": 118020.52,
            "percU": 48557.77,
            "percUNK": 0.0,
            "l": 0.9999268350637602,
            "u": 0.9999523414,
            "flag": "INTEREST"
        }
    },
    "data": {
        "n_samples": 13231,
        "time": 600.0183219909668,
        "repeated_programs": 0,
        "inconsistent_programs": 0,
        "worlds_consulted": 2048,
        "delp_calls": 13231
    }
}