{
    "status": {
        "~d_16": {
            "yes": 1621,
            "no": 0,
            "undecided": 388,
            "unknown": 0,
            "pyes": 0.6517929790397138,
            "pno": 0.0,
            "pundecided": 0.3482070209602859,
            "punknown": 0.0,
            "time": 94.4461522102356,
            "delp_calls": 2009,
            "percY": 97049.27,
            "percN": 0.0,
            "percU": 23229.56,
            "percUNK": 0.0,
            "l": 0.6517929790397138,
            "u": 1.0,
            "flag": "INTEREST"
        },
        "a_6": {
            "yes": 1084,
            "no": 0,
            "undecided": 1043,
            "unknown": 0,
            "pyes": 0.5515880000000001,
            "pno": 0.0,
            "pundecided": 0.44841200000000003,
            "punknown": 0.0,
            "time": 96.73835110664368,
            "delp_calls": 2127,
            "percY": 64899.08,
            "percN": 0.0,
            "percU": 62444.41,
            "percUNK": 0.0,
            "l": 0.5515880000000001,
            "u": 1.0,
            "flag": "INTEREST"
        },
        "a_7": {
            "yes": 1851,
            "no": 0,
            "undecided": 0,
            "unknown": 0,
            "pyes": 1.0000000000000004,
            "pno": 0.0,
            "pundecided": 0.0,
            "punknown": 0.0,
            "time": 90.09366035461426,
            "delp_calls": 1851,
            "percY": 110819.37,
            "percN": 0.0,
            "percU": 0.0,
            "percUNK": 0.0,
            "l": 1.0000000000000004,
            "u": 1.0,
            "flag": "INTEREST"
        }
    },
    "data": {
        "n_samples": 5987,
        "time": 900.6812720298767,
        "repeated_programs": 0,
        "inconsistent_programs": 0,
        "worlds_consulted": 49152,
        "delp_calls": 5987
    }
}