{
    "status": {
        "~d_16": {
            "yes": 497636,
            "no": 0,
            "undecided": 166240,
            "unknown": 0,
            "pyes": 0.028454566053512605,
            "pno": 0.0,
            "pundecided": 0.012713953641766937,
            "punknown": 0.0,
            "time": 28927.45303583145,
            "delp_calls": 240,
            "percY": 9959219126.16,
            "percN": 0.0,
            "percU": 3326971094.4,
            "percUNK": 0.0,
            "l": 0.028454566053512605,
            "u": 1.0
        },
        "a_6": {
            "yes": 163625,
            "no": 0,
            "undecided": 491165,
            "unknown": 0,
            "pyes": 0.021088961397147925,
            "pno": 0.0,
            "pundecided": 0.016677098477642874,
            "punknown": 0.0,
            "time": 34837.634181022644,
            "delp_calls": 240,
            "percY": 3274636942.5,
            "percN": 0.0,
            "percU": 9829714614.9,
            "percUNK": 0.0,
            "l": 0.021088961397147925,
            "u": 1.0
        },
        "a_7": {
            "yes": 643247,
            "no": 0,
            "undecided": 0,
            "unknown": 0,
            "pyes": 0.03794228121851908,
            "pno": 0.0,
            "pundecided": 0.0,
            "punknown": 0.0,
            "time": 41564.955736875534,
            "delp_calls": 240,
            "percY": 12873340805.82,
            "percN": 0.0,
            "percU": 0.0,
            "percUNK": 0.0,
            "l": 0.03794228121851908,
            "u": 1.0
        }
    },
    "data": {
        "n_samples": 2001306,
        "time": 900.0007803440094,
        "repeated_worlds": 39393,
        "repeated_progs": 2000586,
        "unique_progs": 720,
        "delp_calls": 720
    }
}