{
    "status": {
        "d_16": {
            "yes": 97389,
            "no": 0,
            "undecided": 0,
            "unknown": 0,
            "pyes": 0.005989945208007721,
            "pno": 0.0,
            "pundecided": 0.0,
            "punknown": 0.0,
            "time": 4736.784297704697,
            "delp_calls": 168,
            "percY": 275712154.56,
            "percN": 0.0,
            "percU": 0.0,
            "percUNK": 0.0,
            "l": 0.005989945208007721,
            "u": 1.0
        },
        "~a_7": {
            "yes": 35435,
            "no": 68016,
            "undecided": 0,
            "unknown": 0,
            "pyes": 0.0006133545641924592,
            "pno": 0.004701888054330349,
            "pundecided": 0.0,
            "punknown": 0.0,
            "time": 5467.274354696274,
            "delp_calls": 168,
            "percY": 100317902.4,
            "percN": 192556016.64,
            "percU": 0.0,
            "percUNK": 0.0,
            "l": 0.0006133545641924592,
            "u": 0.9952981119456696
        },
        "a_7": {
            "yes": 53544,
            "no": 27917,
            "undecided": 0,
            "unknown": 0,
            "pyes": 0.0038162251833275523,
            "pno": 0.0007105844448868086,
            "pundecided": 0.0,
            "punknown": 0.0,
            "time": 4404.667244195938,
            "delp_calls": 168,
            "percY": 151585205.76,
            "percN": 79034143.68,
            "percU": 0.0,
            "percUNK": 0.0,
            "l": 0.0038162251833275523,
            "u": 0.9992894155551132
        }
    },
    "data": {
        "n_samples": 283104,
        "time": 180.00090146064758,
        "repeated_worlds": 803,
        "repeated_progs": 282600,
        "unique_progs": 504,
        "delp_calls": 504
    }
}