{
    "status": {
        "d_16": {
            "yes": 840,
            "no": 0,
            "undecided": 0,
            "unknown": 0,
            "pyes": 1.0000000000000002,
            "pno": 0.0,
            "pundecided": 0.0,
            "punknown": 0.0,
            "time": 44.512155532836914,
            "delp_calls": 840,
            "percY": 23360.4,
            "percN": 0.0,
            "percU": 0.0,
            "percUNK": 0.0,
            "l": 1.0000000000000002,
            "u": 1.0,
            "flag": "INTEREST"
        },
        "~a_7": {
            "yes": 364,
            "no": 561,
            "undecided": 0,
            "unknown": 0,
            "pyes": 0.12997584133042375,
            "pno": 0.8700241586695762,
            "pundecided": 0.0,
            "punknown": 0.0,
            "time": 45.291677713394165,
            "delp_calls": 925,
            "percY": 10122.84,
            "percN": 15601.41,
            "percU": 0.0,
            "percUNK": 0.0,
            "l": 0.12997584133042375,
            "u": 0.12997584133042384,
            "flag": "INTEREST"
        },
        "a_7": {
            "yes": 635,
            "no": 381,
            "undecided": 0,
            "unknown": 0,
            "pyes": 0.8696412917919284,
            "pno": 0.12997519600448876,
            "pundecided": 0.0,
            "punknown": 0.0,
            "time": 46.62218999862671,
            "delp_calls": 1016,
            "percY": 17659.35,
            "percN": 10595.61,
            "percU": 0.0,
            "percUNK": 0.0,
            "l": 0.8696412917919284,
            "u": 0.8700248039955112,
            "flag": "INTEREST"
        }
    },
    "data": {
        "n_samples": 2781,
        "time": 180.04924964904785,
        "repeated_programs": 0,
        "inconsistent_programs": 0,
        "worlds_consulted": 6136,
        "delp_calls": 2781
    }
}