{
    "status": {
        "a_4": {
            "yes": 4096,
            "no": 0,
            "undecided": 0,
            "unknown": 0,
            "pyes": 1.0000000000000009,
            "pno": 0.0,
            "pundecided": 0.0,
            "punknown": 0.0,
            "time": 163.3816204071045,
            "delp_calls": 3080,
            "percY": 950513090.56,
            "percN": 0.0,
            "percU": 0.0,
            "percUNK": 0.0,
            "l": 1.0000000000000009,
            "u": 1.0,
            "flag": "INTEREST"
        },
        "a_17": {
            "yes": 1088,
            "no": 1840,
            "undecided": 1168,
            "unknown": 0,
            "pyes": 0.8020207873013866,
            "pno": 0.13935917853802623,
            "pundecided": 0.05862003416058643,
            "punknown": 0.0,
            "time": 171.69826292991638,
            "delp_calls": 3080,
            "percY": 252480039.68,
            "percN": 426988302.4,
            "percU": 271044748.48,
            "percUNK": 0.0,
            "l": 0.8020207873013866,
            "u": 0.8606408214619737,
            "flag": "INTEREST"
        }
    },
    "data": {
        "n_samples": 23205886,
        "time": 600.000016450882,
        "repeated_worlds": 23197694,
        "repeated_progs": 23199726,
        "unique_progs": 6160,
        "delp_calls": 6160
    }
}