{
    "status": {
        "d_51": {
            "yes": 782,
            "no": 0,
            "undecided": 0,
            "unknown": 0,
            "pyes": 0.16711485320616998,
            "pno": 0.0,
            "pundecided": 0.0,
            "punknown": 0.0,
            "time": 31.912312507629395,
            "delp_calls": 782,
            "percY": 18494.3,
            "percN": 0.0,
            "percU": 0.0,
            "percUNK": 0.0,
            "l": 0.16711485320616998,
            "u": 1.0
        },
        "a_10": {
            "yes": 814,
            "no": 0,
            "undecided": 0,
            "unknown": 0,
            "pyes": 0.050085980783056344,
            "pno": 0.0,
            "pundecided": 0.0,
            "punknown": 0.0,
            "time": 32.18911790847778,
            "delp_calls": 814,
            "percY": 19251.1,
            "percN": 0.0,
            "percU": 0.0,
            "percUNK": 0.0,
            "l": 0.050085980783056344,
            "u": 1.0
        },
        "~a_16": {
            "yes": 277,
            "no": 492,
            "undecided": 0,
            "unknown": 0,
            "pyes": 0.11371605453158723,
            "pno": 0.0813651984279298,
            "pundecided": 0.0,
            "punknown": 0.0,
            "time": 33.690130949020386,
            "delp_calls": 769,
            "percY": 6551.05,
            "percN": 11635.8,
            "percU": 0.0,
            "percUNK": 0.0,
            "l": 0.11371605453158723,
            "u": 0.9186348015720702
        }
    },
    "data": {
        "n_samples": 2365,
        "time": 180.15282154083252,
        "repeated_programs": 0,
        "inconsistent_programs": 0,
        "worlds_consulted": 2996,
        "delp_calls": 2365
    }
}