{
    "status": {
        "d_51": {
            "yes": 1582,
            "no": 0,
            "undecided": 0,
            "unknown": 0,
            "pyes": 0.7179102972368447,
            "pno": 0.0,
            "pundecided": 0.0,
            "punknown": 0.0,
            "time": 65.13274145126343,
            "delp_calls": 1381,
            "percY": 92151.5,
            "percN": 0.0,
            "percU": 0.0,
            "percUNK": 0.0,
            "l": 0.7179102972368447,
            "u": 1.0,
            "flag": "INTEREST"
        },
        "a_10": {
            "yes": 1576,
            "no": 0,
            "undecided": 0,
            "unknown": 0,
            "pyes": 0.5910075469685974,
            "pno": 0.0,
            "pundecided": 0.0,
            "punknown": 0.0,
            "time": 65.07029485702515,
            "delp_calls": 1377,
            "percY": 91802.0,
            "percN": 0.0,
            "percU": 0.0,
            "percUNK": 0.0,
            "l": 0.5910075469685974,
            "u": 1.0,
            "flag": "INTEREST"
        },
        "~a_16": {
            "yes": 527,
            "no": 920,
            "undecided": 0,
            "unknown": 0,
            "pyes": 0.022839203680195767,
            "pno": 0.10963757420269084,
            "pundecided": 0.0,
            "punknown": 0.0,
            "time": 65.52403664588928,
            "delp_calls": 1259,
            "percY": 30697.75,
            "percN": 53590.0,
            "percU": 0.0,
            "percUNK": 0.0,
            "l": 0.022839203680195767,
            "u": 0.8903624257973092
        }
    },
    "data": {
        "n_samples": 5825,
        "time": 180.0473301410675,
        "repeated_worlds": 1220,
        "repeated_progs": 1808,
        "unique_progs": 4017,
        "delp_calls": 4017
    }
}