{
    "status": {
        "d_52": {
            "yes": 6807,
            "no": 0,
            "undecided": 0,
            "unknown": 0,
            "pyes": 0.01037154205144222,
            "pno": 0.0,
            "pundecided": 0.0,
            "punknown": 0.0,
            "time": 288.04771304130554,
            "delp_calls": 6693,
            "percY": 893282.61,
            "percN": 0.0,
            "percU": 0.0,
            "percUNK": 0.0,
            "l": 0.01037154205144222,
            "u": 1.0
        },
        "a_21": {
            "yes": 4701,
            "no": 181,
            "undecided": 1256,
            "unknown": 0,
            "pyes": 0.0425126628772872,
            "pno": 1.8400459807062363e-05,
            "pundecided": 0.0015287687666197753,
            "punknown": 0.0,
            "time": 289.9872496128082,
            "delp_calls": 6029,
            "percY": 616912.23,
            "percN": 23752.63,
            "percU": 164824.88,
            "percUNK": 0.0,
            "l": 0.0425126628772872,
            "u": 0.999981599540193
        }
    },
    "data": {
        "n_samples": 13123,
        "time": 600.042062997818,
        "repeated_worlds": 178,
        "repeated_progs": 401,
        "unique_progs": 12722,
        "delp_calls": 12722
    }
}