{
    "status": {
        "d_17": {
            "yes": 2965,
            "no": 0,
            "undecided": 1088,
            "unknown": 456,
            "pyes": 0.9330246197594946,
            "pno": 0.0,
            "pundecided": 0.06241975417249895,
            "punknown": 0.0017916765714410528,
            "time": 179.15060305595398,
            "delp_calls": 4509,
            "percY": 133691.85,
            "percN": 0.0,
            "percU": 49057.92,
            "percUNK": 20561.04,
            "l": 0.9330246197594946,
            "u": 1.0,
            "flag": "INTEREST"
        }
    },
    "data": {
        "n_samples": 4509,
        "time": 300.0202362537384,
        "repeated_programs": 0,
        "inconsistent_programs": 0,
        "worlds_consulted": 3823,
        "delp_calls": 4509
    }
}