{
    "status": {
        "d_13": {
            "yes": 2562,
            "no": 0,
            "undecided": 1541,
            "unknown": 251,
            "pyes": 0.8430454564749913,
            "pno": 0.0,
            "pundecided": 0.06456320814747835,
            "punknown": 0.00024020373251903475,
            "time": 168.08069586753845,
            "delp_calls": 4354,
            "percY": 111549.48,
            "percN": 0.0,
            "percU": 67095.14,
            "percUNK": 10928.54,
            "l": 0.8430454564749913,
            "u": 1.0,
            "flag": "INTEREST"
        }
    },
    "data": {
        "n_samples": 4354,
        "time": 300.0367956161499,
        "repeated_programs": 0,
        "inconsistent_programs": 0,
        "worlds_consulted": 3350,
        "delp_calls": 4354
    }
}