{
    "status": {
        "~a_7": {
            "yes": 2176,
            "no": 0,
            "undecided": 384,
            "unknown": 1536,
            "pyes": 0.9070951064210536,
            "pno": 0.0,
            "pundecided": 0.00026793764294472013,
            "punknown": 0.09263695593599985,
            "time": 160.68872690200806,
            "delp_calls": 1097,
            "percY": 832541233.92,
            "percN": 0.0,
            "percU": 146919041.28,
            "percUNK": 587676165.12,
            "l": 0.9070951064210536,
            "u": 1.0,
            "flag": "INTEREST"
        },
        "a_9": {
            "yes": 2430,
            "no": 524,
            "undecided": 1130,
            "unknown": 12,
            "pyes": 0.10175876669150824,
            "pno": 0.8187470429901919,
            "pundecided": 0.07945706249738506,
            "punknown": 3.712782091495104e-05,
            "time": 161.2694275379181,
            "delp_calls": 1097,
            "percY": 929722058.1,
            "percN": 200483275.08,
            "percU": 432339887.1,
            "percUNK": 4591220.04,
            "l": 0.10175876669150824,
            "u": 0.18125295700980815,
            "flag": "INTEREST"
        }
    },
    "data": {
        "n_samples": 38260167,
        "time": 600.0000140666962,
        "repeated_worlds": 38251975,
        "repeated_progs": 38257973,
        "unique_progs": 2194,
        "delp_calls": 2194
    }
}