{
    "status": {
        "~a_12": {
            "yes": 1224,
            "no": 0,
            "undecided": 1258,
            "unknown": 0,
            "pyes": 0.7555185626964989,
            "pno": 0.0,
            "pundecided": 0.13082352561269614,
            "punknown": 0.0,
            "time": 99.14874839782715,
            "delp_calls": 4945,
            "percY": 117589.68,
            "percN": 0.0,
            "percU": 120856.06,
            "percUNK": 0.0,
            "l": 0.7555185626964989,
            "u": 1.0,
            "flag": "INTEREST"
        },
        "a_16": {
            "yes": 2021,
            "no": 316,
            "undecided": 0,
            "unknown": 0,
            "pyes": 0.8592171331870361,
            "pno": 0.005336477795938424,
            "pundecided": 0.0,
            "punknown": 0.0,
            "time": 104.53993320465088,
            "delp_calls": 4662,
            "percY": 194157.47,
            "percN": 30358.12,
            "percU": 0.0,
            "percUNK": 0.0,
            "l": 0.8592171331870361,
            "u": 0.9946635222040616,
            "flag": "INTEREST"
        }
    },
    "data": {
        "n_samples": 9607,
        "time": 600.0661878585815,
        "repeated_programs": 0,
        "inconsistent_programs": 4788,
        "worlds_consulted": 2852,
        "delp_calls": 9607
    }
}