{
    "status": {
        "a_6": {
            "yes": 3713,
            "no": 0,
            "undecided": 555,
            "unknown": 449,
            "pyes": 0.9106308806128264,
            "pno": 0.0,
            "pundecided": 0.004356392236560592,
            "punknown": 0.08311424219565264,
            "time": 184.24806809425354,
            "delp_calls": 4717,
            "percY": 175142.21,
            "percN": 0.0,
            "percU": 26179.35,
            "percUNK": 21179.33,
            "l": 0.9106308806128264,
            "u": 1.0,
            "flag": "INTEREST"
        }
    },
    "data": {
        "n_samples": 4717,
        "time": 300.04646587371826,
        "repeated_programs": 0,
        "inconsistent_programs": 0,
        "worlds_consulted": 3994,
        "delp_calls": 4717
    }
}