{
    "status": {
        "a_5": {
            "yes": 346,
            "no": 0,
            "undecided": 336,
            "unknown": 0,
            "pyes": 0.0236874090338554,
            "pno": 0.0,
            "pundecided": 0.0006839924126856,
            "punknown": 0.0,
            "time": 27.347578525543213,
            "delp_calls": 1336,
            "percY": 9186.3,
            "percN": 0.0,
            "percU": 8920.8,
            "percUNK": 0.0,
            "l": 0.0236874090338554,
            "u": 1.0
        },
        "a_8": {
            "yes": 82,
            "no": 246,
            "undecided": 350,
            "unknown": 0,
            "pyes": 0.023615168407026436,
            "pno": 0.0006884416587888,
            "pundecided": 0.0006839924126855999,
            "punknown": 0.0,
            "time": 27.580455780029297,
            "delp_calls": 1319,
            "percY": 2177.1,
            "percN": 6531.3,
            "percU": 9292.5,
            "percUNK": 0.0,
            "l": 0.023615168407026436,
            "u": 0.9993115583412112
        }
    },
    "data": {
        "n_samples": 2655,
        "time": 120.05002975463867,
        "repeated_programs": 0,
        "inconsistent_programs": 1295,
        "worlds_consulted": 253,
        "delp_calls": 2655
    }
}