{
    "status": {
        "d_65": {
            "yes": 542,
            "no": 0,
            "undecided": 111,
            "unknown": 190,
            "pyes": 0.08849265883429402,
            "pno": 0.0,
            "pundecided": 0.00028971329892924093,
            "punknown": 0.0024619031444731393,
            "time": 33.0179340839386,
            "delp_calls": 843,
            "percY": 4569.06,
            "percN": 0.0,
            "percU": 935.73,
            "percUNK": 1601.7,
            "l": 0.08849265883429402,
            "u": 1.0
        }
    },
    "data": {
        "n_samples": 843,
        "time": 300.0283691883087,
        "repeated_programs": 0,
        "inconsistent_programs": 0,
        "worlds_consulted": 764,
        "delp_calls": 843
    }
}