{
    "status": {
        "a_1": {
            "yes": 988,
            "no": 0,
            "undecided": 0,
            "unknown": 602,
            "pyes": 0.10028103175742671,
            "pno": 0.0,
            "pundecided": 0.0,
            "punknown": 0.057686043294114885,
            "time": 75.11997318267822,
            "delp_calls": 1216,
            "percY": 20342.92,
            "percN": 0.0,
            "percU": 0.0,
            "percUNK": 12395.18,
            "l": 0.10028103175742671,
            "u": 1.0
        }
    },
    "data": {
        "n_samples": 2059,
        "time": 60.01941990852356,
        "repeated_worlds": 469,
        "repeated_progs": 843,
        "unique_progs": 1216,
        "delp_calls": 1216
    }
}