{
    "status": {
        "a_1": {
            "yes": 458,
            "no": 0,
            "undecided": 0,
            "unknown": 445,
            "pyes": 0.07464905859763883,
            "pno": 0.0,
            "pundecided": 0.0,
            "punknown": 0.011567808195623466,
            "time": 36.07043147087097,
            "delp_calls": 903,
            "percY": 4135.74,
            "percN": 0.0,
            "percU": 0.0,
            "percUNK": 4018.35,
            "l": 0.07464905859763883,
            "u": 1.0
        }
    },
    "data": {
        "n_samples": 903,
        "time": 60.0507550239563,
        "repeated_programs": 0,
        "inconsistent_programs": 0,
        "worlds_consulted": 1328,
        "delp_calls": 903
    }
}