{
    "status": {
        "d_65": {
            "yes": 206,
            "no": 0,
            "undecided": 165,
            "unknown": 0,
            "pyes": 0.6713616308961697,
            "pno": 0.0,
            "pundecided": 0.0008654451033445826,
            "punknown": 0.0,
            "time": 18.25353479385376,
            "delp_calls": 773,
            "percY": 1592.38,
            "percN": 0.0,
            "percU": 1275.45,
            "percUNK": 0.0,
            "l": 0.6713616308961697,
            "u": 1.0,
            "flag": "INTEREST"
        }
    },
    "data": {
        "n_samples": 773,
        "time": 60.066407442092896,
        "repeated_programs": 0,
        "inconsistent_programs": 402,
        "worlds_consulted": 342,
        "delp_calls": 773
    }
}