{
    "status": {
        "a_5": {
            "yes": 679,
            "no": 0,
            "undecided": 103,
            "unknown": 0,
            "pyes": 0.3184706572079937,
            "pno": 0.0,
            "pundecided": 0.043222372038389,
            "punknown": 0.0,
            "time": 34.051202058792114,
            "delp_calls": 782,
            "percY": 10123.89,
            "percN": 0.0,
            "percU": 1535.73,
            "percUNK": 0.0,
            "l": 0.3184706572079937,
            "u": 1.0
        },
        "~a_7": {
            "yes": 421,
            "no": 167,
            "undecided": 121,
            "unknown": 0,
            "pyes": 0.24111534969113774,
            "pno": 0.07222408642422594,
            "pundecided": 0.03529408357844421,
            "punknown": 0.0,
            "time": 33.073089361190796,
            "delp_calls": 709,
            "percY": 6277.11,
            "percN": 2489.97,
            "percU": 1804.11,
            "percUNK": 0.0,
            "l": 0.24111534969113774,
            "u": 0.927775913575774
        }
    },
    "data": {
        "n_samples": 1491,
        "time": 120.07156038284302,
        "repeated_programs": 0,
        "inconsistent_programs": 0,
        "worlds_consulted": 14044,
        "delp_calls": 1491
    }
}