{
    "status": {
        "~a_1": {
            "yes": 883,
            "no": 0,
            "undecided": 305,
            "unknown": 179,
            "pyes": 0.0005200305323990636,
            "pno": 0.0,
            "pundecided": 1.820251012372028e-05,
            "punknown": 8.433303988569427e-09,
            "time": 59.88848376274109,
            "delp_calls": 1300,
            "percY": 23929.3,
            "percN": 0.0,
            "percU": 8265.5,
            "percUNK": 4850.9,
            "l": 0.0005200305323990636,
            "u": 1.0
        },
        "~a_5": {
            "yes": 172,
            "no": 0,
            "undecided": 1167,
            "unknown": 0,
            "pyes": 0.0012672657242433932,
            "pno": 0.0,
            "pundecided": 0.03979353220096066,
            "punknown": 0.0,
            "time": 59.136913537979126,
            "delp_calls": 1291,
            "percY": 4661.2,
            "percN": 0.0,
            "percU": 31625.7,
            "percUNK": 0.0,
            "l": 0.0012672657242433932,
            "u": 1.0
        }
    },
    "data": {
        "n_samples": 2710,
        "time": 120.03017067909241,
        "repeated_worlds": 4,
        "repeated_progs": 119,
        "unique_progs": 2591,
        "delp_calls": 2591
    }
}