{
    "status": {
        "d_13": {
            "yes": 2560,
            "no": 0,
            "undecided": 768,
            "unknown": 768,
            "pyes": 0.8883432106600027,
            "pno": 0.0,
            "pundecided": 0.10933596493170009,
            "punknown": 0.0023208244083000014,
            "time": 164.02495312690735,
            "delp_calls": 2317,
            "percY": 1119030656.0,
            "percN": 0.0,
            "percU": 335709196.8,
            "percUNK": 335709196.8,
            "l": 0.8883432106600027,
            "u": 1.0,
            "flag": "INTEREST"
        },
        "a_8": {
            "yes": 1436,
            "no": 104,
            "undecided": 2540,
            "unknown": 16,
            "pyes": 0.84684934374943,
            "pno": 0.0006661751920707123,
            "pundecided": 0.15247006334848073,
            "punknown": 1.4417710020000001e-05,
            "time": 165.0236210823059,
            "delp_calls": 2317,
            "percY": 627706258.6,
            "percN": 45460620.4,
            "percU": 1110288229.0,
            "percUNK": 6993941.6,
            "l": 0.84684934374943,
            "u": 0.9993338248079293,
            "flag": "INTEREST"
        },
        "~a_8": {
            "yes": 104,
            "no": 1436,
            "undecided": 2540,
            "unknown": 16,
            "pyes": 0.0006661751920707122,
            "pno": 0.8468493437494291,
            "pundecided": 0.15247006334848048,
            "punknown": 1.4417710020000001e-05,
            "time": 165.6191303730011,
            "delp_calls": 2317,
            "percY": 45460620.4,
            "percN": 627706258.6,
            "percU": 1110288229.0,
            "percUNK": 6993941.6,
            "l": 0.0006661751920707122,
            "u": 0.1531506562505709,
            "flag": "INTEREST"
        }
    },
    "data": {
        "n_samples": 43712135,
        "time": 900.0000104904175,
        "repeated_worlds": 43699847,
        "repeated_progs": 43705184,
        "unique_progs": 6951,
        "delp_calls": 6951
    }
}