{
    "status": {
        "d_13": {
            "yes": 2496,
            "no": 0,
            "undecided": 867,
            "unknown": 902,
            "pyes": 0.6997326468759434,
            "pno": 0.0,
            "pundecided": 0.10495432068761014,
            "punknown": 0.002208175086053595,
            "time": 167.70987558364868,
            "delp_calls": 4265,
            "percY": 318165.12,
            "percN": 0.0,
            "percU": 110516.49,
            "percUNK": 114977.94,
            "l": 0.6997326468759434,
            "u": 1.0,
            "flag": "INTEREST"
        },
        "a_8": {
            "yes": 1234,
            "no": 116,
            "undecided": 2896,
            "unknown": 15,
            "pyes": 0.7660234535890513,
            "pno": 0.0006086848169556541,
            "pundecided": 0.090380248957369,
            "punknown": 1.3231449674974442e-05,
            "time": 169.47969031333923,
            "delp_calls": 4261,
            "percY": 157297.98,
            "percN": 14786.52,
            "percU": 369153.12,
            "percUNK": 1912.05,
            "l": 0.7660234535890513,
            "u": 0.9993913151830444,
            "flag": "INTEREST"
        },
        "~a_8": {
            "yes": 113,
            "no": 1217,
            "undecided": 2871,
            "unknown": 20,
            "pyes": 0.0006182614855672816,
            "pno": 0.7656302515122121,
            "pundecided": 0.13850040134743413,
            "punknown": 1.4417710020000003e-05,
            "time": 168.79755997657776,
            "delp_calls": 4221,
            "percY": 14404.11,
            "percN": 155130.99,
            "percU": 365966.37,
            "percUNK": 2549.4,
            "l": 0.0006182614855672816,
            "u": 0.2343697484877879,
            "flag": "INTEREST"
        }
    },
    "data": {
        "n_samples": 12747,
        "time": 900.0620968341827,
        "repeated_programs": 0,
        "inconsistent_programs": 0,
        "worlds_consulted": 10343,
        "delp_calls": 12747
    }
}