{
    "status": {
        "a_16": {
            "yes": 1536,
            "no": 512,
            "undecided": 2048,
            "unknown": 0,
            "pyes": 0.9466733267470343,
            "pno": 0.0033266732529663996,
            "pundecided": 0.04999999999999996,
            "punknown": 0.0,
            "time": 166.90819215774536,
            "delp_calls": 4096,
            "percY": 283114122.24,
            "percN": 94371374.08,
            "percU": 377485496.32,
            "percUNK": 0.0,
            "l": 0.9466733267470343,
            "u": 0.9966733267470336,
            "flag": "INTEREST"
        },
        "~a_16": {
            "yes": 512,
            "no": 1536,
            "undecided": 2048,
            "unknown": 0,
            "pyes": 0.0033266732529664005,
            "pno": 0.9466733267470333,
            "pundecided": 0.04999999999999998,
            "punknown": 0.0,
            "time": 167.54509711265564,
            "delp_calls": 4096,
            "percY": 94371374.08,
            "percN": 283114122.24,
            "percU": 377485496.32,
            "percUNK": 0.0,
            "l": 0.0033266732529664005,
            "u": 0.053326673252966694,
            "flag": "INTEREST"
        }
    },
    "data": {
        "n_samples": 18431909,
        "time": 600.0000088214874,
        "repeated_worlds": 18423717,
        "repeated_progs": 18423717,
        "unique_progs": 8192,
        "delp_calls": 8192
    }
}