{
    "status": {
        "d_23": {
            "yes": 3072,
            "no": 0,
            "undecided": 1024,
            "unknown": 0,
            "pyes": 0.9975424959999998,
            "pno": 0.0,
            "pundecided": 0.002457504,
            "punknown": 0.0,
            "time": 166.01015090942383,
            "delp_calls": 3628,
            "percY": 308541327.36,
            "percN": 0.0,
            "percU": 102847109.12,
            "percUNK": 0.0,
            "l": 0.9975424959999998,
            "u": 1.0,
            "flag": "INTEREST"
        }
    },
    "data": {
        "n_samples": 10043663,
        "time": 300.0000033378601,
        "repeated_worlds": 10039567,
        "repeated_progs": 10040035,
        "unique_progs": 3628,
        "delp_calls": 3628
    }
}