{
    "status": {
        "~a_7": {
            "yes": 2153,
            "no": 1123,
            "undecided": 0,
            "unknown": 0,
            "pyes": 0.3521194821294032,
            "pno": 0.162258247962901,
            "pundecided": 0.0,
            "punknown": 0.0,
            "time": 140.4458203315735,
            "delp_calls": 6250,
            "percY": 134562.5,
            "percN": 70187.5,
            "percU": 0.0,
            "percUNK": 0.0,
            "l": 0.3521194821294032,
            "u": 0.837741752037099,
            "flag": "INTEREST"
        }
    },
    "data": {
        "n_samples": 6250,
        "time": 300.0343267917633,
        "repeated_programs": 0,
        "inconsistent_programs": 2974,
        "worlds_consulted": 256,
        "delp_calls": 6250
    }
}