{
    "status": {
        "a_7": {
            "yes": 41,
            "no": 0,
            "undecided": 0,
            "unknown": 0,
            "pyes": 0.3023668984522691,
            "pno": 0.0,
            "pundecided": 0.0,
            "punknown": 0.0,
            "time": 2.04850435256958,
            "delp_calls": 45,
            "percY": 18.45,
            "percN": 0.0,
            "percU": 0.0,
            "percUNK": 0.0,
            "l": 0.3023668984522691,
            "u": 1.0
        }
    },
    "data": {
        "n_samples": 45,
        "time": 64.8110363483429,
        "repeated_programs": 0,
        "inconsistent_programs": 4,
        "worlds_consulted": 14888,
        "delp_calls": 45
    }
}