{
    "status": {
        "a_7": {
            "yes": 108,
            "no": 10,
            "undecided": 3,
            "unknown": 0,
            "pyes": 0.1675986134706987,
            "pno": 0.001513220431462859,
            "pundecided": 0.0010828804522747103,
            "punknown": 0.0,
            "time": 5.835589170455933,
            "delp_calls": 121,
            "percY": 130.68,
            "percN": 12.1,
            "percU": 3.63,
            "percUNK": 0.0,
            "l": 0.1675986134706987,
            "u": 0.9984867795685372
        }
    },
    "data": {
        "n_samples": 121,
        "time": 66.70922327041626,
        "repeated_programs": 0,
        "inconsistent_programs": 0,
        "worlds_consulted": 15064,
        "delp_calls": 121
    }
}