{
    "status": {
        "~d_19": {
            "yes": 4096,
            "no": 0,
            "undecided": 0,
            "unknown": 0,
            "pyes": 0.9999999999999989,
            "pno": 0.0,
            "pundecided": 0.0,
            "punknown": 0.0,
            "time": 159.5219383239746,
            "delp_calls": 149,
            "percY": 2438004408.32,
            "percN": 0.0,
            "percU": 0.0,
            "percUNK": 0.0,
            "l": 0.9999999999999989,
            "u": 1.0,
            "flag": "INTEREST"
        },
        "a_7": {
            "yes": 4096,
            "no": 0,
            "undecided": 0,
            "unknown": 0,
            "pyes": 1.0,
            "pno": 0.0,
            "pundecided": 0.0,
            "punknown": 0.0,
            "time": 169.7620611190796,
            "delp_calls": 149,
            "percY": 2438004408.32,
            "percN": 0.0,
            "percU": 0.0,
            "percUNK": 0.0,
            "l": 1.0,
            "u": 1.0,
            "flag": "INTEREST"
        },
        "a_8": {
            "yes": 4096,
            "no": 0,
            "undecided": 0,
            "unknown": 0,
            "pyes": 0.9999999999999999,
            "pno": 0.0,
            "pundecided": 0.0,
            "punknown": 0.0,
            "time": 169.57281589508057,
            "delp_calls": 149,
            "percY": 2438004408.32,
            "percN": 0.0,
            "percU": 0.0,
            "percUNK": 0.0,
            "l": 0.9999999999999999,
            "u": 1.0,
            "flag": "INTEREST"
        }
    },
    "data": {
        "n_samples": 59521592,
        "time": 900.000013589859,
        "repeated_worlds": 59509304,
        "repeated_progs": 59521145,
        "unique_progs": 447,
        "delp_calls": 447
    }
}