{
    "status": {
        "a_9": {
            "yes": 1194,
            "no": 0,
            "undecided": 0,
            "unknown": 1253,
            "pyes": 0.022178582776804172,
            "pno": 0.0,
            "pundecided": 0.0,
            "punknown": 0.0014361057500246715,
            "time": 96.66025686264038,
            "delp_calls": 4974,
            "percY": 117537.36,
            "percN": 0.0,
            "percU": 0.0,
            "percUNK": 123345.32,
            "l": 0.022178582776804172,
            "u": 1.0
        },
        "~a_16": {
            "yes": 637,
            "no": 652,
            "undecided": 1242,
            "unknown": 0,
            "pyes": 0.00032124998108428446,
            "pno": 0.019240007420777434,
            "pundecided": 0.0020150743221957605,
            "punknown": 0.0,
            "time": 103.36453056335449,
            "delp_calls": 4870,
            "percY": 62706.28,
            "percN": 64182.88,
            "percU": 122262.48,
            "percUNK": 0.0,
            "l": 0.00032124998108428446,
            "u": 0.9807599925792225
        }
    },
    "data": {
        "n_samples": 9844,
        "time": 600.0898177623749,
        "repeated_programs": 0,
        "inconsistent_programs": 4866,
        "worlds_consulted": 2886,
        "delp_calls": 9844
    }
}