{
    "status": {
        "d_29": {
            "yes": 2048,
            "no": 0,
            "undecided": 2048,
            "unknown": 0,
            "pyes": 0.98,
            "pno": 0.0,
            "pundecided": 0.01999999999999998,
            "punknown": 0.0,
            "time": 165.3712296485901,
            "delp_calls": 4096,
            "percY": 197081292.8,
            "percN": 0.0,
            "percU": 197081292.8,
            "percUNK": 0.0,
            "l": 0.98,
            "u": 1.0,
            "flag": "INTEREST"
        }
    },
    "data": {
        "n_samples": 9623110,
        "time": 300.00000381469727,
        "repeated_worlds": 9619014,
        "repeated_progs": 9619014,
        "unique_progs": 4096,
        "delp_calls": 4096
    }
}