{
    "status": {
        "~a_7": {
            "yes": 156,
            "no": 111,
            "undecided": 5,
            "unknown": 0,
            "pyes": 0.5659117939622867,
            "pno": 0.1770671989385954,
            "pundecided": 0.0001108129742971449,
            "punknown": 0.0,
            "time": 12.395935297012329,
            "delp_calls": 783,
            "percY": 1221.48,
            "percN": 869.13,
            "percU": 39.15,
            "percUNK": 0.0,
            "l": 0.5659117939622867,
            "u": 0.8229328010614045,
            "flag": "INTEREST"
        }
    },
    "data": {
        "n_samples": 783,
        "time": 60.01500487327576,
        "repeated_programs": 0,
        "inconsistent_programs": 511,
        "worlds_consulted": 1716,
        "delp_calls": 783
    }
}