{
    "status": {
        "a_17": {
            "yes": 4096,
            "no": 0,
            "undecided": 0,
            "unknown": 0,
            "pyes": 1.0000000000000007,
            "pno": 0.0,
            "pundecided": 0.0,
            "punknown": 0.0,
            "time": 203.86176657676697,
            "delp_calls": 4096,
            "percY": 588958146.56,
            "percN": 0.0,
            "percU": 0.0,
            "percUNK": 0.0,
            "l": 1.0000000000000007,
            "u": 1.0,
            "flag": "INTEREST"
        },
        "a_16": {
            "yes": 3072,
            "no": 0,
            "undecided": 1024,
            "unknown": 0,
            "pyes": 0.9809999999999998,
            "pno": 0.0,
            "pundecided": 0.01900000000000001,
            "punknown": 0.0,
            "time": 179.9717116355896,
            "delp_calls": 4096,
            "percY": 441718609.92,
            "percN": 0.0,
            "percU": 147239536.64,
            "percUNK": 0.0,
            "l": 0.9809999999999998,
            "u": 1.0,
            "flag": "INTEREST"
        }
    },
    "data": {
        "n_samples": 14378861,
        "time": 600.0000154972076,
        "repeated_worlds": 14370669,
        "repeated_progs": 14370669,
        "unique_progs": 8192,
        "delp_calls": 8192
    }
}