{
    "status": {
        "d_68": {
            "yes": 1210,
            "no": 0,
            "undecided": 0,
            "unknown": 0,
            "pyes": 0.7484829796154406,
            "pno": 0.0,
            "pundecided": 0.0,
            "punknown": 0.0,
            "time": 57.01587414741516,
            "delp_calls": 1203,
            "percY": 48859.8,
            "percN": 0.0,
            "percU": 0.0,
            "percUNK": 0.0,
            "l": 0.7484829796154406,
            "u": 1.0,
            "flag": "INTEREST"
        },
        "~a_11": {
            "yes": 881,
            "no": 0,
            "undecided": 300,
            "unknown": 0,
            "pyes": 0.1070606621601105,
            "pno": 0.0,
            "pundecided": 0.0021800797354375964,
            "punknown": 0.0,
            "time": 56.98378849029541,
            "delp_calls": 1176,
            "percY": 35574.78,
            "percN": 0.0,
            "percU": 12114.0,
            "percUNK": 0.0,
            "l": 0.1070606621601105,
            "u": 1.0
        },
        "~a_18": {
            "yes": 788,
            "no": 0,
            "undecided": 230,
            "unknown": 0,
            "pyes": 0.09641710993478304,
            "pno": 0.0,
            "pundecided": 0.009370155082764658,
            "punknown": 0.0,
            "time": 57.917776107788086,
            "delp_calls": 1008,
            "percY": 31819.44,
            "percN": 0.0,
            "percU": 9287.4,
            "percUNK": 0.0,
            "l": 0.09641710993478304,
            "u": 1.0
        }
    },
    "data": {
        "n_samples": 4038,
        "time": 180.04494500160217,
        "repeated_worlds": 629,
        "repeated_progs": 651,
        "unique_progs": 3387,
        "delp_calls": 3387
    }
}