{
    "status": {
        "d_14": {
            "yes": 2048,
            "no": 0,
            "undecided": 2048,
            "unknown": 0,
            "pyes": 0.9699999999999995,
            "pno": 0.0,
            "pundecided": 0.029999999999999964,
            "punknown": 0.0,
            "time": 247.24008178710938,
            "delp_calls": 128,
            "percY": 289166254.08,
            "percN": 0.0,
            "percU": 289166254.08,
            "percUNK": 0.0,
            "l": 0.9699999999999995,
            "u": 1.0,
            "flag": "INTEREST"
        }
    },
    "data": {
        "n_samples": 14119446,
        "time": 300.0000112056732,
        "repeated_worlds": 14115350,
        "repeated_progs": 14119318,
        "unique_progs": 128,
        "delp_calls": 128
    }
}