{
    "status": {
        "~a_7": {
            "yes": 24,
            "no": 403,
            "undecided": 79,
            "unknown": 0,
            "pyes": 0.012325036248511948,
            "pno": 0.48890661660946383,
            "pundecided": 0.13959155846566745,
            "punknown": 0.0,
            "time": 24.675010919570923,
            "delp_calls": 1065,
            "percY": 255.6,
            "percN": 4291.95,
            "percU": 841.35,
            "percUNK": 0.0,
            "l": 0.012325036248511948,
            "u": 0.5110933833905362,
            "flag": "INTEREST"
        }
    },
    "data": {
        "n_samples": 1065,
        "time": 60.01548910140991,
        "repeated_programs": 0,
        "inconsistent_programs": 559,
        "worlds_consulted": 228,
        "delp_calls": 1065
    }
}