{
    "status": {
        "a_4": {
            "yes": 153013,
            "no": 0,
            "undecided": 0,
            "unknown": 153554,
            "pyes": 0.013666921039363731,
            "pno": 0.0,
            "pundecided": 0.0,
            "punknown": 0.002535826750436789,
            "time": 11973.150332689285,
            "delp_calls": 4096,
            "percY": 473393149.53,
            "percN": 0.0,
            "percU": 0.0,
            "percUNK": 475066900.74,
            "l": 0.013666921039363731,
            "u": 1.0
        }
    },
    "data": {
        "n_samples": 309381,
        "time": 300.00043773651123,
        "repeated_worlds": 2814,
        "repeated_progs": 305285,
        "unique_progs": 4096,
        "delp_calls": 4096
    }
}