{
    "status": {
        "~a_8": {
            "yes": 83813,
            "no": 12091,
            "undecided": 0,
            "unknown": 0,
            "pyes": 0.17823388094146075,
            "pno": 0.00014610706655156843,
            "pundecided": 0.0,
            "punknown": 0.0,
            "time": 4734.720746994019,
            "delp_calls": 376,
            "percY": 186018762.85,
            "percN": 26835369.95,
            "percU": 0.0,
            "percUNK": 0.0,
            "l": 0.17823388094146075,
            "u": 0.9998538929334484
        },
        "a_7": {
            "yes": 63829,
            "no": 21079,
            "undecided": 0,
            "unknown": 0,
            "pyes": 0.6230919024138944,
            "pno": 0.001934582521237328,
            "pundecided": 0.0,
            "punknown": 0.0,
            "time": 4282.220348596573,
            "delp_calls": 376,
            "percY": 141665274.05,
            "percN": 46783786.55,
            "percU": 0.0,
            "percUNK": 0.0,
            "l": 0.6230919024138944,
            "u": 0.9980654174787627,
            "flag": "INTEREST"
        }
    },
    "data": {
        "n_samples": 221945,
        "time": 120.00025963783264,
        "repeated_worlds": 41133,
        "repeated_progs": 221193,
        "unique_progs": 752,
        "delp_calls": 752
    }
}