{
    "status": {
        "~a_8": {
            "yes": 290,
            "no": 73,
            "undecided": 0,
            "unknown": 0,
            "pyes": 0.9333774670809966,
            "pno": 0.000639843500377338,
            "pundecided": 0.0,
            "punknown": 0.0,
            "time": 18.591490507125854,
            "delp_calls": 363,
            "percY": 2291.0,
            "percN": 576.7,
            "percU": 0.0,
            "percUNK": 0.0,
            "l": 0.9333774670809966,
            "u": 0.9993601564996226,
            "flag": "INTEREST"
        },
        "a_7": {
            "yes": 300,
            "no": 127,
            "undecided": 0,
            "unknown": 0,
            "pyes": 0.9185418773042976,
            "pno": 0.0029262113301573903,
            "pundecided": 0.0,
            "punknown": 0.0,
            "time": 21.448456525802612,
            "delp_calls": 427,
            "percY": 2370.0,
            "percN": 1003.3,
            "percU": 0.0,
            "percUNK": 0.0,
            "l": 0.9185418773042976,
            "u": 0.9970737886698426,
            "flag": "INTEREST"
        }
    },
    "data": {
        "n_samples": 790,
        "time": 120.52388763427734,
        "repeated_programs": 0,
        "inconsistent_programs": 0,
        "worlds_consulted": 21928,
        "delp_calls": 790
    }
}