{
    "status": {
        "d_24": {
            "yes": 394,
            "no": 0,
            "undecided": 0,
            "unknown": 0,
            "pyes": 0.13207501885203904,
            "pno": 0.0,
            "pundecided": 0.0,
            "punknown": 0.0,
            "time": 18.260637044906616,
            "delp_calls": 787,
            "percY": 9010.78,
            "percN": 0.0,
            "percU": 0.0,
            "percUNK": 0.0,
            "l": 0.13207501885203904,
            "u": 1.0
        },
        "~a_17": {
            "yes": 280,
            "no": 76,
            "undecided": 0,
            "unknown": 0,
            "pyes": 0.014720368779256416,
            "pno": 0.006090652016128103,
            "pundecided": 0.0,
            "punknown": 0.0,
            "time": 18.70415687561035,
            "delp_calls": 736,
            "percY": 6403.6,
            "percN": 1738.12,
            "percU": 0.0,
            "percUNK": 0.0,
            "l": 0.014720368779256416,
            "u": 0.9939093479838719
        },
        "a_19": {
            "yes": 235,
            "no": 161,
            "undecided": 0,
            "unknown": 0,
            "pyes": 0.09886428847908728,
            "pno": 0.001959159976607325,
            "pundecided": 0.0,
            "punknown": 0.0,
            "time": 20.348196268081665,
            "delp_calls": 764,
            "percY": 5374.45,
            "percN": 3682.07,
            "percU": 0.0,
            "percUNK": 0.0,
            "l": 0.09886428847908728,
            "u": 0.9980408400233927
        }
    },
    "data": {
        "n_samples": 2287,
        "time": 180.07815551757812,
        "repeated_programs": 0,
        "inconsistent_programs": 1141,
        "worlds_consulted": 1060,
        "delp_calls": 2287
    }
}