{
    "status": {
        "d_55": {
            "yes": 4096,
            "no": 0,
            "undecided": 0,
            "unknown": 0,
            "pyes": 1.000000000000001,
            "pno": 0.0,
            "pundecided": 0.0,
            "punknown": 0.0,
            "time": 167.34603905677795,
            "delp_calls": 3665,
            "percY": 436537180.16,
            "percN": 0.0,
            "percU": 0.0,
            "percUNK": 0.0,
            "l": 1.000000000000001,
            "u": 1.0,
            "flag": "INTEREST"
        }
    },
    "data": {
        "n_samples": 10657646,
        "time": 300.0000112056732,
        "repeated_worlds": 10653550,
        "repeated_progs": 10653981,
        "unique_progs": 3665,
        "delp_calls": 3665
    }
}