{
    "status": {
        "d_55": {
            "yes": 913,
            "no": 0,
            "undecided": 0,
            "unknown": 0,
            "pyes": 0.7909175185205871,
            "pno": 0.0,
            "pundecided": 0.0,
            "punknown": 0.0,
            "time": 36.87419581413269,
            "delp_calls": 3789,
            "percY": 34593.57,
            "percN": 0.0,
            "percU": 0.0,
            "percUNK": 0.0,
            "l": 0.7909175185205871,
            "u": 1.0,
            "flag": "INTEREST"
        }
    },
    "data": {
        "n_samples": 3789,
        "time": 300.0696773529053,
        "repeated_programs": 0,
        "inconsistent_programs": 2876,
        "worlds_consulted": 640,
        "delp_calls": 3789
    }
}