{
    "status": {
        "d_17": {
            "yes": 2048,
            "no": 0,
            "undecided": 2454,
            "unknown": 0,
            "pyes": 0.8260585864063998,
            "pno": 0.0,
            "pundecided": 0.1442414135936,
            "punknown": 0.0,
            "time": 173.3229353427887,
            "delp_calls": 6583,
            "percY": 400343.04,
            "percN": 0.0,
            "percU": 479707.92,
            "percUNK": 0.0,
            "l": 0.8260585864063998,
            "u": 1.0,
            "flag": "INTEREST"
        },
        "a_8": {
            "yes": 4392,
            "no": 0,
            "undecided": 144,
            "unknown": 0,
            "pyes": 0.9291685309856514,
            "pno": 0.0,
            "pundecided": 0.041131469014348436,
            "punknown": 0.0,
            "time": 179.7243423461914,
            "delp_calls": 6456,
            "percY": 858548.16,
            "percN": 0.0,
            "percU": 28149.12,
            "percUNK": 0.0,
            "l": 0.9291685309856514,
            "u": 1.0,
            "flag": "INTEREST"
        },
        "~a_7": {
            "yes": 2033,
            "no": 2180,
            "undecided": 284,
            "unknown": 0,
            "pyes": 0.13583165497419364,
            "pno": 0.8344683450258061,
            "pundecided": 0.0,
            "punknown": 0.0,
            "time": 176.31606221199036,
            "delp_calls": 6509,
            "percY": 397410.84,
            "percN": 426146.4,
            "percU": 55516.32,
            "percUNK": 0.0,
            "l": 0.13583165497419364,
            "u": 0.16553165497419386,
            "flag": "INTEREST"
        }
    },
    "data": {
        "n_samples": 19548,
        "time": 900.0653417110443,
        "repeated_programs": 0,
        "inconsistent_programs": 6013,
        "worlds_consulted": 4608,
        "delp_calls": 19548
    }
}