{
    "status": {
        "~d_10": {
            "yes": 2469,
            "no": 0,
            "undecided": 2406,
            "unknown": 10,
            "pyes": 0.5997560557380988,
            "pno": 0.0,
            "pundecided": 0.10893730604187539,
            "punknown": 1.2775520499919322e-06,
            "time": 204.70788073539734,
            "delp_calls": 5987,
            "percY": 147819.03,
            "percN": 0.0,
            "percU": 144047.22,
            "percUNK": 598.7,
            "l": 0.5997560557380988,
            "u": 1.0,
            "flag": "INTEREST"
        }
    },
    "data": {
        "n_samples": 5987,
        "time": 300.01582384109497,
        "repeated_programs": 0,
        "inconsistent_programs": 1102,
        "worlds_consulted": 2450,
        "delp_calls": 5987
    }
}