{
    "status": {
        "d_50": {
            "yes": 1226,
            "no": 0,
            "undecided": 1204,
            "unknown": 0,
            "pyes": 0.04635904418130511,
            "pno": 0.0,
            "pundecided": 0.0003627488074463767,
            "punknown": 0.0,
            "time": 96.98249435424805,
            "delp_calls": 4996,
            "percY": 61250.96,
            "percN": 0.0,
            "percU": 60151.84,
            "percUNK": 0.0,
            "l": 0.04635904418130511,
            "u": 1.0
        }
    },
    "data": {
        "n_samples": 4996,
        "time": 300.04941844940186,
        "repeated_programs": 0,
        "inconsistent_programs": 2566,
        "worlds_consulted": 918,
        "delp_calls": 4996
    }
}