{
    "status": {
        "d_50": {
            "yes": 2048,
            "no": 0,
            "undecided": 2048,
            "unknown": 0,
            "pyes": 0.9800000000000015,
            "pno": 0.0,
            "pundecided": 0.020000000000000028,
            "punknown": 0.0,
            "time": 164.66803550720215,
            "delp_calls": 2048,
            "percY": 309700341.76,
            "percN": 0.0,
            "percU": 309700341.76,
            "percUNK": 0.0,
            "l": 0.9800000000000015,
            "u": 1.0,
            "flag": "INTEREST"
        }
    },
    "data": {
        "n_samples": 15122087,
        "time": 300.00000190734863,
        "repeated_worlds": 15117991,
        "repeated_progs": 15120039,
        "unique_progs": 2048,
        "delp_calls": 2048
    }
}