{
    "status": {
        "d_56": {
            "yes": 709,
            "no": 0,
            "undecided": 671,
            "unknown": 0,
            "pyes": 0.19427347364983688,
            "pno": 0.0,
            "pundecided": 0.01192747957755165,
            "punknown": 0.0,
            "time": 57.506927728652954,
            "delp_calls": 1380,
            "percY": 11861.57,
            "percN": 0.0,
            "percU": 11225.83,
            "percUNK": 0.0,
            "l": 0.19427347364983688,
            "u": 1.0
        }
    },
    "data": {
        "n_samples": 1673,
        "time": 60.00539207458496,
        "repeated_worlds": 293,
        "repeated_progs": 293,
        "unique_progs": 1380,
        "delp_calls": 1380
    }
}