{
    "status": {
        "d_56": {
            "yes": 212,
            "no": 0,
            "undecided": 204,
            "unknown": 0,
            "pyes": 0.07498337992158041,
            "pno": 0.0,
            "pundecided": 0.0341775656585287,
            "punknown": 0.0,
            "time": 17.372771501541138,
            "delp_calls": 879,
            "percY": 1863.48,
            "percN": 0.0,
            "percU": 1793.16,
            "percUNK": 0.0,
            "l": 0.07498337992158041,
            "u": 1.0
        }
    },
    "data": {
        "n_samples": 879,
        "time": 60.03764748573303,
        "repeated_programs": 0,
        "inconsistent_programs": 463,
        "worlds_consulted": 371,
        "delp_calls": 879
    }
}