{
    "status": {
        "a_6": {
            "yes": 1627,
            "no": 0,
            "undecided": 1186,
            "unknown": 1671,
            "pyes": 0.7552078646792469,
            "pno": 0.0,
            "pundecided": 0.12488876787931887,
            "punknown": 0.02826624608684455,
            "time": 171.68470358848572,
            "delp_calls": 4484,
            "percY": 144249.82,
            "percN": 0.0,
            "percU": 105150.76,
            "percUNK": 148150.86,
            "l": 0.7552078646792469,
            "u": 1.0,
            "flag": "INTEREST"
        },
        "a_9": {
            "yes": 1674,
            "no": 709,
            "undecided": 1971,
            "unknown": 28,
            "pyes": 0.15011462157811,
            "pno": 0.009054204850787867,
            "pundecided": 0.14902974043424866,
            "punknown": 8.129123400320423e-08,
            "time": 172.32176566123962,
            "delp_calls": 4382,
            "percY": 148416.84,
            "percN": 62859.94,
            "percU": 174748.86,
            "percUNK": 2482.48,
            "l": 0.15011462157811,
            "u": 0.9909457951492121
        }
    },
    "data": {
        "n_samples": 8866,
        "time": 600.0437588691711,
        "repeated_programs": 0,
        "inconsistent_programs": 0,
        "worlds_consulted": 6487,
        "delp_calls": 8866
    }
}