{
    "status": {
        "~d_12": {
            "yes": 2560,
            "no": 0,
            "undecided": 1280,
            "unknown": 256,
            "pyes": 0.73126290470311,
            "pno": 0.0,
            "pundecided": 0.26777679529688997,
            "punknown": 0.0009603000000000001,
            "time": 164.43231344223022,
            "delp_calls": 2655,
            "percY": 651925836.8,
            "percN": 0.0,
            "percU": 325962918.4,
            "percUNK": 65192583.68,
            "l": 0.73126290470311,
            "u": 1.0,
            "flag": "INTEREST"
        },
        "a_8": {
            "yes": 2748,
            "no": 596,
            "undecided": 744,
            "unknown": 8,
            "pyes": 0.828477124245348,
            "pno": 0.06806091016004309,
            "pundecided": 0.10340613922631993,
            "punknown": 5.5826368289999995e-05,
            "time": 167.33701419830322,
            "delp_calls": 2655,
            "percY": 699801640.44,
            "percN": 151776483.88,
            "percU": 189465946.32,
            "percUNK": 2037268.24,
            "l": 0.828477124245348,
            "u": 0.9319390898399569,
            "flag": "INTEREST"
        }
    },
    "data": {
        "n_samples": 25465853,
        "time": 600.000016450882,
        "repeated_worlds": 25457661,
        "repeated_progs": 25460543,
        "unique_progs": 5310,
        "delp_calls": 5310
    }
}