{
    "status": {
        "d_9": {
            "yes": 499,
            "no": 0,
            "undecided": 54,
            "unknown": 0,
            "pyes": 0.4095478641298882,
            "pno": 0.0,
            "pundecided": 0.00019473640000768655,
            "punknown": 0.0,
            "time": 28.631033182144165,
            "delp_calls": 553,
            "percY": 8013.94,
            "percN": 0.0,
            "percU": 867.24,
            "percUNK": 0.0,
            "l": 0.4095478641298882,
            "u": 1.0
        },
        "a_7": {
            "yes": 182,
            "no": 387,
            "undecided": 12,
            "unknown": 4,
            "pyes": 0.026761832388960387,
            "pno": 0.4103966291703282,
            "pundecided": 3.044801960876845e-05,
            "punknown": 6.523224200899391e-06,
            "time": 31.31952691078186,
            "delp_calls": 585,
            "percY": 2922.92,
            "percN": 6215.22,
            "percU": 192.72,
            "percUNK": 64.24,
            "l": 0.026761832388960387,
            "u": 0.5896033708296717
        },
        "a_8": {
            "yes": 164,
            "no": 118,
            "undecided": 186,
            "unknown": 0,
            "pyes": 0.18180197330548412,
            "pno": 0.0972351706846071,
            "pundecided": 0.07871799338182175,
            "punknown": 0.0,
            "time": 24.62308144569397,
            "delp_calls": 468,
            "percY": 2633.84,
            "percN": 1895.08,
            "percU": 2987.16,
            "percUNK": 0.0,
            "l": 0.18180197330548412,
            "u": 0.9027648293153929
        }
    },
    "data": {
        "n_samples": 1606,
        "time": 902.046450138092,
        "repeated_programs": 0,
        "inconsistent_programs": 0,
        "worlds_consulted": 125010,
        "delp_calls": 1606
    }
}