{
    "status": {
        "d_9": {
            "yes": 570831,
            "no": 0,
            "undecided": 0,
            "unknown": 0,
            "pyes": 0.03185906865811855,
            "pno": 0.0,
            "pundecided": 0.0,
            "punknown": 0.0,
            "time": 22884.655426502228,
            "delp_calls": 1008,
            "percY": 9335410132.17,
            "percN": 0.0,
            "percU": 0.0,
            "percUNK": 0.0,
            "l": 0.03185906865811855,
            "u": 1.0
        },
        "a_7": {
            "yes": 79392,
            "no": 312332,
            "undecided": 130392,
            "unknown": 0,
            "pyes": 0.0021276304209775733,
            "pno": 0.01935172573619396,
            "pundecided": 0.010068487291351258,
            "punknown": 0.0,
            "time": 27362.671332120895,
            "delp_calls": 1008,
            "percY": 1298382325.44,
            "percN": 5107899391.24,
            "percU": 2132439895.44,
            "percUNK": 0.0,
            "l": 0.0021276304209775733,
            "u": 0.9806482742638061
        },
        "a_8": {
            "yes": 278070,
            "no": 108755,
            "undecided": 128982,
            "unknown": 0,
            "pyes": 0.007615344030603343,
            "pno": 0.011559190006359086,
            "pundecided": 0.011198519350254349,
            "punknown": 0.0,
            "time": 31730.39351129532,
            "delp_calls": 1008,
            "percY": 4547576244.9,
            "percN": 1778586882.85,
            "percU": 2109380656.74,
            "percUNK": 0.0,
            "l": 0.007615344030603343,
            "u": 0.9884408099936409
        }
    },
    "data": {
        "n_samples": 1635407,
        "time": 900.0008673667908,
        "repeated_worlds": 26653,
        "repeated_progs": 1632383,
        "unique_progs": 3024,
        "delp_calls": 3024
    }
}