{
    "status": {
        "a_3": {
            "yes": 4096,
            "no": 0,
            "undecided": 0,
            "unknown": 0,
            "pyes": 1.0,
            "pno": 0.0,
            "pundecided": 0.0,
            "punknown": 0.0,
            "time": 166.21168637275696,
            "delp_calls": 3942,
            "percY": 400853237.76,
            "percN": 0.0,
            "percU": 0.0,
            "percUNK": 0.0,
            "l": 1.0,
            "u": 1.0,
            "flag": "INTEREST"
        }
    },
    "data": {
        "n_samples": 9786456,
        "time": 300.00001072883606,
        "repeated_worlds": 9782360,
        "repeated_progs": 9782514,
        "unique_progs": 3942,
        "delp_calls": 3942
    }
}