{
    "status": {
        "d_59": {
            "yes": 2560,
            "no": 0,
            "undecided": 1024,
            "unknown": 512,
            "pyes": 0.88836484268,
            "pno": 0.0,
            "pundecided": 0.012771041874386642,
            "punknown": 0.09886411544561334,
            "time": 163.59355187416077,
            "delp_calls": 4092,
            "percY": 229000371.2,
            "percN": 0.0,
            "percU": 91600148.48,
            "percUNK": 45800074.24,
            "l": 0.88836484268,
            "u": 1.0,
            "flag": "INTEREST"
        }
    },
    "data": {
        "n_samples": 8945327,
        "time": 300.0000054836273,
        "repeated_worlds": 8941231,
        "repeated_progs": 8941235,
        "unique_progs": 4092,
        "delp_calls": 4092
    }
}