{
    "status": {
        "d_59": {
            "yes": 609,
            "no": 0,
            "undecided": 280,
            "unknown": 120,
            "pyes": 0.12426097386670037,
            "pno": 0.0,
            "pundecided": 0.004935916063076689,
            "punknown": 0.0027704936928648655,
            "time": 40.01846241950989,
            "delp_calls": 1009,
            "percY": 6144.81,
            "percN": 0.0,
            "percU": 2825.2,
            "percUNK": 1210.8,
            "l": 0.12426097386670037,
            "u": 1.0
        }
    },
    "data": {
        "n_samples": 1009,
        "time": 300.0141396522522,
        "repeated_programs": 0,
        "inconsistent_programs": 0,
        "worlds_consulted": 903,
        "delp_calls": 1009
    }
}