{
    "status": {
        "d_14": {
            "yes": 1168,
            "no": 0,
            "undecided": 0,
            "unknown": 0,
            "pyes": 0.9268967630171071,
            "pno": 0.0,
            "pundecided": 0.0,
            "punknown": 0.0,
            "time": 52.04599714279175,
            "delp_calls": 1168,
            "percY": 27564.8,
            "percN": 0.0,
            "percU": 0.0,
            "percUNK": 0.0,
            "l": 0.9268967630171071,
            "u": 1.0,
            "flag": "INTEREST"
        },
        "~a_7": {
            "yes": 891,
            "no": 301,
            "undecided": 0,
            "unknown": 0,
            "pyes": 0.5146408491149731,
            "pno": 0.31522188150934705,
            "pundecided": 0.0,
            "punknown": 0.0,
            "time": 55.13607430458069,
            "delp_calls": 1192,
            "percY": 21027.6,
            "percN": 7103.6,
            "percU": 0.0,
            "percUNK": 0.0,
            "l": 0.5146408491149731,
            "u": 0.684778118490653,
            "flag": "INTEREST"
        }
    },
    "data": {
        "n_samples": 2360,
        "time": 602.3612177371979,
        "repeated_programs": 0,
        "inconsistent_programs": 0,
        "worlds_consulted": 58066,
        "delp_calls": 2360
    }
}