{
    "status": {
        "d_9": {
            "yes": 3487,
            "no": 0,
            "undecided": 3437,
            "unknown": 0,
            "pyes": 0.9221288018791464,
            "pno": 0.0,
            "pundecided": 0.07787119812085447,
            "punknown": 0.0,
            "time": 269.64001202583313,
            "delp_calls": 6924,
            "percY": 702002.84,
            "percN": 0.0,
            "percU": 691936.84,
            "percUNK": 0.0,
            "l": 0.9221288018791464,
            "u": 1.0,
            "flag": "INTEREST"
        },
        "a_7": {
            "yes": 3739,
            "no": 2881,
            "undecided": 0,
            "unknown": 0,
            "pyes": 0.04796245999999998,
            "pno": 0.9520375400000007,
            "pundecided": 0.0,
            "punknown": 0.0,
            "time": 269.9629101753235,
            "delp_calls": 6620,
            "percY": 752735.48,
            "percN": 580002.92,
            "percU": 0.0,
            "percUNK": 0.0,
            "l": 0.04796245999999998,
            "u": 0.04796245999999926,
            "flag": "INTEREST"
        },
        "~a_8": {
            "yes": 1647,
            "no": 4941,
            "undecided": 0,
            "unknown": 0,
            "pyes": 0.9090587799999998,
            "pno": 0.09094121999999998,
            "pundecided": 0.0,
            "punknown": 0.0,
            "time": 269.94058203697205,
            "delp_calls": 6588,
            "percY": 331574.04,
            "percN": 994722.12,
            "percU": 0.0,
            "percUNK": 0.0,
            "l": 0.9090587799999998,
            "u": 0.9090587800000001,
            "flag": "INTEREST"
        }
    },
    "data": {
        "n_samples": 20132,
        "time": 900.031592130661,
        "repeated_programs": 0,
        "inconsistent_programs": 0,
        "worlds_consulted": 768,
        "delp_calls": 20132
    }
}