{
    "status": {
        "d_11": {
            "yes": 640,
            "no": 0,
            "undecided": 699,
            "unknown": 0,
            "pyes": 2.3375725816007817e-05,
            "pno": 0.0,
            "pundecided": 6.4240133343228e-05,
            "punknown": 0.0,
            "time": 66.6654121875763,
            "delp_calls": 1154,
            "percY": 8588.8,
            "percN": 0.0,
            "percU": 9380.58,
            "percUNK": 0.0,
            "l": 2.3375725816007817e-05,
            "u": 1.0
        }
    },
    "data": {
        "n_samples": 1342,
        "time": 60.00171685218811,
        "repeated_worlds": 3,
        "repeated_progs": 188,
        "unique_progs": 1154,
        "delp_calls": 1154
    }
}