{
    "status": {
        "~d_38": {
            "yes": 3072,
            "no": 0,
            "undecided": 1024,
            "unknown": 0,
            "pyes": 0.9603999999999979,
            "pno": 0.0,
            "pundecided": 0.039600000000000066,
            "punknown": 0.0,
            "time": 168.01877665519714,
            "delp_calls": 3728,
            "percY": 585924741.12,
            "percN": 0.0,
            "percU": 195308247.04,
            "percUNK": 0.0,
            "l": 0.9603999999999979,
            "u": 1.0,
            "flag": "INTEREST"
        },
        "a_18": {
            "yes": 384,
            "no": 2304,
            "undecided": 1408,
            "unknown": 0,
            "pyes": 0.02559120117739197,
            "pno": 0.9482253149201899,
            "pundecided": 0.02618348390241602,
            "punknown": 0.0,
            "time": 185.6679708957672,
            "delp_calls": 3728,
            "percY": 73240592.64,
            "percN": 439443555.84,
            "percU": 268548839.68,
            "percUNK": 0.0,
            "l": 0.02559120117739197,
            "u": 0.05177468507981009,
            "flag": "INTEREST"
        }
    },
    "data": {
        "n_samples": 19073071,
        "time": 600.0000057220459,
        "repeated_worlds": 19064879,
        "repeated_progs": 19065615,
        "unique_progs": 7456,
        "delp_calls": 7456
    }
}