{
    "status": {
        "~d_25": {
            "yes": 2560,
            "no": 0,
            "undecided": 960,
            "unknown": 576,
            "pyes": 0.9753973854054405,
            "pno": 0.0,
            "pundecided": 0.002866312090819979,
            "punknown": 0.02173630250374003,
            "time": 163.96631622314453,
            "delp_calls": 4094,
            "percY": 403754444.8,
            "percN": 0.0,
            "percU": 151407916.8,
            "percUNK": 90844750.08,
            "l": 0.9753973854054405,
            "u": 1.0,
            "flag": "INTEREST"
        },
        "a_14": {
            "yes": 2018,
            "no": 223,
            "undecided": 1855,
            "unknown": 0,
            "pyes": 0.9097124675693253,
            "pno": 0.023625037149875773,
            "pundecided": 0.06666249528079982,
            "punknown": 0.0,
            "time": 176.64655661582947,
            "delp_calls": 4094,
            "percY": 318272058.44,
            "percN": 35170797.34,
            "percU": 292564255.9,
            "percUNK": 0.0,
            "l": 0.9097124675693253,
            "u": 0.9763749628501243,
            "flag": "INTEREST"
        }
    },
    "data": {
        "n_samples": 15771658,
        "time": 600.0000131130219,
        "repeated_worlds": 15763466,
        "repeated_progs": 15763470,
        "unique_progs": 8188,
        "delp_calls": 8188
    }
}