{
    "status": {
        "d_12": {
            "yes": 1184,
            "no": 0,
            "undecided": 650,
            "unknown": 512,
            "pyes": 0.44838034367873536,
            "pno": 0.0,
            "pundecided": 0.00784519951049705,
            "punknown": 0.0019325807985839682,
            "time": 99.77430272102356,
            "delp_calls": 2346,
            "percY": 83377.28,
            "percN": 0.0,
            "percU": 45773.0,
            "percUNK": 36055.04,
            "l": 0.44838034367873536,
            "u": 1.0
        },
        "a_7": {
            "yes": 277,
            "no": 550,
            "undecided": 1361,
            "unknown": 143,
            "pyes": 0.004841502629292763,
            "pno": 0.013859860472436928,
            "pundecided": 0.0020924669406721217,
            "punknown": 1.5706305925305968e-08,
            "time": 99.59713053703308,
            "delp_calls": 2331,
            "percY": 19506.34,
            "percN": 38731.0,
            "percU": 95841.62,
            "percUNK": 10070.06,
            "l": 0.004841502629292763,
            "u": 0.9861401395275631
        },
        "a_8": {
            "yes": 886,
            "no": 898,
            "undecided": 546,
            "unknown": 35,
            "pyes": 0.028538144325882107,
            "pno": 0.002935618832980114,
            "pundecided": 0.00031138311175273763,
            "punknown": 2.7579060515978797e-10,
            "time": 101.53007507324219,
            "delp_calls": 2365,
            "percY": 62392.12,
            "percN": 63237.16,
            "percU": 38449.32,
            "percUNK": 2464.7,
            "l": 0.028538144325882107,
            "u": 0.9970643811670199
        }
    },
    "data": {
        "n_samples": 7042,
        "time": 901.625031709671,
        "repeated_programs": 0,
        "inconsistent_programs": 0,
        "worlds_consulted": 79888,
        "delp_calls": 7042
    }
}