{
    "status": {
        "a_3": {
            "yes": 131072,
            "no": 0,
            "undecided": 0,
            "unknown": 131072,
            "pyes": 0.9662874999999744,
            "pno": 0.0,
            "pundecided": 0.0,
            "punknown": 0.03371249999999906,
            "time": 10501.642700195312,
            "delp_calls": 1024,
            "percY": 30967922688.0,
            "percN": 0.0,
            "percU": 0.0,
            "percUNK": 30967922688.0,
            "l": 0.9662874999999744,
            "u": 1.0,
            "flag": "INTEREST"
        },
        "~a_7": {
            "yes": 98304,
            "no": 32768,
            "undecided": 131072,
            "unknown": 0,
            "pyes": 0.13903358483219544,
            "pno": 0.8138707137674381,
            "pundecided": 0.04709570140035786,
            "punknown": 0.0,
            "time": 12007.950439453125,
            "delp_calls": 1024,
            "percY": 23225942016.0,
            "percN": 7741980672.0,
            "percU": 30967922688.0,
            "percUNK": 0.0,
            "l": 0.13903358483219544,
            "u": 0.18612928623256186,
            "flag": "INTEREST"
        }
    },
    "data": {
        "n_samples": 23626650,
        "time": 600.0000123977661,
        "repeated_worlds": 23102362,
        "repeated_progs": 23624602,
        "unique_progs": 2048,
        "delp_calls": 2048
    }
}