{
    "status": {
        "d_75": {
            "yes": 3584,
            "no": 0,
            "undecided": 320,
            "unknown": 192,
            "pyes": 0.9223456800000002,
            "pno": 0.0,
            "pundecided": 0.07532469040000002,
            "punknown": 0.0023296295999999995,
            "time": 164.07594347000122,
            "delp_calls": 4096,
            "percY": 334577976.32,
            "percN": 0.0,
            "percU": 29873033.6,
            "percUNK": 17923820.16,
            "l": 0.9223456800000002,
            "u": 1.0,
            "flag": "INTEREST"
        }
    },
    "data": {
        "n_samples": 9335323,
        "time": 300.0000042915344,
        "repeated_worlds": 9331227,
        "repeated_progs": 9331227,
        "unique_progs": 4096,
        "delp_calls": 4096
    }
}