{
    "status": {
        "d_11": {
            "yes": 4096,
            "no": 0,
            "undecided": 0,
            "unknown": 0,
            "pyes": 0.9999999999999981,
            "pno": 0.0,
            "pundecided": 0.0,
            "punknown": 0.0,
            "time": 156.47174263000488,
            "delp_calls": 207,
            "percY": 2572303482.88,
            "percN": 0.0,
            "percU": 0.0,
            "percUNK": 0.0,
            "l": 0.9999999999999981,
            "u": 1.0,
            "flag": "INTEREST"
        },
        "a_7": {
            "yes": 3552,
            "no": 320,
            "undecided": 224,
            "unknown": 0,
            "pyes": 0.9327022491184374,
            "pno": 0.024820407046080017,
            "pundecided": 0.0424773438354792,
            "punknown": 0.0,
            "time": 162.13597202301025,
            "delp_calls": 207,
            "percY": 2230669426.56,
            "percN": 200961209.6,
            "percU": 140672846.72,
            "percUNK": 0.0,
            "l": 0.9327022491184374,
            "u": 0.97517959295392,
            "flag": "INTEREST"
        },
        "a_8": {
            "yes": 3136,
            "no": 192,
            "undecided": 768,
            "unknown": 0,
            "pyes": 0.9416094884280536,
            "pno": 0.0019293107078639995,
            "pundecided": 0.05646120086408038,
            "punknown": 0.0,
            "time": 161.78491592407227,
            "delp_calls": 207,
            "percY": 1969419854.08,
            "percN": 120576725.76,
            "percU": 482306903.04,
            "percUNK": 0.0,
            "l": 0.9416094884280536,
            "u": 0.998070689292136,
            "flag": "INTEREST"
        }
    },
    "data": {
        "n_samples": 62800378,
        "time": 900.0000095367432,
        "repeated_worlds": 62788090,
        "repeated_progs": 62799757,
        "unique_progs": 621,
        "delp_calls": 621
    }
}