{
    "status": {
        "a_5": {
            "yes": 1532,
            "no": 0,
            "undecided": 1321,
            "unknown": 0,
            "pyes": 0.8617305632,
            "pno": 0.0,
            "pundecided": 0.08056975679999998,
            "punknown": 0.0,
            "time": 144.18861031532288,
            "delp_calls": 5384,
            "percY": 175689.76,
            "percN": 0.0,
            "percU": 151492.28,
            "percUNK": 0.0,
            "l": 0.8617305632,
            "u": 1.0,
            "flag": "INTEREST"
        },
        "~a_8": {
            "yes": 3134,
            "no": 96,
            "undecided": 0,
            "unknown": 0,
            "pyes": 0.9423003199999997,
            "pno": 0.0,
            "pundecided": 0.0,
            "punknown": 0.0,
            "time": 141.92851543426514,
            "delp_calls": 6084,
            "percY": 359407.12,
            "percN": 11009.28,
            "percU": 0.0,
            "percUNK": 0.0,
            "l": 0.9423003199999997,
            "u": 1.0,
            "flag": "INTEREST"
        }
    },
    "data": {
        "n_samples": 11468,
        "time": 600.0636057853699,
        "repeated_programs": 0,
        "inconsistent_programs": 5385,
        "worlds_consulted": 128,
        "delp_calls": 11468
    }
}