{
    "status": {
        "a_8": {
            "yes": 3840,
            "no": 0,
            "undecided": 256,
            "unknown": 0,
            "pyes": 0.9514538216830002,
            "pno": 0.0,
            "pundecided": 0.048546178317000005,
            "punknown": 0.0,
            "time": 242.29257202148438,
            "delp_calls": 512,
            "percY": 505921075.2,
            "percN": 0.0,
            "percU": 33728071.68,
            "percUNK": 0.0,
            "l": 0.9514538216830002,
            "u": 1.0,
            "flag": "INTEREST"
        }
    },
    "data": {
        "n_samples": 13175028,
        "time": 300.0000054836273,
        "repeated_worlds": 13170932,
        "repeated_progs": 13174516,
        "unique_progs": 512,
        "delp_calls": 512
    }
}