{
    "status": {
        "~a_0": {
            "yes": 531722,
            "no": 0,
            "undecided": 0,
            "unknown": 0,
            "pyes": 0.028992550721777314,
            "pno": 0.0,
            "pundecided": 0.0,
            "punknown": 0.0,
            "time": 22429.493018865585,
            "delp_calls": 832,
            "percY": 8385824882.54,
            "percN": 0.0,
            "percU": 0.0,
            "percUNK": 0.0,
            "l": 0.028992550721777314,
            "u": 1.0
        },
        "a_7": {
            "yes": 487511,
            "no": 22182,
            "undecided": 4978,
            "unknown": 0,
            "pyes": 0.032304435673113675,
            "pno": 0.0,
            "pundecided": 0.0,
            "punknown": 0.0,
            "time": 25494.74036502838,
            "delp_calls": 832,
            "percY": 7688570106.77,
            "percN": 349833874.74,
            "percU": 78508386.46,
            "percUNK": 0.0,
            "l": 0.032304435673113675,
            "u": 1.0
        },
        "~a_8": {
            "yes": 15901,
            "no": 364468,
            "undecided": 126101,
            "unknown": 0,
            "pyes": 0.0006971750108761756,
            "pno": 0.023128019059354972,
            "pundecided": 0.0008579029453550176,
            "punknown": 0.0,
            "time": 30837.43835926056,
            "delp_calls": 832,
            "percY": 250775784.07,
            "percN": 5748050340.76,
            "percU": 1988747698.07,
            "percUNK": 0.0,
            "l": 0.0006971750108761756,
            "u": 0.976871980940645
        }
    },
    "data": {
        "n_samples": 1577107,
        "time": 900.0006747245789,
        "repeated_worlds": 24244,
        "repeated_progs": 1574611,
        "unique_progs": 2496,
        "delp_calls": 2496
    }
}