{
    "status": {
        "~a_7": {
            "yes": 14,
            "no": 265,
            "undecided": 0,
            "unknown": 0,
            "pyes": 0.02791293606745242,
            "pno": 0.6626425743618132,
            "pundecided": 0.0,
            "punknown": 0.0,
            "time": 13.661857604980469,
            "delp_calls": 671,
            "percY": 93.94,
            "percN": 1778.15,
            "percU": 0.0,
            "percUNK": 0.0,
            "l": 0.02791293606745242,
            "u": 0.3373574256381868,
            "flag": "INTEREST"
        }
    },
    "data": {
        "n_samples": 671,
        "time": 60.06983757019043,
        "repeated_programs": 0,
        "inconsistent_programs": 392,
        "worlds_consulted": 2626,
        "delp_calls": 671
    }
}