{
    "status": {
        "d_12": {
            "yes": 46564,
            "no": 0,
            "undecided": 0,
            "unknown": 0,
            "pyes": 0.0029284236717221114,
            "pno": 0.0,
            "pundecided": 0.0,
            "punknown": 0.0,
            "time": 2333.9643218517303,
            "delp_calls": 672,
            "percY": 21709999.36,
            "percN": 0.0,
            "percU": 0.0,
            "percUNK": 0.0,
            "l": 0.0029284236717221114,
            "u": 1.0
        }
    },
    "data": {
        "n_samples": 46624,
        "time": 60.00010919570923,
        "repeated_worlds": 60,
        "repeated_progs": 45952,
        "unique_progs": 672,
        "delp_calls": 672
    }
}