{
    "status": {
        "d_16": {
            "yes": 4096,
            "no": 0,
            "undecided": 0,
            "unknown": 0,
            "pyes": 0.9999999999999997,
            "pno": 0.0,
            "pundecided": 0.0,
            "punknown": 0.0,
            "time": 180.42166900634766,
            "delp_calls": 102,
            "percY": 142877204.48,
            "percN": 0.0,
            "percU": 0.0,
            "percUNK": 0.0,
            "l": 0.9999999999999997,
            "u": 1.0,
            "flag": "INTEREST"
        }
    },
    "data": {
        "n_samples": 3488213,
        "time": 60.00001502037048,
        "repeated_worlds": 3484117,
        "repeated_progs": 3488111,
        "unique_progs": 102,
        "delp_calls": 102
    }
}