{
    "status": {
        "d_16": {
            "yes": 819,
            "no": 0,
            "undecided": 0,
            "unknown": 0,
            "pyes": 0.9975999999999999,
            "pno": 0.0,
            "pundecided": 0.0,
            "punknown": 0.0,
            "time": 34.952696084976196,
            "delp_calls": 1200,
            "percY": 9828.0,
            "percN": 0.0,
            "percU": 0.0,
            "percUNK": 0.0,
            "l": 0.9975999999999999,
            "u": 1.0,
            "flag": "INTEREST"
        }
    },
    "data": {
        "n_samples": 1200,
        "time": 60.02178406715393,
        "repeated_programs": 0,
        "inconsistent_programs": 381,
        "worlds_consulted": 384,
        "delp_calls": 1200
    }
}