{
    "status": {
        "a_9": {
            "yes": 754,
            "no": 585,
            "undecided": 1735,
            "unknown": 92,
            "pyes": 0.0012376715326557588,
            "pno": 0.004312807253675397,
            "pundecided": 0.0018114287358717664,
            "punknown": 4.45513101923247e-05,
            "time": 133.56139492988586,
            "delp_calls": 3166,
            "percY": 23871.64,
            "percN": 18521.1,
            "percU": 54930.1,
            "percUNK": 2912.72,
            "l": 0.0012376715326557588,
            "u": 0.9956871927463246
        }
    },
    "data": {
        "n_samples": 3166,
        "time": 300.0934810638428,
        "repeated_programs": 0,
        "inconsistent_programs": 0,
        "worlds_consulted": 13152,
        "delp_calls": 3166
    }
}