{
    "status": {
        "d_35": {
            "yes": 1235,
            "no": 0,
            "undecided": 1216,
            "unknown": 0,
            "pyes": 0.2564371211969016,
            "pno": 0.0,
            "pundecided": 0.047986062200545056,
            "punknown": 0.0,
            "time": 97.45963668823242,
            "delp_calls": 4914,
            "percY": 120980.6,
            "percN": 0.0,
            "percU": 119119.36,
            "percUNK": 0.0,
            "l": 0.2564371211969016,
            "u": 1.0
        },
        "~a_11": {
            "yes": 1193,
            "no": 0,
            "undecided": 1204,
            "unknown": 0,
            "pyes": 0.2456974232057049,
            "pno": 0.0,
            "pundecided": 0.04454073560827288,
            "punknown": 0.0,
            "time": 95.94153952598572,
            "delp_calls": 4882,
            "percY": 116866.28,
            "percN": 0.0,
            "percU": 117943.84,
            "percUNK": 0.0,
            "l": 0.2456974232057049,
            "u": 1.0
        }
    },
    "data": {
        "n_samples": 9796,
        "time": 600.0492691993713,
        "repeated_programs": 0,
        "inconsistent_programs": 4948,
        "worlds_consulted": 2868,
        "delp_calls": 9796
    }
}