{
    "status": {
        "a_21": {
            "yes": 0,
            "no": 2920,
            "undecided": 411,
            "unknown": 0,
            "pyes": 0.0,
            "pno": 0.7747443878782693,
            "pundecided": 0.0018283340978675804,
            "punknown": 0.0,
            "time": 142.79249262809753,
            "delp_calls": 3331,
            "percY": 0.0,
            "percN": 97265.2,
            "percU": 13690.41,
            "percUNK": 0.0,
            "l": 0.0,
            "u": 0.22525561212173073,
            "flag": "INTEREST"
        }
    },
    "data": {
        "n_samples": 3331,
        "time": 300.0103325843811,
        "repeated_programs": 0,
        "inconsistent_programs": 0,
        "worlds_consulted": 2416,
        "delp_calls": 3331
    }
}