{
    "status": {
        "d_17": {
            "yes": 6399,
            "no": 0,
            "undecided": 0,
            "unknown": 0,
            "pyes": 0.9999999999999999,
            "pno": 0.0,
            "pundecided": 0.0,
            "punknown": 0.0,
            "time": 246.77474403381348,
            "delp_calls": 6399,
            "percY": 1237182.66,
            "percN": 0.0,
            "percU": 0.0,
            "percUNK": 0.0,
            "l": 0.9999999999999999,
            "u": 1.0,
            "flag": "INTEREST"
        },
        "a_6": {
            "yes": 3901,
            "no": 0,
            "undecided": 2686,
            "unknown": 0,
            "pyes": 0.9441999999999998,
            "pno": 0.0,
            "pundecided": 0.05579999999999998,
            "punknown": 0.0,
            "time": 246.75432968139648,
            "delp_calls": 6587,
            "percY": 754219.34,
            "percN": 0.0,
            "percU": 519311.24,
            "percUNK": 0.0,
            "l": 0.9441999999999998,
            "u": 1.0,
            "flag": "INTEREST"
        },
        "~a_8": {
            "yes": 6348,
            "no": 0,
            "undecided": 0,
            "unknown": 0,
            "pyes": 0.9999999999999998,
            "pno": 0.0,
            "pundecided": 0.0,
            "punknown": 0.0,
            "time": 248.03333973884583,
            "delp_calls": 6348,
            "percY": 1227322.32,
            "percN": 0.0,
            "percU": 0.0,
            "percUNK": 0.0,
            "l": 0.9999999999999998,
            "u": 1.0,
            "flag": "INTEREST"
        }
    },
    "data": {
        "n_samples": 19334,
        "time": 900.0690274238586,
        "repeated_programs": 0,
        "inconsistent_programs": 0,
        "worlds_consulted": 6144,
        "delp_calls": 19334
    }
}