{
    "status": {
        "~a_3": {
            "yes": 118,
            "no": 0,
            "undecided": 0,
            "unknown": 0,
            "pyes": 0.6501096085976338,
            "pno": 0.0,
            "pundecided": 0.0,
            "punknown": 0.0,
            "time": 5.561787843704224,
            "delp_calls": 143,
            "percY": 168.74,
            "percN": 0.0,
            "percU": 0.0,
            "percUNK": 0.0,
            "l": 0.6501096085976338,
            "u": 1.0,
            "flag": "INTEREST"
        }
    },
    "data": {
        "n_samples": 143,
        "time": 60.46496105194092,
        "repeated_programs": 0,
        "inconsistent_programs": 25,
        "worlds_consulted": 9729,
        "delp_calls": 143
    }
}