{
    "status": {
        "a_1": {
            "yes": 131072,
            "no": 0,
            "undecided": 0,
            "unknown": 131072,
            "pyes": 0.9400000000000015,
            "pno": 0.0,
            "pundecided": 0.0,
            "punknown": 0.059999999999999575,
            "time": 10483.490661621094,
            "delp_calls": 2048,
            "percY": 12031416074.24,
            "percN": 0.0,
            "percU": 0.0,
            "percUNK": 12031416074.24,
            "l": 0.9400000000000015,
            "u": 1.0,
            "flag": "INTEREST"
        }
    },
    "data": {
        "n_samples": 9179242,
        "time": 300.0000126361847,
        "repeated_worlds": 8917098,
        "repeated_progs": 9177194,
        "unique_progs": 2048,
        "delp_calls": 2048
    }
}