{
    "status": {
        "~a_2": {
            "yes": 3844,
            "no": 0,
            "undecided": 0,
            "unknown": 486,
            "pyes": 0.8843305316535341,
            "pno": 0.0,
            "pundecided": 0.0,
            "punknown": 0.005645199736187836,
            "time": 171.7211525440216,
            "delp_calls": 4330,
            "percY": 166445.2,
            "percN": 0.0,
            "percU": 0.0,
            "percUNK": 21043.8,
            "l": 0.8843305316535341,
            "u": 1.0,
            "flag": "INTEREST"
        }
    },
    "data": {
        "n_samples": 4330,
        "time": 300.04902362823486,
        "repeated_programs": 0,
        "inconsistent_programs": 0,
        "worlds_consulted": 3541,
        "delp_calls": 4330
    }
}