{
    "status": {
        "~a_2": {
            "yes": 3584,
            "no": 0,
            "undecided": 0,
            "unknown": 512,
            "pyes": 0.9926048886675221,
            "pno": 0.0,
            "pundecided": 0.0,
            "punknown": 0.007395111332480003,
            "time": 162.32510471343994,
            "delp_calls": 2184,
            "percY": 548962068.48,
            "percN": 0.0,
            "percU": 0.0,
            "percUNK": 78423152.64,
            "l": 0.9926048886675221,
            "u": 1.0,
            "flag": "INTEREST"
        }
    },
    "data": {
        "n_samples": 15317022,
        "time": 300.0000112056732,
        "repeated_worlds": 15312926,
        "repeated_progs": 15314838,
        "unique_progs": 2184,
        "delp_calls": 2184
    }
}