{
    "status": {
        "d_57": {
            "yes": 4096,
            "no": 0,
            "undecided": 0,
            "unknown": 0,
            "pyes": 1.0,
            "pno": 0.0,
            "pundecided": 0.0,
            "punknown": 0.0,
            "time": 164.99694108963013,
            "delp_calls": 3610,
            "percY": 403087196.16,
            "percN": 0.0,
            "percU": 0.0,
            "percUNK": 0.0,
            "l": 1.0,
            "u": 1.0,
            "flag": "INTEREST"
        }
    },
    "data": {
        "n_samples": 9840996,
        "time": 300.0000104904175,
        "repeated_worlds": 9836900,
        "repeated_progs": 9837386,
        "unique_progs": 3610,
        "delp_calls": 3610
    }
}