{
    "status": {
        "d_15": {
            "yes": 2091,
            "no": 0,
            "undecided": 112,
            "unknown": 1127,
            "pyes": 0.8311924415376788,
            "pno": 0.0,
            "pundecided": 2.3462014374251526e-06,
            "punknown": 0.03730369534383295,
            "time": 142.6142294406891,
            "delp_calls": 1312,
            "percY": 453077.88,
            "percN": 0.0,
            "percU": 24268.16,
            "percUNK": 244198.36,
            "l": 0.8311924415376788,
            "u": 1.0,
            "flag": "INTEREST"
        },
        "a_7": {
            "yes": 501,
            "no": 1313,
            "undecided": 1491,
            "unknown": 18,
            "pyes": 0.059972578982700094,
            "pno": 0.8265211703597812,
            "pundecided": 0.009075742149586591,
            "punknown": 2.705995211105895e-07,
            "time": 145.42151427268982,
            "delp_calls": 1294,
            "percY": 108556.68,
            "percN": 284500.84,
            "percU": 323069.88,
            "percUNK": 3900.24,
            "l": 0.059972578982700094,
            "u": 0.17347882964021877,
            "flag": "INTEREST"
        },
        "a_8": {
            "yes": 318,
            "no": 1873,
            "undecided": 1268,
            "unknown": 45,
            "pyes": 0.030827950636798294,
            "pno": 0.8945244300472137,
            "pundecided": 0.0016207353993823613,
            "punknown": 3.8092484013587084e-05,
            "time": 148.493399143219,
            "delp_calls": 1323,
            "percY": 68904.24,
            "percN": 405841.64,
            "percU": 274750.24,
            "percUNK": 9750.6,
            "l": 0.030827950636798294,
            "u": 0.10547556995278629,
            "flag": "INTEREST"
        }
    },
    "data": {
        "n_samples": 21668,
        "time": 180.0568037033081,
        "repeated_worlds": 11511,
        "repeated_progs": 17739,
        "unique_progs": 3929,
        "delp_calls": 3929
    }
}