{
    "status": {
        "~d_60": {
            "yes": 744,
            "no": 0,
            "undecided": 743,
            "unknown": 0,
            "pyes": 0.2166984050074074,
            "pno": 0.0,
            "pundecided": 0.029319078332801764,
            "punknown": 0.0,
            "time": 69.72126483917236,
            "delp_calls": 1221,
            "percY": 13570.56,
            "percN": 0.0,
            "percU": 13552.32,
            "percUNK": 0.0,
            "l": 0.2166984050074074,
            "u": 1.0
        }
    },
    "data": {
        "n_samples": 1824,
        "time": 60.03546214103699,
        "repeated_worlds": 337,
        "repeated_progs": 603,
        "unique_progs": 1221,
        "delp_calls": 1221
    }
}