{
    "status": {
        "~d_72": {
            "yes": 2048,
            "no": 0,
            "undecided": 2048,
            "unknown": 0,
            "pyes": 0.9702000000000004,
            "pno": 0.0,
            "pundecided": 0.02980000000000003,
            "punknown": 0.0,
            "time": 167.12007403373718,
            "delp_calls": 4096,
            "percY": 188874280.96,
            "percN": 0.0,
            "percU": 188874280.96,
            "percUNK": 0.0,
            "l": 0.9702000000000004,
            "u": 1.0,
            "flag": "INTEREST"
        }
    },
    "data": {
        "n_samples": 9222377,
        "time": 300.00001096725464,
        "repeated_worlds": 9218281,
        "repeated_progs": 9218281,
        "unique_progs": 4096,
        "delp_calls": 4096
    }
}