{
    "status": {
        "~d_72": {
            "yes": 1212,
            "no": 0,
            "undecided": 1172,
            "unknown": 0,
            "pyes": 0.2639262712405489,
            "pno": 0.0,
            "pundecided": 0.021416808107554277,
            "punknown": 0.0,
            "time": 96.39655995368958,
            "delp_calls": 4728,
            "percY": 57303.36,
            "percN": 0.0,
            "percU": 55412.16,
            "percUNK": 0.0,
            "l": 0.2639262712405489,
            "u": 1.0
        }
    },
    "data": {
        "n_samples": 4728,
        "time": 300.0153000354767,
        "repeated_programs": 0,
        "inconsistent_programs": 2344,
        "worlds_consulted": 1427,
        "delp_calls": 4728
    }
}