{
    "status": {
        "~d_31": {
            "yes": 169,
            "no": 0,
            "undecided": 1195,
            "unknown": 15,
            "pyes": 0.5674676759683596,
            "pno": 0.0,
            "pundecided": 0.14931099076201682,
            "punknown": 0.0,
            "time": 55.81554436683655,
            "delp_calls": 1378,
            "percY": 5644.6,
            "percN": 0.0,
            "percU": 39913.0,
            "percUNK": 501.0,
            "l": 0.5674676759683596,
            "u": 1.0,
            "flag": "INTEREST"
        },
        "a_16": {
            "yes": 51,
            "no": 51,
            "undecided": 1268,
            "unknown": 0,
            "pyes": 0.06668888567431913,
            "pno": 0.0004405500925206163,
            "pundecided": 0.11321786562901331,
            "punknown": 0.0,
            "time": 55.89419388771057,
            "delp_calls": 1368,
            "percY": 1703.4,
            "percN": 1703.4,
            "percU": 42351.2,
            "percUNK": 0.0,
            "l": 0.06668888567431913,
            "u": 0.9995594499074794
        }
    },
    "data": {
        "n_samples": 3340,
        "time": 120.01005101203918,
        "repeated_worlds": 591,
        "repeated_progs": 594,
        "unique_progs": 2746,
        "delp_calls": 2746
    }
}