{
    "status": {
        "~d_15": {
            "yes": 1158,
            "no": 0,
            "undecided": 1145,
            "unknown": 0,
            "pyes": 0.9043999999999999,
            "pno": 0.0,
            "pundecided": 0.09559999999999995,
            "punknown": 0.0,
            "time": 131.83715534210205,
            "delp_calls": 4654,
            "percY": 183195.6,
            "percN": 0.0,
            "percU": 181139.0,
            "percUNK": 0.0,
            "l": 0.9043999999999999,
            "u": 1.0,
            "flag": "INTEREST"
        },
        "a_6": {
            "yes": 1349,
            "no": 0,
            "undecided": 1298,
            "unknown": 0,
            "pyes": 0.9699999999999999,
            "pno": 0.0,
            "pundecided": 0.030000000000000002,
            "punknown": 0.0,
            "time": 135.91358304023743,
            "delp_calls": 5189,
            "percY": 213411.8,
            "percN": 0.0,
            "percU": 205343.6,
            "percUNK": 0.0,
            "l": 0.9699999999999999,
            "u": 1.0,
            "flag": "INTEREST"
        },
        "a_7": {
            "yes": 1118,
            "no": 405,
            "undecided": 1489,
            "unknown": 0,
            "pyes": 0.9574811799999996,
            "pno": 0.012518819999999996,
            "pundecided": 0.02999999999999999,
            "punknown": 0.0,
            "time": 133.1530601978302,
            "delp_calls": 5977,
            "percY": 176867.6,
            "percN": 64071.0,
            "percU": 235559.8,
            "percUNK": 0.0,
            "l": 0.9574811799999996,
            "u": 0.98748118,
            "flag": "INTEREST"
        }
    },
    "data": {
        "n_samples": 15820,
        "time": 900.0673093795776,
        "repeated_programs": 0,
        "inconsistent_programs": 7858,
        "worlds_consulted": 768,
        "delp_calls": 15820
    }
}