{
    "status": {
        "~a_2": {
            "yes": 3584,
            "no": 0,
            "undecided": 0,
            "unknown": 512,
            "pyes": 0.9993887999999995,
            "pno": 0.0,
            "pundecided": 0.0,
            "punknown": 0.0006112,
            "time": 166.01965522766113,
            "delp_calls": 2916,
            "percY": 925891527.68,
            "percN": 0.0,
            "percU": 0.0,
            "percUNK": 132270218.24,
            "l": 0.9993887999999995,
            "u": 1.0,
            "flag": "INTEREST"
        },
        "a_8": {
            "yes": 1440,
            "no": 1664,
            "undecided": 992,
            "unknown": 0,
            "pyes": 0.16637033892256445,
            "pno": 0.797534791783063,
            "pundecided": 0.03609486929437269,
            "punknown": 0.0,
            "time": 166.80178260803223,
            "delp_calls": 2916,
            "percY": 372009988.8,
            "percN": 429878209.28,
            "percU": 256273547.84,
            "percUNK": 0.0,
            "l": 0.16637033892256445,
            "u": 0.20246520821693703,
            "flag": "INTEREST"
        }
    },
    "data": {
        "n_samples": 25834027,
        "time": 600.0000088214874,
        "repeated_worlds": 25825835,
        "repeated_progs": 25828195,
        "unique_progs": 5832,
        "delp_calls": 5832
    }
}