{
    "status": {
        "d_17": {
            "yes": 2936,
            "no": 0,
            "undecided": 560,
            "unknown": 0,
            "pyes": 0.741832566993034,
            "pno": 0.0,
            "pundecided": 0.012329285306966033,
            "punknown": 0.0,
            "time": 156.57393860816956,
            "delp_calls": 3496,
            "percY": 306048.64,
            "percN": 0.0,
            "percU": 58374.4,
            "percUNK": 0.0,
            "l": 0.741832566993034,
            "u": 1.0,
            "flag": "INTEREST"
        },
        "~a_7": {
            "yes": 1832,
            "no": 1238,
            "undecided": 409,
            "unknown": 0,
            "pyes": 0.5027428482531516,
            "pno": 0.16395627512900005,
            "pundecided": 0.08746272891784844,
            "punknown": 0.0,
            "time": 156.26033329963684,
            "delp_calls": 3479,
            "percY": 190967.68,
            "percN": 129049.12,
            "percU": 42634.16,
            "percUNK": 0.0,
            "l": 0.5027428482531516,
            "u": 0.836043724871,
            "flag": "INTEREST"
        },
        "a_7": {
            "yes": 1221,
            "no": 1871,
            "undecided": 357,
            "unknown": 0,
            "pyes": 0.16541848435680134,
            "pno": 0.5012806390253502,
            "pundecided": 0.08746272891784848,
            "punknown": 0.0,
            "time": 155.5755591392517,
            "delp_calls": 3449,
            "percY": 127277.04,
            "percN": 195033.04,
            "percU": 37213.68,
            "percUNK": 0.0,
            "l": 0.16541848435680134,
            "u": 0.49871936097464975,
            "flag": "INTEREST"
        }
    },
    "data": {
        "n_samples": 10424,
        "time": 900.0729758739471,
        "repeated_programs": 0,
        "inconsistent_programs": 0,
        "worlds_consulted": 18432,
        "delp_calls": 10424
    }
}