{
    "status": {
        "d_17": {
            "yes": 663270,
            "no": 0,
            "undecided": 0,
            "unknown": 0,
            "pyes": 0.035800656331252526,
            "pno": 0.0,
            "pundecided": 0.0,
            "punknown": 0.0,
            "time": 27342.29136943817,
            "delp_calls": 216,
            "percY": 13226087987.1,
            "percN": 0.0,
            "percU": 0.0,
            "percUNK": 0.0,
            "l": 0.035800656331252526,
            "u": 1.0
        },
        "~a_7": {
            "yes": 213052,
            "no": 243433,
            "undecided": 192731,
            "unknown": 0,
            "pyes": 0.019367686075810395,
            "pno": 0.005033057606966487,
            "pundecided": 0.011923543461970732,
            "punknown": 0.0,
            "time": 34761.430683374405,
            "delp_calls": 216,
            "percY": 4248412407.96,
            "percN": 4854231726.09,
            "percU": 3843196833.63,
            "percUNK": 0.0,
            "l": 0.019367686075810395,
            "u": 0.9949669423930335
        },
        "a_7": {
            "yes": 240796,
            "no": 210734,
            "undecided": 191215,
            "unknown": 0,
            "pyes": 0.005332521718082098,
            "pno": 0.025039709016182084,
            "pundecided": 0.013867821571295682,
            "punknown": 0.0,
            "time": 43621.24904322624,
            "delp_calls": 216,
            "percY": 4801648021.08,
            "percN": 4202189795.82,
            "percU": 3812966686.95,
            "percUNK": 0.0,
            "l": 0.005332521718082098,
            "u": 0.9749602909838179
        }
    },
    "data": {
        "n_samples": 1994073,
        "time": 900.0005068778992,
        "repeated_worlds": 38842,
        "repeated_progs": 1993425,
        "unique_progs": 648,
        "delp_calls": 648
    }
}