{
    "status": {
        "~d_16": {
            "yes": 2048,
            "no": 0,
            "undecided": 2048,
            "unknown": 0,
            "pyes": 0.9400000000000012,
            "pno": 0.0,
            "pundecided": 0.059999999999999984,
            "punknown": 0.0,
            "time": 234.02921390533447,
            "delp_calls": 1024,
            "percY": 262712258.56,
            "percN": 0.0,
            "percU": 262712258.56,
            "percUNK": 0.0,
            "l": 0.9400000000000012,
            "u": 1.0,
            "flag": "INTEREST"
        }
    },
    "data": {
        "n_samples": 12827747,
        "time": 300.0000088214874,
        "repeated_worlds": 12823651,
        "repeated_progs": 12826723,
        "unique_progs": 1024,
        "delp_calls": 1024
    }
}