{
    "status": {
        "~d_14": {
            "yes": 262144,
            "no": 0,
            "undecided": 0,
            "unknown": 0,
            "pyes": 0.9999999999999758,
            "pno": 0.0,
            "pundecided": 0.0,
            "punknown": 0.0,
            "time": 15726.078929901123,
            "delp_calls": 420,
            "percY": 41308816670.72,
            "percN": 0.0,
            "percU": 0.0,
            "percUNK": 0.0,
            "l": 0.9999999999999758,
            "u": 1.0,
            "flag": "INTEREST"
        },
        "~a_8": {
            "yes": 98304,
            "no": 98304,
            "undecided": 65536,
            "unknown": 0,
            "pyes": 0.14812895753387967,
            "pno": 0.8483386344661159,
            "pundecided": 0.003532408000000007,
            "punknown": 0.0,
            "time": 17324.642810821533,
            "delp_calls": 420,
            "percY": 15490806251.52,
            "percN": 15490806251.52,
            "percU": 10327204167.68,
            "percUNK": 0.0,
            "l": 0.14812895753387967,
            "u": 0.1516613655338841,
            "flag": "INTEREST"
        }
    },
    "data": {
        "n_samples": 15758063,
        "time": 600.0000443458557,
        "repeated_worlds": 15233775,
        "repeated_progs": 15757223,
        "unique_progs": 840,
        "delp_calls": 840
    }
}