{
    "status": {
        "~d_66": {
            "yes": 2239,
            "no": 0,
            "undecided": 0,
            "unknown": 0,
            "pyes": 0.0018476121487463984,
            "pno": 0.0,
            "pundecided": 0.0,
            "punknown": 0.0,
            "time": 95.1664228439331,
            "delp_calls": 2239,
            "percY": 142154.11,
            "percN": 0.0,
            "percU": 0.0,
            "percUNK": 0.0,
            "l": 0.0018476121487463984,
            "u": 1.0
        },
        "~a_23": {
            "yes": 1336,
            "no": 0,
            "undecided": 822,
            "unknown": 0,
            "pyes": 0.0009119526398716223,
            "pno": 0.0,
            "pundecided": 0.0002765129874395899,
            "punknown": 0.0,
            "time": 103.81449151039124,
            "delp_calls": 2158,
            "percY": 84822.64,
            "percN": 0.0,
            "percU": 52188.78,
            "percUNK": 0.0,
            "l": 0.0009119526398716223,
            "u": 1.0
        },
        "~a_16": {
            "yes": 38,
            "no": 683,
            "undecided": 1231,
            "unknown": 0,
            "pyes": 7.474651612349353e-06,
            "pno": 0.009663560694649584,
            "pundecided": 0.0007785966446623879,
            "punknown": 0.0,
            "time": 122.43571496009827,
            "delp_calls": 1952,
            "percY": 2412.62,
            "percN": 43363.67,
            "percU": 78156.19,
            "percUNK": 0.0,
            "l": 7.474651612349353e-06,
            "u": 0.9903364393053504
        }
    },
    "data": {
        "n_samples": 6349,
        "time": 900.3472075462341,
        "repeated_programs": 0,
        "inconsistent_programs": 0,
        "worlds_consulted": 9855,
        "delp_calls": 6349
    }
}