{
    "status": {
        "d_12": {
            "yes": 5566,
            "no": 0,
            "undecided": 0,
            "unknown": 0,
            "pyes": 0.9999999999999996,
            "pno": 0.0,
            "pundecided": 0.0,
            "punknown": 0.0,
            "time": 250.79500794410706,
            "delp_calls": 5566,
            "percY": 921952.24,
            "percN": 0.0,
            "percU": 0.0,
            "percUNK": 0.0,
            "l": 0.9999999999999996,
            "u": 1.0,
            "flag": "INTEREST"
        },
        "~a_5": {
            "yes": 5550,
            "no": 0,
            "undecided": 0,
            "unknown": 0,
            "pyes": 0.9999999999999998,
            "pno": 0.0,
            "pundecided": 0.0,
            "punknown": 0.0,
            "time": 250.250403881073,
            "delp_calls": 5550,
            "percY": 919302.0,
            "percN": 0.0,
            "percU": 0.0,
            "percUNK": 0.0,
            "l": 0.9999999999999998,
            "u": 1.0,
            "flag": "INTEREST"
        },
        "a_8": {
            "yes": 3245,
            "no": 1832,
            "undecided": 371,
            "unknown": 0,
            "pyes": 0.45313032319662333,
            "pno": 0.5417947580007035,
            "pundecided": 0.005074918802673048,
            "punknown": 0.0,
            "time": 251.66307139396667,
            "delp_calls": 5448,
            "percY": 537501.8,
            "percN": 303452.48,
            "percU": 61452.44,
            "percUNK": 0.0,
            "l": 0.45313032319662333,
            "u": 0.45820524199929646,
            "flag": "INTEREST"
        }
    },
    "data": {
        "n_samples": 16564,
        "time": 900.1281704902649,
        "repeated_programs": 0,
        "inconsistent_programs": 0,
        "worlds_consulted": 6144,
        "delp_calls": 16564
    }
}