{
    "status": {
        "~d_57": {
            "yes": 3662,
            "no": 0,
            "undecided": 0,
            "unknown": 0,
            "pyes": 0.32158240308828484,
            "pno": 0.0,
            "pundecided": 0.0,
            "punknown": 0.0,
            "time": 146.4461326599121,
            "delp_calls": 3662,
            "percY": 258537.2,
            "percN": 0.0,
            "percU": 0.0,
            "percUNK": 0.0,
            "l": 0.32158240308828484,
            "u": 1.0
        },
        "~a_14": {
            "yes": 29,
            "no": 3334,
            "undecided": 35,
            "unknown": 0,
            "pyes": 0.00014537090905594304,
            "pno": 0.33252872889972424,
            "pundecided": 0.00012909361745388164,
            "punknown": 0.0,
            "time": 155.6132287979126,
            "delp_calls": 3398,
            "percY": 2047.4,
            "percN": 235380.4,
            "percU": 2471.0,
            "percUNK": 0.0,
            "l": 0.00014537090905594304,
            "u": 0.6674712711002757
        }
    },
    "data": {
        "n_samples": 7060,
        "time": 600.0942075252533,
        "repeated_programs": 0,
        "inconsistent_programs": 0,
        "worlds_consulted": 5266,
        "delp_calls": 7060
    }
}