{
    "status": {
        "~d_57": {
            "yes": 4096,
            "no": 0,
            "undecided": 0,
            "unknown": 0,
            "pyes": 0.9999999999999997,
            "pno": 0.0,
            "pundecided": 0.0,
            "punknown": 0.0,
            "time": 166.74237418174744,
            "delp_calls": 3360,
            "percY": 836144906.24,
            "percN": 0.0,
            "percU": 0.0,
            "percUNK": 0.0,
            "l": 0.9999999999999997,
            "u": 1.0,
            "flag": "INTEREST"
        },
        "~a_14": {
            "yes": 32,
            "no": 4032,
            "undecided": 32,
            "unknown": 0,
            "pyes": 0.00028624686242826247,
            "pno": 0.9995736681383858,
            "pundecided": 0.0001400849991862272,
            "punknown": 0.0,
            "time": 186.7036099433899,
            "delp_calls": 3360,
            "percY": 6532382.08,
            "percN": 823080142.08,
            "percU": 6532382.08,
            "percUNK": 0.0,
            "l": 0.00028624686242826247,
            "u": 0.0004263318616142264,
            "flag": "INTEREST"
        }
    },
    "data": {
        "n_samples": 20413694,
        "time": 600.0000174045563,
        "repeated_worlds": 20405502,
        "repeated_progs": 20406974,
        "unique_progs": 6720,
        "delp_calls": 6720
    }
}