{
    "status": {
        "~d_22": {
            "yes": 1326,
            "no": 0,
            "undecided": 0,
            "unknown": 0,
            "pyes": 0.5698148564288146,
            "pno": 0.0,
            "pundecided": 0.0,
            "punknown": 0.0,
            "time": 59.39372396469116,
            "delp_calls": 1269,
            "percY": 21043.62,
            "percN": 0.0,
            "percU": 0.0,
            "percUNK": 0.0,
            "l": 0.5698148564288146,
            "u": 1.0,
            "flag": "INTEREST"
        }
    },
    "data": {
        "n_samples": 1587,
        "time": 60.021024227142334,
        "repeated_worlds": 261,
        "repeated_progs": 318,
        "unique_progs": 1269,
        "delp_calls": 1269
    }
}