{
    "status": {
        "a_6": {
            "yes": 4240,
            "no": 0,
            "undecided": 0,
            "unknown": 0,
            "pyes": 0.9170579983133285,
            "pno": 0.0,
            "pundecided": 0.0,
            "punknown": 0.0,
            "time": 166.66669535636902,
            "delp_calls": 4240,
            "percY": 356796.0,
            "percN": 0.0,
            "percU": 0.0,
            "percUNK": 0.0,
            "l": 0.9170579983133285,
            "u": 1.0,
            "flag": "INTEREST"
        },
        "a_11": {
            "yes": 4175,
            "no": 0,
            "undecided": 0,
            "unknown": 0,
            "pyes": 0.8638613127060868,
            "pno": 0.0,
            "pundecided": 0.0,
            "punknown": 0.0,
            "time": 165.79589247703552,
            "delp_calls": 4175,
            "percY": 351326.25,
            "percN": 0.0,
            "percU": 0.0,
            "percUNK": 0.0,
            "l": 0.8638613127060868,
            "u": 1.0,
            "flag": "INTEREST"
        }
    },
    "data": {
        "n_samples": 8415,
        "time": 600.0816142559052,
        "repeated_programs": 0,
        "inconsistent_programs": 0,
        "worlds_consulted": 6111,
        "delp_calls": 8415
    }
}