{
    "status": {
        "a_6": {
            "yes": 4096,
            "no": 0,
            "undecided": 0,
            "unknown": 0,
            "pyes": 0.9999999999999991,
            "pno": 0.0,
            "pundecided": 0.0,
            "punknown": 0.0,
            "time": 165.226726770401,
            "delp_calls": 3068,
            "percY": 946246123.52,
            "percN": 0.0,
            "percU": 0.0,
            "percUNK": 0.0,
            "l": 0.9999999999999991,
            "u": 1.0,
            "flag": "INTEREST"
        },
        "a_11": {
            "yes": 4096,
            "no": 0,
            "undecided": 0,
            "unknown": 0,
            "pyes": 0.9999999999999996,
            "pno": 0.0,
            "pundecided": 0.0,
            "punknown": 0.0,
            "time": 163.88491249084473,
            "delp_calls": 3068,
            "percY": 946246123.52,
            "percN": 0.0,
            "percU": 0.0,
            "percUNK": 0.0,
            "l": 0.9999999999999996,
            "u": 1.0,
            "flag": "INTEREST"
        }
    },
    "data": {
        "n_samples": 23101712,
        "time": 600.0000250339508,
        "repeated_worlds": 23093520,
        "repeated_progs": 23095576,
        "unique_progs": 6136,
        "delp_calls": 6136
    }
}