{
    "status": {
        "d_42": {
            "yes": 3584,
            "no": 0,
            "undecided": 448,
            "unknown": 64,
            "pyes": 0.8466587607040005,
            "pno": 0.0,
            "pundecided": 0.151607629531412,
            "punknown": 0.001733609764588032,
            "time": 162.9821298122406,
            "delp_calls": 4092,
            "percY": 585956510.72,
            "percN": 0.0,
            "percU": 73244563.84,
            "percUNK": 10463509.12,
            "l": 0.8466587607040005,
            "u": 1.0,
            "flag": "INTEREST"
        },
        "a_15": {
            "yes": 765,
            "no": 278,
            "undecided": 3052,
            "unknown": 1,
            "pyes": 0.7195933435665776,
            "pno": 0.007359403923554225,
            "pundecided": 0.27302823036822055,
            "punknown": 1.9022141647872002e-05,
            "time": 183.94507694244385,
            "delp_calls": 4092,
            "percY": 125071632.45,
            "percN": 45450867.74,
            "percU": 498978591.16,
            "percUNK": 163492.33,
            "l": 0.7195933435665776,
            "u": 0.9926405960764457,
            "flag": "INTEREST"
        }
    },
    "data": {
        "n_samples": 16349233,
        "time": 600.0000078678131,
        "repeated_worlds": 16341041,
        "repeated_progs": 16341049,
        "unique_progs": 8184,
        "delp_calls": 8184
    }
}