{
    "status": {
        "d_10": {
            "yes": 3584,
            "no": 0,
            "undecided": 448,
            "unknown": 64,
            "pyes": 0.9999250000000004,
            "pno": 0.0,
            "pundecided": 7.4785476313272e-05,
            "punknown": 2.145236867279999e-07,
            "time": 164.70733785629272,
            "delp_calls": 2359,
            "percY": 1589082951.68,
            "percN": 0.0,
            "percU": 198635368.96,
            "percUNK": 28376481.28,
            "l": 0.9999250000000004,
            "u": 1.0,
            "flag": "INTEREST"
        },
        "a_7": {
            "yes": 3125,
            "no": 209,
            "undecided": 762,
            "unknown": 0,
            "pyes": 0.9886993798013942,
            "pno": 0.0065123273787543795,
            "pundecided": 0.004788292819850649,
            "punknown": 0.0,
            "time": 166.31693625450134,
            "delp_calls": 2359,
            "percY": 1385570375.0,
            "percN": 92666946.68,
            "percU": 337857480.24,
            "percUNK": 0.0,
            "l": 0.9886993798013942,
            "u": 0.9934876726212456,
            "flag": "INTEREST"
        },
        "~a_7": {
            "yes": 209,
            "no": 3125,
            "undecided": 762,
            "unknown": 0,
            "pyes": 0.0065123273787543795,
            "pno": 0.988699379801395,
            "pundecided": 0.0047882928198506435,
            "punknown": 0.0,
            "time": 167.0483181476593,
            "delp_calls": 2359,
            "percY": 92666946.68,
            "percN": 1385570375.0,
            "percU": 337857480.24,
            "percUNK": 0.0,
            "l": 0.0065123273787543795,
            "u": 0.011300620198605005,
            "flag": "INTEREST"
        }
    },
    "data": {
        "n_samples": 44338252,
        "time": 900.0000102519989,
        "repeated_worlds": 44325964,
        "repeated_progs": 44331175,
        "unique_progs": 7077,
        "delp_calls": 7077
    }
}