{
    "status": {
        "~d_14": {
            "yes": 4828,
            "no": 0,
            "undecided": 1593,
            "unknown": 0,
            "pyes": 0.9621664363034089,
            "pno": 0.0,
            "pundecided": 0.0008135636965908477,
            "punknown": 0.0,
            "time": 238.65025234222412,
            "delp_calls": 6778,
            "percY": 1003789.48,
            "percN": 0.0,
            "percU": 331200.63,
            "percUNK": 0.0,
            "l": 0.9621664363034089,
            "u": 1.0,
            "flag": "INTEREST"
        },
        "~a_8": {
            "yes": 5021,
            "no": 1472,
            "undecided": 173,
            "unknown": 0,
            "pyes": 0.8851352817183624,
            "pno": 0.07784471828163736,
            "pundecided": 0.0,
            "punknown": 0.0,
            "time": 240.75572419166565,
            "delp_calls": 7014,
            "percY": 1043916.11,
            "percN": 306043.52,
            "percU": 35968.43,
            "percUNK": 0.0,
            "l": 0.8851352817183624,
            "u": 0.9221552817183627,
            "flag": "INTEREST"
        },
        "a_7": {
            "yes": 2565,
            "no": 3867,
            "undecided": 0,
            "unknown": 191,
            "pyes": 0.0010089205666836479,
            "pno": 0.9619424193895911,
            "pundecided": 0.0,
            "punknown": 2.8660043724705802e-05,
            "time": 239.3302607536316,
            "delp_calls": 6999,
            "percY": 533289.15,
            "percN": 803987.97,
            "percU": 0.0,
            "percUNK": 39710.81,
            "l": 0.0010089205666836479,
            "u": 0.03805758061040887,
            "flag": "INTEREST"
        }
    },
    "data": {
        "n_samples": 20791,
        "time": 900.0359935760498,
        "repeated_programs": 0,
        "inconsistent_programs": 1081,
        "worlds_consulted": 4608,
        "delp_calls": 20791
    }
}