{
    "status": {
        "~d_14": {
            "yes": 4096,
            "no": 0,
            "undecided": 0,
            "unknown": 0,
            "pyes": 1.000000000000001,
            "pno": 0.0,
            "pundecided": 0.0,
            "punknown": 0.0,
            "time": 155.89933156967163,
            "delp_calls": 234,
            "percY": 2623697059.84,
            "percN": 0.0,
            "percU": 0.0,
            "percUNK": 0.0,
            "l": 1.000000000000001,
            "u": 1.0,
            "flag": "INTEREST"
        },
        "~a_8": {
            "yes": 2992,
            "no": 1104,
            "undecided": 0,
            "unknown": 0,
            "pyes": 0.889671457393685,
            "pno": 0.11032854260631485,
            "pundecided": 0.0,
            "punknown": 0.0,
            "time": 160.01214456558228,
            "delp_calls": 234,
            "percY": 1916528711.68,
            "percN": 707168348.16,
            "percU": 0.0,
            "percUNK": 0.0,
            "l": 0.889671457393685,
            "u": 0.8896714573936851,
            "flag": "INTEREST"
        },
        "a_7": {
            "yes": 192,
            "no": 2880,
            "undecided": 1024,
            "unknown": 0,
            "pyes": 0.00019535687009279988,
            "pno": 0.9627846431299087,
            "pundecided": 0.037020000000000074,
            "punknown": 0.0,
            "time": 154.8657751083374,
            "delp_calls": 234,
            "percY": 122985799.68,
            "percN": 1844786995.2,
            "percU": 655924264.96,
            "percUNK": 0.0,
            "l": 0.00019535687009279988,
            "u": 0.037215356870091254,
            "flag": "INTEREST"
        }
    },
    "data": {
        "n_samples": 64055104,
        "time": 900.0000252723694,
        "repeated_worlds": 64042816,
        "repeated_progs": 64054402,
        "unique_progs": 702,
        "delp_calls": 702
    }
}