{
    "status": {
        "~d_42": {
            "yes": 2048,
            "no": 0,
            "undecided": 2048,
            "unknown": 0,
            "pyes": 0.9799999999999981,
            "pno": 0.0,
            "pundecided": 0.02000000000000002,
            "punknown": 0.0,
            "time": 164.37374329566956,
            "delp_calls": 4096,
            "percY": 566737940.48,
            "percN": 0.0,
            "percU": 566737940.48,
            "percUNK": 0.0,
            "l": 0.9799999999999981,
            "u": 1.0,
            "flag": "INTEREST"
        },
        "~a_18": {
            "yes": 2048,
            "no": 0,
            "undecided": 2048,
            "unknown": 0,
            "pyes": 0.9699999999999996,
            "pno": 0.0,
            "pundecided": 0.030000000000000054,
            "punknown": 0.0,
            "time": 163.80707263946533,
            "delp_calls": 4096,
            "percY": 566737940.48,
            "percN": 0.0,
            "percU": 566737940.48,
            "percUNK": 0.0,
            "l": 0.9699999999999996,
            "u": 1.0,
            "flag": "INTEREST"
        },
        "~a_15": {
            "yes": 1696,
            "no": 2400,
            "undecided": 0,
            "unknown": 0,
            "pyes": 0.03794651341947161,
            "pno": 0.9620534865805269,
            "pundecided": 0.0,
            "punknown": 0.0,
            "time": 174.9412968158722,
            "delp_calls": 4096,
            "percY": 469329856.96,
            "percN": 664146024.0,
            "percU": 0.0,
            "percUNK": 0.0,
            "l": 0.03794651341947161,
            "u": 0.03794651341947308,
            "flag": "INTEREST"
        }
    },
    "data": {
        "n_samples": 27672751,
        "time": 900.0000224113464,
        "repeated_worlds": 27660463,
        "repeated_progs": 27660463,
        "unique_progs": 12288,
        "delp_calls": 12288
    }
}