{
    "status": {
        "d_9": {
            "yes": 5756,
            "no": 0,
            "undecided": 0,
            "unknown": 0,
            "pyes": 1.0000000000000002,
            "pno": 0.0,
            "pundecided": 0.0,
            "punknown": 0.0,
            "time": 239.90585827827454,
            "delp_calls": 5756,
            "percY": 996824.08,
            "percN": 0.0,
            "percU": 0.0,
            "percUNK": 0.0,
            "l": 1.0000000000000002,
            "u": 1.0,
            "flag": "INTEREST"
        },
        "a_7": {
            "yes": 5845,
            "no": 0,
            "undecided": 0,
            "unknown": 0,
            "pyes": 1.0,
            "pno": 0.0,
            "pundecided": 0.0,
            "punknown": 0.0,
            "time": 241.33740901947021,
            "delp_calls": 5845,
            "percY": 1012237.1,
            "percN": 0.0,
            "percU": 0.0,
            "percUNK": 0.0,
            "l": 1.0,
            "u": 1.0,
            "flag": "INTEREST"
        },
        "~a_8": {
            "yes": 4488,
            "no": 1229,
            "undecided": 0,
            "unknown": 0,
            "pyes": 0.5224496543788251,
            "pno": 0.47755034562117493,
            "pundecided": 0.0,
            "punknown": 0.0,
            "time": 241.62723684310913,
            "delp_calls": 5717,
            "percY": 777231.84,
            "percN": 212838.22,
            "percU": 0.0,
            "percUNK": 0.0,
            "l": 0.5224496543788251,
            "u": 0.5224496543788251,
            "flag": "INTEREST"
        }
    },
    "data": {
        "n_samples": 17318,
        "time": 900.1162791252136,
        "repeated_programs": 0,
        "inconsistent_programs": 0,
        "worlds_consulted": 6144,
        "delp_calls": 17318
    }
}