{
    "status": {
        "d_9": {
            "yes": 693800,
            "no": 0,
            "undecided": 0,
            "unknown": 0,
            "pyes": 0.04154573829959958,
            "pno": 0.0,
            "pundecided": 0.0,
            "punknown": 0.0,
            "time": 27218.995223522186,
            "delp_calls": 72,
            "percY": 14737768980.0,
            "percN": 0.0,
            "percU": 0.0,
            "percUNK": 0.0,
            "l": 0.04154573829959958,
            "u": 1.0
        },
        "a_7": {
            "yes": 697052,
            "no": 0,
            "undecided": 0,
            "unknown": 0,
            "pyes": 0.040554850107627764,
            "pno": 0.0,
            "pundecided": 0.0,
            "punknown": 0.0,
            "time": 37614.55333995819,
            "delp_calls": 72,
            "percY": 14806848289.2,
            "percN": 0.0,
            "percU": 0.0,
            "percUNK": 0.0,
            "l": 0.040554850107627764,
            "u": 1.0
        },
        "~a_8": {
            "yes": 560031,
            "no": 129418,
            "undecided": 0,
            "unknown": 0,
            "pyes": 0.022018155426925926,
            "pno": 0.021808498902867967,
            "pundecided": 0.0,
            "punknown": 0.0,
            "time": 45128.76813030243,
            "delp_calls": 72,
            "percY": 11896234505.1,
            "percN": 2749110097.8,
            "percU": 0.0,
            "percUNK": 0.0,
            "l": 0.022018155426925926,
            "u": 0.978191501097132
        }
    },
    "data": {
        "n_samples": 2124210,
        "time": 900.00048661232,
        "repeated_worlds": 43909,
        "repeated_progs": 2123994,
        "unique_progs": 216,
        "delp_calls": 216
    }
}