{
    "status": {
        "~d_51": {
            "yes": 7023,
            "no": 0,
            "undecided": 0,
            "unknown": 0,
            "pyes": 0.03316570586035611,
            "pno": 0.0,
            "pundecided": 0.0,
            "punknown": 0.0,
            "time": 289.0129175186157,
            "delp_calls": 6934,
            "percY": 1397436.54,
            "percN": 0.0,
            "percU": 0.0,
            "percUNK": 0.0,
            "l": 0.03316570586035611,
            "u": 1.0
        },
        "a_19": {
            "yes": 4030,
            "no": 1845,
            "undecided": 356,
            "unknown": 0,
            "pyes": 0.00639390308171223,
            "pno": 2.804676781261998e-05,
            "pundecided": 4.171780318794181e-05,
            "punknown": 0.0,
            "time": 289.62172865867615,
            "delp_calls": 6175,
            "percY": 801889.4,
            "percN": 367118.1,
            "percU": 70836.88,
            "percUNK": 0.0,
            "l": 0.00639390308171223,
            "u": 0.9999719532321873
        },
        "a_16": {
            "yes": 237,
            "no": 5244,
            "undecided": 888,
            "unknown": 0,
            "pyes": 1.1919999476218939e-07,
            "pno": 0.003890706132554279,
            "pundecided": 0.0027510355043600795,
            "punknown": 0.0,
            "time": 289.08094477653503,
            "delp_calls": 6304,
            "percY": 47158.26,
            "percN": 1043451.12,
            "percU": 176694.24,
            "percUNK": 0.0,
            "l": 1.1919999476218939e-07,
            "u": 0.9961092938674457
        }
    },
    "data": {
        "n_samples": 19898,
        "time": 900.1137654781342,
        "repeated_worlds": 275,
        "repeated_progs": 485,
        "unique_progs": 19413,
        "delp_calls": 19413
    }
}