{
    "status": {
        "d_25": {
            "yes": 2560,
            "no": 0,
            "undecided": 896,
            "unknown": 640,
            "pyes": 0.9125999999999999,
            "pno": 0.0,
            "pundecided": 0.008536052274800005,
            "punknown": 0.07886394772519997,
            "time": 163.69730973243713,
            "delp_calls": 4082,
            "percY": 233195699.2,
            "percN": 0.0,
            "percU": 81618494.72,
            "percUNK": 58298924.8,
            "l": 0.9125999999999999,
            "u": 1.0,
            "flag": "INTEREST"
        }
    },
    "data": {
        "n_samples": 9109207,
        "time": 300.00001215934753,
        "repeated_worlds": 9105111,
        "repeated_progs": 9105125,
        "unique_progs": 4082,
        "delp_calls": 4082
    }
}