{
    "status": {
        "d_13": {
            "yes": 3644,
            "no": 0,
            "undecided": 2375,
            "unknown": 381,
            "pyes": 0.7751265552742076,
            "pno": 0.0,
            "pundecided": 0.14487538853655138,
            "punknown": 0.009907826390799597,
            "time": 272.2464518547058,
            "delp_calls": 6400,
            "percY": 461549.04,
            "percN": 0.0,
            "percU": 300817.5,
            "percUNK": 48257.46,
            "l": 0.7751265552742076,
            "u": 1.0,
            "flag": "INTEREST"
        },
        "~a_7": {
            "yes": 6171,
            "no": 0,
            "undecided": 0,
            "unknown": 95,
            "pyes": 0.9300000000000012,
            "pno": 0.0,
            "pundecided": 0.0,
            "punknown": 0.0,
            "time": 272.2172372341156,
            "delp_calls": 6266,
            "percY": 781618.86,
            "percN": 0.0,
            "percU": 0.0,
            "percUNK": 12032.7,
            "l": 0.9300000000000012,
            "u": 1.0,
            "flag": "INTEREST"
        }
    },
    "data": {
        "n_samples": 12666,
        "time": 600.0650722980499,
        "repeated_programs": 0,
        "inconsistent_programs": 0,
        "worlds_consulted": 1022,
        "delp_calls": 12666
    }
}