{
    "status": {
        "~a_8": {
            "yes": 2825,
            "no": 1566,
            "undecided": 292,
            "unknown": 0,
            "pyes": 0.920009782223451,
            "pno": 0.079406619090075,
            "pundecided": 0.0005835986864744401,
            "punknown": 0.0,
            "time": 203.50222635269165,
            "delp_calls": 4683,
            "percY": 132294.75,
            "percN": 73335.78,
            "percU": 13674.36,
            "percUNK": 0.0,
            "l": 0.920009782223451,
            "u": 0.920593380909925,
            "flag": "INTEREST"
        }
    },
    "data": {
        "n_samples": 4683,
        "time": 300.0151467323303,
        "repeated_programs": 0,
        "inconsistent_programs": 0,
        "worlds_consulted": 8192,
        "delp_calls": 4683
    }
}