{
    "status": {
        "d_39": {
            "yes": 410,
            "no": 0,
            "undecided": 0,
            "unknown": 0,
            "pyes": 0.06935969837584882,
            "pno": 0.0,
            "pundecided": 0.0,
            "punknown": 0.0,
            "time": 19.82082509994507,
            "delp_calls": 839,
            "percY": 3439.9,
            "percN": 0.0,
            "percU": 0.0,
            "percUNK": 0.0,
            "l": 0.06935969837584882,
            "u": 1.0
        }
    },
    "data": {
        "n_samples": 839,
        "time": 60.04661846160889,
        "repeated_programs": 0,
        "inconsistent_programs": 429,
        "worlds_consulted": 385,
        "delp_calls": 839
    }
}