{
    "status": {
        "d_39": {
            "yes": 584,
            "no": 0,
            "undecided": 575,
            "unknown": 0,
            "pyes": 0.08099556855956369,
            "pno": 0.0,
            "pundecided": 0.002549180181418018,
            "punknown": 0.0,
            "time": 57.39715528488159,
            "delp_calls": 1159,
            "percY": 8065.04,
            "percN": 0.0,
            "percU": 7940.75,
            "percUNK": 0.0,
            "l": 0.08099556855956369,
            "u": 1.0
        }
    },
    "data": {
        "n_samples": 1381,
        "time": 60.0495069026947,
        "repeated_worlds": 222,
        "repeated_progs": 222,
        "unique_progs": 1159,
        "delp_calls": 1159
    }
}