{
    "status": {
        "a_1": {
            "yes": 2306,
            "no": 0,
            "undecided": 0,
            "unknown": 0,
            "pyes": 0.003250076580454885,
            "pno": 0.0,
            "pundecided": 0.0,
            "punknown": 0.0,
            "time": 98.55446195602417,
            "delp_calls": 2306,
            "percY": 53176.36,
            "percN": 0.0,
            "percU": 0.0,
            "percUNK": 0.0,
            "l": 0.003250076580454885,
            "u": 1.0
        }
    },
    "data": {
        "n_samples": 2306,
        "time": 300.00118827819824,
        "repeated_programs": 0,
        "inconsistent_programs": 0,
        "worlds_consulted": 4167,
        "delp_calls": 2306
    }
}