{
    "status": {
        "a_7": {
            "yes": 130,
            "no": 0,
            "undecided": 45,
            "unknown": 0,
            "pyes": 0.41389531570712457,
            "pno": 0.0,
            "pundecided": 0.18154491916721302,
            "punknown": 0.0,
            "time": 8.580860376358032,
            "delp_calls": 211,
            "percY": 274.3,
            "percN": 0.0,
            "percU": 94.95,
            "percUNK": 0.0,
            "l": 0.41389531570712457,
            "u": 1.0
        }
    },
    "data": {
        "n_samples": 211,
        "time": 60.20992350578308,
        "repeated_programs": 0,
        "inconsistent_programs": 36,
        "worlds_consulted": 10482,
        "delp_calls": 211
    }
}