{
    "status": {
        "~a_7": {
            "yes": 131072,
            "no": 0,
            "undecided": 131072,
            "unknown": 0,
            "pyes": 0.8674999999999883,
            "pno": 0.0,
            "pundecided": 0.13249999999999862,
            "punknown": 0.0,
            "time": 10753.256469726562,
            "delp_calls": 512,
            "percY": 35295098306.56,
            "percN": 0.0,
            "percU": 35295098306.56,
            "percUNK": 0.0,
            "l": 0.8674999999999883,
            "u": 1.0,
            "flag": "INTEREST"
        },
        "a_9": {
            "yes": 131072,
            "no": 0,
            "undecided": 131072,
            "unknown": 0,
            "pyes": 0.8674999999999792,
            "pno": 0.0,
            "pundecided": 0.13249999999999823,
            "punknown": 0.0,
            "time": 11902.1591796875,
            "delp_calls": 512,
            "percY": 35295098306.56,
            "percN": 0.0,
            "percU": 35295098306.56,
            "percUNK": 0.0,
            "l": 0.8674999999999792,
            "u": 1.0,
            "flag": "INTEREST"
        }
    },
    "data": {
        "n_samples": 26928023,
        "time": 600.0000138282776,
        "repeated_worlds": 26403735,
        "repeated_progs": 26926999,
        "unique_progs": 1024,
        "delp_calls": 1024
    }
}