{
    "status": {
        "d_59": {
            "yes": 1256,
            "no": 0,
            "undecided": 1248,
            "unknown": 0,
            "pyes": 0.07735958337252816,
            "pno": 0.0,
            "pundecided": 0.008885084793461425,
            "punknown": 0.0,
            "time": 101.17841672897339,
            "delp_calls": 5026,
            "percY": 63126.56,
            "percN": 0.0,
            "percU": 62724.48,
            "percUNK": 0.0,
            "l": 0.07735958337252816,
            "u": 1.0
        }
    },
    "data": {
        "n_samples": 5026,
        "time": 300.0372281074524,
        "repeated_programs": 0,
        "inconsistent_programs": 2522,
        "worlds_consulted": 927,
        "delp_calls": 5026
    }
}