{
    "status": {
        "d_59": {
            "yes": 2048,
            "no": 0,
            "undecided": 2048,
            "unknown": 0,
            "pyes": 0.8980142592,
            "pno": 0.0,
            "pundecided": 0.1019857407999999,
            "punknown": 0.0,
            "time": 166.96236896514893,
            "delp_calls": 2048,
            "percY": 318093557.76,
            "percN": 0.0,
            "percU": 318093557.76,
            "percUNK": 0.0,
            "l": 0.8980142592,
            "u": 1.0,
            "flag": "INTEREST"
        }
    },
    "data": {
        "n_samples": 15531912,
        "time": 300.00001096725464,
        "repeated_worlds": 15527816,
        "repeated_progs": 15529864,
        "unique_progs": 2048,
        "delp_calls": 2048
    }
}