{
    "status": {
        "d_10": {
            "yes": 799,
            "no": 0,
            "undecided": 436,
            "unknown": 10,
            "pyes": 0.00012471036280718698,
            "pno": 0.0,
            "pundecided": 7.454524353409899e-05,
            "punknown": 0.00023953946725661094,
            "time": 58.47891712188721,
            "delp_calls": 1209,
            "percY": 20062.89,
            "percN": 0.0,
            "percU": 10947.96,
            "percUNK": 251.1,
            "l": 0.00012471036280718698,
            "u": 1.0
        },
        "a_7": {
            "yes": 157,
            "no": 704,
            "undecided": 397,
            "unknown": 0,
            "pyes": 4.509071430811886e-06,
            "pno": 0.0001119862574116489,
            "pundecided": 0.00021868471476378038,
            "punknown": 0.0,
            "time": 58.01183557510376,
            "delp_calls": 1231,
            "percY": 3942.27,
            "percN": 17677.44,
            "percU": 9968.67,
            "percUNK": 0.0,
            "l": 4.509071430811886e-06,
            "u": 0.9998880137425884
        }
    },
    "data": {
        "n_samples": 2511,
        "time": 120.0400698184967,
        "repeated_worlds": 8,
        "repeated_progs": 71,
        "unique_progs": 2440,
        "delp_calls": 2440
    }
}