{
    "status": {
        "d_9": {
            "yes": 3072,
            "no": 0,
            "undecided": 1024,
            "unknown": 0,
            "pyes": 0.9115229952000002,
            "pno": 0.0,
            "pundecided": 0.08847700479999998,
            "punknown": 0.0,
            "time": 172.86294174194336,
            "delp_calls": 96,
            "percY": 121645547.52,
            "percN": 0.0,
            "percU": 40548515.84,
            "percUNK": 0.0,
            "l": 0.9115229952000002,
            "u": 1.0,
            "flag": "INTEREST"
        }
    },
    "data": {
        "n_samples": 3959816,
        "time": 60.00000977516174,
        "repeated_worlds": 3955720,
        "repeated_progs": 3959720,
        "unique_progs": 96,
        "delp_calls": 96
    }
}