{
    "status": {
        "d_9": {
            "yes": 3072,
            "no": 0,
            "undecided": 1024,
            "unknown": 0,
            "pyes": 0.9115229952000009,
            "pno": 0.0,
            "pundecided": 0.08847700480000008,
            "punknown": 0.0,
            "time": 184.54738235473633,
            "delp_calls": 96,
            "percY": 4323379.2,
            "percN": 0.0,
            "percU": 1441126.4,
            "percUNK": 0.0,
            "l": 0.9115229952000009,
            "u": 1.0,
            "flag": "INTEREST"
        }
    },
    "data": {
        "n_samples": 140735,
        "time": 60.00003671646118,
        "repeated_worlds": 136639,
        "repeated_progs": 140639,
        "unique_progs": 96,
        "delp_calls": 96
    }
}