{
    "status": {
        "~d_17": {
            "yes": 5067,
            "no": 0,
            "undecided": 0,
            "unknown": 0,
            "pyes": 1.0,
            "pno": 0.0,
            "pundecided": 0.0,
            "punknown": 0.0,
            "time": 223.82265043258667,
            "delp_calls": 5067,
            "percY": 759239.28,
            "percN": 0.0,
            "percU": 0.0,
            "percUNK": 0.0,
            "l": 1.0,
            "u": 1.0,
            "flag": "INTEREST"
        },
        "~a_5": {
            "yes": 5056,
            "no": 0,
            "undecided": 0,
            "unknown": 0,
            "pyes": 1.0000000000000004,
            "pno": 0.0,
            "pundecided": 0.0,
            "punknown": 0.0,
            "time": 224.3043532371521,
            "delp_calls": 5056,
            "percY": 757591.04,
            "percN": 0.0,
            "percU": 0.0,
            "percUNK": 0.0,
            "l": 1.0000000000000004,
            "u": 1.0,
            "flag": "INTEREST"
        },
        "~a_7": {
            "yes": 371,
            "no": 2013,
            "undecided": 2477,
            "unknown": 0,
            "pyes": 0.11549920076125018,
            "pno": 0.6237570524494592,
            "pundecided": 0.2607437467892906,
            "punknown": 0.0,
            "time": 223.92920422554016,
            "delp_calls": 4861,
            "percY": 55590.64,
            "percN": 301627.92,
            "percU": 371153.68,
            "percUNK": 0.0,
            "l": 0.11549920076125018,
            "u": 0.3762429475505408,
            "flag": "INTEREST"
        }
    },
    "data": {
        "n_samples": 14984,
        "time": 900.2549495697021,
        "repeated_programs": 0,
        "inconsistent_programs": 0,
        "worlds_consulted": 12288,
        "delp_calls": 14984
    }
}