{
    "status": {
        "~a_1": {
            "yes": 2522,
            "no": 0,
            "undecided": 0,
            "unknown": 571,
            "pyes": 0.03300643585396316,
            "pno": 0.0,
            "pundecided": 0.0,
            "punknown": 0.0008550263523379492,
            "time": 128.43504333496094,
            "delp_calls": 3093,
            "percY": 78005.46,
            "percN": 0.0,
            "percU": 0.0,
            "percUNK": 17661.03,
            "l": 0.03300643585396316,
            "u": 1.0
        }
    },
    "data": {
        "n_samples": 3093,
        "time": 300.0864360332489,
        "repeated_programs": 0,
        "inconsistent_programs": 0,
        "worlds_consulted": 21168,
        "delp_calls": 3093
    }
}