{
    "status": {
        "~d_12": {
            "yes": 723245,
            "no": 0,
            "undecided": 0,
            "unknown": 0,
            "pyes": 0.04316838554671271,
            "pno": 0.0,
            "pundecided": 0.0,
            "punknown": 0.0,
            "time": 31384.82028579712,
            "delp_calls": 56,
            "percY": 16096085075.65,
            "percN": 0.0,
            "percU": 0.0,
            "percUNK": 0.0,
            "l": 0.04316838554671271,
            "u": 1.0
        },
        "a_8": {
            "yes": 431626,
            "no": 25237,
            "undecided": 264425,
            "unknown": 0,
            "pyes": 0.024580383863431584,
            "pno": 0.0039089847431933505,
            "pundecided": 0.014089598468872156,
            "punknown": 0.0,
            "time": 39710.03619503975,
            "delp_calls": 56,
            "percY": 9605996331.62,
            "percN": 561658772.69,
            "percU": 5884876212.25,
            "percUNK": 0.0,
            "l": 0.024580383863431584,
            "u": 0.9960910152568067
        },
        "~a_8": {
            "yes": 25648,
            "no": 437734,
            "undecided": 269396,
            "unknown": 0,
            "pyes": 0.0032402354495125025,
            "pno": 0.025668490311746728,
            "pundecided": 0.015575063173053197,
            "punknown": 0.0,
            "time": 48537.009905576706,
            "delp_calls": 56,
            "percY": 570805729.76,
            "percN": 9741932131.58,
            "percU": 5995507656.52,
            "percUNK": 0.0,
            "l": 0.0032402354495125025,
            "u": 0.9743315096882532
        }
    },
    "data": {
        "n_samples": 2225537,
        "time": 900.0005433559418,
        "repeated_worlds": 48226,
        "repeated_progs": 2225369,
        "unique_progs": 168,
        "delp_calls": 168
    }
}