{
    "status": {
        "a_12": {
            "yes": 2048,
            "no": 0,
            "undecided": 2048,
            "unknown": 0,
            "pyes": 0.9012020000000011,
            "pno": 0.0,
            "pundecided": 0.09879799999999977,
            "punknown": 0.0,
            "time": 164.84762501716614,
            "delp_calls": 4096,
            "percY": 383582760.96,
            "percN": 0.0,
            "percU": 383582760.96,
            "percUNK": 0.0,
            "l": 0.9012020000000011,
            "u": 1.0,
            "flag": "INTEREST"
        },
        "a_17": {
            "yes": 3072,
            "no": 1024,
            "undecided": 0,
            "unknown": 0,
            "pyes": 0.9987975203999998,
            "pno": 0.0012024795999999998,
            "pundecided": 0.0,
            "punknown": 0.0,
            "time": 167.15929794311523,
            "delp_calls": 4096,
            "percY": 575374141.44,
            "percN": 191791380.48,
            "percU": 0.0,
            "percUNK": 0.0,
            "l": 0.9987975203999998,
            "u": 0.9987975204,
            "flag": "INTEREST"
        }
    },
    "data": {
        "n_samples": 18729627,
        "time": 600.0000138282776,
        "repeated_worlds": 18721435,
        "repeated_progs": 18721435,
        "unique_progs": 8192,
        "delp_calls": 8192
    }
}