{
    "status": {
        "a_0": {
            "yes": 7952,
            "no": 0,
            "undecided": 0,
            "unknown": 4768,
            "pyes": 0.007424200890739028,
            "pno": 0.0,
            "pundecided": 0.0,
            "punknown": 0.0001553966249941382,
            "time": 539.3022692203522,
            "delp_calls": 6651,
            "percY": 2083503.52,
            "percN": 0.0,
            "percU": 0.0,
            "percUNK": 1249263.68,
            "l": 0.007424200890739028,
            "u": 1.0
        },
        "~a_6": {
            "yes": 4986,
            "no": 0,
            "undecided": 7672,
            "unknown": 243,
            "pyes": 0.07220713362728708,
            "pno": 0.0,
            "pundecided": 0.00253940222151277,
            "punknown": 0.0016992063781690796,
            "time": 547.3365430831909,
            "delp_calls": 6651,
            "percY": 1306381.86,
            "percN": 0.0,
            "percU": 2010140.72,
            "percUNK": 63668.43,
            "l": 0.07220713362728708,
            "u": 1.0
        }
    },
    "data": {
        "n_samples": 26201,
        "time": 600.0216414928436,
        "repeated_worlds": 580,
        "repeated_progs": 12899,
        "unique_progs": 13302,
        "delp_calls": 13302
    }
}