{
    "status": {
        "a_0": {
            "yes": 1260,
            "no": 0,
            "undecided": 0,
            "unknown": 1042,
            "pyes": 0.045445836050653395,
            "pno": 0.0,
            "pundecided": 0.0,
            "punknown": 0.0013416561088149034,
            "time": 96.01314234733582,
            "delp_calls": 2302,
            "percY": 59131.8,
            "percN": 0.0,
            "percU": 0.0,
            "percUNK": 48901.06,
            "l": 0.045445836050653395,
            "u": 1.0
        },
        "~a_6": {
            "yes": 759,
            "no": 0,
            "undecided": 1572,
            "unknown": 60,
            "pyes": 0.08235125905168864,
            "pno": 0.0,
            "pundecided": 0.011145394564252906,
            "punknown": 6.868740048965659e-05,
            "time": 99.28156924247742,
            "delp_calls": 2391,
            "percY": 35619.87,
            "percN": 0.0,
            "percU": 73773.96,
            "percUNK": 2815.8,
            "l": 0.08235125905168864,
            "u": 1.0
        }
    },
    "data": {
        "n_samples": 4693,
        "time": 600.4116458892822,
        "repeated_programs": 0,
        "inconsistent_programs": 0,
        "worlds_consulted": 58864,
        "delp_calls": 4693
    }
}