{
    "status": {
        "~d_56": {
            "yes": 4096,
            "no": 0,
            "undecided": 0,
            "unknown": 0,
            "pyes": 1.0000000000000004,
            "pno": 0.0,
            "pundecided": 0.0,
            "punknown": 0.0,
            "time": 166.7270107269287,
            "delp_calls": 3736,
            "percY": 412190556.16,
            "percN": 0.0,
            "percU": 0.0,
            "percUNK": 0.0,
            "l": 1.0000000000000004,
            "u": 1.0,
            "flag": "INTEREST"
        }
    },
    "data": {
        "n_samples": 10063246,
        "time": 300.00000643730164,
        "repeated_worlds": 10059150,
        "repeated_progs": 10059510,
        "unique_progs": 3736,
        "delp_calls": 3736
    }
}