{
    "status": {
        "~a_4": {
            "yes": 1669,
            "no": 0,
            "undecided": 0,
            "unknown": 1607,
            "pyes": 0.8065147388575513,
            "pno": 0.0,
            "pundecided": 0.0,
            "punknown": 0.12529511350354053,
            "time": 138.02472162246704,
            "delp_calls": 6364,
            "percY": 318311.68,
            "percN": 0.0,
            "percU": 0.0,
            "percUNK": 306487.04,
            "l": 0.8065147388575513,
            "u": 1.0,
            "flag": "INTEREST"
        },
        "a_6": {
            "yes": 1696,
            "no": 0,
            "undecided": 1564,
            "unknown": 53,
            "pyes": 0.8628533312826705,
            "pno": 0.0,
            "pundecided": 0.03327415633683063,
            "punknown": 0.035682364741590374,
            "time": 138.8883776664734,
            "delp_calls": 6407,
            "percY": 323461.12,
            "percN": 0.0,
            "percU": 298286.08,
            "percUNK": 10108.16,
            "l": 0.8628533312826705,
            "u": 1.0,
            "flag": "INTEREST"
        },
        "a_8": {
            "yes": 866,
            "no": 776,
            "undecided": 1571,
            "unknown": 36,
            "pyes": 0.06902826650261368,
            "pno": 0.7617109365126256,
            "pundecided": 0.03327415633683064,
            "punknown": 0.06779649300902171,
            "time": 139.37249112129211,
            "delp_calls": 6301,
            "percY": 165163.52,
            "percN": 147998.72,
            "percU": 299621.12,
            "percUNK": 6865.92,
            "l": 0.06902826650261368,
            "u": 0.23828906348737444,
            "flag": "INTEREST"
        }
    },
    "data": {
        "n_samples": 19072,
        "time": 900.0740284919739,
        "repeated_programs": 0,
        "inconsistent_programs": 9234,
        "worlds_consulted": 387,
        "delp_calls": 19072
    }
}