{
    "status": {
        "~a_4": {
            "yes": 131072,
            "no": 0,
            "undecided": 0,
            "unknown": 131072,
            "pyes": 0.8999999999999804,
            "pno": 0.0,
            "pundecided": 0.0,
            "punknown": 0.09999999999999817,
            "time": 10820.863037109375,
            "delp_calls": 256,
            "percY": 56356634624.0,
            "percN": 0.0,
            "percU": 0.0,
            "percUNK": 56356634624.0,
            "l": 0.8999999999999804,
            "u": 1.0,
            "flag": "INTEREST"
        },
        "a_6": {
            "yes": 131072,
            "no": 0,
            "undecided": 131072,
            "unknown": 0,
            "pyes": 0.9628647823999681,
            "pno": 0.0,
            "pundecided": 0.03713521759999811,
            "punknown": 0.0,
            "time": 11799.375732421875,
            "delp_calls": 256,
            "percY": 56356634624.0,
            "percN": 0.0,
            "percU": 56356634624.0,
            "percUNK": 0.0,
            "l": 0.9628647823999681,
            "u": 1.0,
            "flag": "INTEREST"
        },
        "a_8": {
            "yes": 49152,
            "no": 81920,
            "undecided": 131072,
            "unknown": 0,
            "pyes": 0.06942435075749527,
            "pno": 0.893440431642474,
            "pundecided": 0.03713521759999898,
            "punknown": 0.0,
            "time": 13074.423583984375,
            "delp_calls": 256,
            "percY": 21133737984.0,
            "percN": 35222896640.0,
            "percU": 56356634624.0,
            "percUNK": 0.0,
            "l": 0.06942435075749527,
            "u": 0.106559568357526,
            "flag": "INTEREST"
        }
    },
    "data": {
        "n_samples": 42996700,
        "time": 900.0000143051147,
        "repeated_worlds": 42210268,
        "repeated_progs": 42995932,
        "unique_progs": 768,
        "delp_calls": 768
    }
}