{
    "status": {
        "d_14": {
            "yes": 3943,
            "no": 0,
            "undecided": 0,
            "unknown": 0,
            "pyes": 1.0,
            "pno": 0.0,
            "pundecided": 0.0,
            "punknown": 0.0,
            "time": 185.2060399055481,
            "delp_calls": 3943,
            "percY": 457111.99,
            "percN": 0.0,
            "percU": 0.0,
            "percUNK": 0.0,
            "l": 1.0,
            "u": 1.0,
            "flag": "INTEREST"
        },
        "a_6": {
            "yes": 1923,
            "no": 0,
            "undecided": 1975,
            "unknown": 0,
            "pyes": 0.8677619500000004,
            "pno": 0.0,
            "pundecided": 0.13223804999999997,
            "punknown": 0.0,
            "time": 184.6490752696991,
            "delp_calls": 3898,
            "percY": 222933.39,
            "percN": 0.0,
            "percU": 228961.75,
            "percUNK": 0.0,
            "l": 0.8677619500000004,
            "u": 1.0,
            "flag": "INTEREST"
        },
        "~a_8": {
            "yes": 600,
            "no": 3152,
            "undecided": 0,
            "unknown": 0,
            "pyes": 0.08440854331864976,
            "pno": 0.9155914566813501,
            "pundecided": 0.0,
            "punknown": 0.0,
            "time": 185.41296577453613,
            "delp_calls": 3752,
            "percY": 69558.0,
            "percN": 365411.36,
            "percU": 0.0,
            "percUNK": 0.0,
            "l": 0.08440854331864976,
            "u": 0.08440854331864989,
            "flag": "INTEREST"
        }
    },
    "data": {
        "n_samples": 11593,
        "time": 900.1544444561005,
        "repeated_programs": 0,
        "inconsistent_programs": 0,
        "worlds_consulted": 24576,
        "delp_calls": 11593
    }
}