{
    "status": {
        "d_14": {
            "yes": 635629,
            "no": 0,
            "undecided": 0,
            "unknown": 0,
            "pyes": 0.03762392405190025,
            "pno": 0.0,
            "pundecided": 0.0,
            "punknown": 0.0,
            "time": 29493.13699746132,
            "delp_calls": 270,
            "percY": 12187410607.62,
            "percN": 0.0,
            "percU": 0.0,
            "percUNK": 0.0,
            "l": 0.03762392405190025,
            "u": 1.0
        },
        "a_6": {
            "yes": 471918,
            "no": 0,
            "undecided": 157171,
            "unknown": 0,
            "pyes": 0.0316350154577744,
            "pno": 0.0,
            "pundecided": 0.004960286715418313,
            "punknown": 0.0,
            "time": 34040.60725569725,
            "delp_calls": 270,
            "percY": 9048451910.04,
            "percN": 0.0,
            "percU": 3013562176.38,
            "percUNK": 0.0,
            "l": 0.0316350154577744,
            "u": 1.0
        },
        "~a_8": {
            "yes": 65161,
            "no": 551369,
            "undecided": 0,
            "unknown": 0,
            "pyes": 0.0032376952149343685,
            "pno": 0.03574378295681839,
            "pundecided": 0.0,
            "punknown": 0.0,
            "time": 39793.52613019943,
            "delp_calls": 270,
            "percY": 1249382678.58,
            "percN": 10571827904.82,
            "percU": 0.0,
            "percUNK": 0.0,
            "l": 0.0032376952149343685,
            "u": 0.9642562170431817
        }
    },
    "data": {
        "n_samples": 1917378,
        "time": 900.0009324550629,
        "repeated_worlds": 36130,
        "repeated_progs": 1916568,
        "unique_progs": 810,
        "delp_calls": 810
    }
}