{
    "status": {
        "~d_12": {
            "yes": 295,
            "no": 0,
            "undecided": 262,
            "unknown": 0,
            "pyes": 0.2089866575352842,
            "pno": 0.0,
            "pundecided": 0.026952602351231918,
            "punknown": 0.0,
            "time": 25.815418243408203,
            "delp_calls": 1083,
            "percY": 3194.85,
            "percN": 0.0,
            "percU": 2837.46,
            "percUNK": 0.0,
            "l": 0.2089866575352842,
            "u": 1.0
        }
    },
    "data": {
        "n_samples": 1083,
        "time": 60.02058434486389,
        "repeated_programs": 0,
        "inconsistent_programs": 526,
        "worlds_consulted": 433,
        "delp_calls": 1083
    }
}