{
    "status": {
        "a_2": {
            "yes": 72,
            "no": 0,
            "undecided": 0,
            "unknown": 0,
            "pyes": 0.7329336414305697,
            "pno": 0.0,
            "pundecided": 0.0,
            "punknown": 0.0,
            "time": 3.338221788406372,
            "delp_calls": 83,
            "percY": 59.76,
            "percN": 0.0,
            "percU": 0.0,
            "percUNK": 0.0,
            "l": 0.7329336414305697,
            "u": 1.0,
            "flag": "INTEREST"
        }
    },
    "data": {
        "n_samples": 83,
        "time": 61.13696336746216,
        "repeated_programs": 0,
        "inconsistent_programs": 11,
        "worlds_consulted": 11040,
        "delp_calls": 83
    }
}