{
    "status": {
        "a_4": {
            "yes": 823,
            "no": 0,
            "undecided": 470,
            "unknown": 16,
            "pyes": 0.7685796702134906,
            "pno": 0.0,
            "pundecided": 0.002385631442599159,
            "punknown": 9.035701853637513e-07,
            "time": 51.112406969070435,
            "delp_calls": 1309,
            "percY": 21570.83,
            "percN": 0.0,
            "percU": 12318.7,
            "percUNK": 419.36,
            "l": 0.7685796702134906,
            "u": 1.0,
            "flag": "INTEREST"
        },
        "a_12": {
            "yes": 440,
            "no": 0,
            "undecided": 867,
            "unknown": 5,
            "pyes": 0.0798513873372618,
            "pno": 0.0,
            "pundecided": 0.02577587374419729,
            "punknown": 7.952330134082304e-08,
            "time": 51.01739192008972,
            "delp_calls": 1312,
            "percY": 11532.4,
            "percN": 0.0,
            "percU": 22724.07,
            "percUNK": 131.05,
            "l": 0.0798513873372618,
            "u": 1.0
        }
    },
    "data": {
        "n_samples": 2621,
        "time": 600.3254237174988,
        "repeated_programs": 0,
        "inconsistent_programs": 0,
        "worlds_consulted": 2251,
        "delp_calls": 2621
    }
}