{
    "status": {
        "a_0": {
            "yes": 4954,
            "no": 0,
            "undecided": 0,
            "unknown": 0,
            "pyes": 1.0,
            "pno": 0.0,
            "pundecided": 0.0,
            "punknown": 0.0,
            "time": 259.6420736312866,
            "delp_calls": 4954,
            "percY": 779610.98,
            "percN": 0.0,
            "percU": 0.0,
            "percUNK": 0.0,
            "l": 1.0,
            "u": 1.0,
            "flag": "INTEREST"
        },
        "a_6": {
            "yes": 3566,
            "no": 0,
            "undecided": 1532,
            "unknown": 0,
            "pyes": 0.9712,
            "pno": 0.0,
            "pundecided": 0.028800000000000006,
            "punknown": 0.0,
            "time": 258.8234293460846,
            "delp_calls": 5098,
            "percY": 561181.42,
            "percN": 0.0,
            "percU": 241090.84,
            "percUNK": 0.0,
            "l": 0.9712,
            "u": 1.0,
            "flag": "INTEREST"
        },
        "a_7": {
            "yes": 3910,
            "no": 0,
            "undecided": 1775,
            "unknown": 0,
            "pyes": 0.9712000000000002,
            "pno": 0.0,
            "pundecided": 0.0288,
            "punknown": 0.0,
            "time": 256.87426924705505,
            "delp_calls": 5685,
            "percY": 615316.7,
            "percN": 0.0,
            "percU": 279331.75,
            "percUNK": 0.0,
            "l": 0.9712000000000002,
            "u": 1.0,
            "flag": "INTEREST"
        }
    },
    "data": {
        "n_samples": 15737,
        "time": 900.0317900180817,
        "repeated_programs": 0,
        "inconsistent_programs": 0,
        "worlds_consulted": 3072,
        "delp_calls": 15737
    }
}