{
    "status": {
        "a_0": {
            "yes": 4096,
            "no": 0,
            "undecided": 0,
            "unknown": 0,
            "pyes": 0.9999999999999997,
            "pno": 0.0,
            "pundecided": 0.0,
            "punknown": 0.0,
            "time": 210.44515800476074,
            "delp_calls": 116,
            "percY": 2076636856.32,
            "percN": 0.0,
            "percU": 0.0,
            "percUNK": 0.0,
            "l": 0.9999999999999997,
            "u": 1.0,
            "flag": "INTEREST"
        },
        "a_6": {
            "yes": 3072,
            "no": 0,
            "undecided": 1024,
            "unknown": 0,
            "pyes": 0.9711999999999998,
            "pno": 0.0,
            "pundecided": 0.028800000000000023,
            "punknown": 0.0,
            "time": 213.67263793945312,
            "delp_calls": 116,
            "percY": 1557477642.24,
            "percN": 0.0,
            "percU": 519159214.08,
            "percUNK": 0.0,
            "l": 0.9711999999999998,
            "u": 1.0,
            "flag": "INTEREST"
        },
        "a_7": {
            "yes": 3072,
            "no": 0,
            "undecided": 1024,
            "unknown": 0,
            "pyes": 0.9711999999999994,
            "pno": 0.0,
            "pundecided": 0.028799999999999975,
            "punknown": 0.0,
            "time": 225.93429946899414,
            "delp_calls": 116,
            "percY": 1557477642.24,
            "percN": 0.0,
            "percU": 519159214.08,
            "percUNK": 0.0,
            "l": 0.9711999999999994,
            "u": 1.0,
            "flag": "INTEREST"
        }
    },
    "data": {
        "n_samples": 50699142,
        "time": 900.0000219345093,
        "repeated_worlds": 50686854,
        "repeated_progs": 50698794,
        "unique_progs": 348,
        "delp_calls": 348
    }
}