{
    "status": {
        "d_59": {
            "yes": 3584,
            "no": 0,
            "undecided": 448,
            "unknown": 64,
            "pyes": 0.9916914808541432,
            "pno": 0.0,
            "pundecided": 0.008277312867479993,
            "punknown": 3.1206278376e-05,
            "time": 164.56047010421753,
            "delp_calls": 4096,
            "percY": 334099297.28,
            "percN": 0.0,
            "percU": 41762412.16,
            "percUNK": 5966058.88,
            "l": 0.9916914808541432,
            "u": 1.0,
            "flag": "INTEREST"
        }
    },
    "data": {
        "n_samples": 9321967,
        "time": 300.00001096725464,
        "repeated_worlds": 9317871,
        "repeated_progs": 9317871,
        "unique_progs": 4096,
        "delp_calls": 4096
    }
}