{
    "status": {
        "d_14": {
            "yes": 8592,
            "no": 0,
            "undecided": 4715,
            "unknown": 482,
            "pyes": 0.01051247530596333,
            "pno": 0.0,
            "pundecided": 0.0003722260206662409,
            "punknown": 6.60581253274312e-07,
            "time": 561.9360001087189,
            "delp_calls": 6912,
            "percY": 2420022.72,
            "percN": 0.0,
            "percU": 1328026.9,
            "percUNK": 135760.12,
            "l": 0.01051247530596333,
            "u": 1.0
        },
        "~a_8": {
            "yes": 497,
            "no": 7958,
            "undecided": 5188,
            "unknown": 0,
            "pyes": 2.611694553799782e-10,
            "pno": 0.0053773601638014935,
            "pundecided": 0.008631727563035086,
            "punknown": 0.0,
            "time": 558.8757131099701,
            "delp_calls": 6877,
            "percY": 139985.02,
            "percN": 2241450.28,
            "percU": 1461252.08,
            "percUNK": 0.0,
            "l": 2.611694553799782e-10,
            "u": 0.9946226398361985
        }
    },
    "data": {
        "n_samples": 28166,
        "time": 600.0227193832397,
        "repeated_worlds": 734,
        "repeated_progs": 14377,
        "unique_progs": 13789,
        "delp_calls": 13789
    }
}