{
    "status": {
        "~d_35": {
            "yes": 205,
            "no": 0,
            "undecided": 872,
            "unknown": 572,
            "pyes": 0.04452758117997598,
            "pno": 0.0,
            "pundecided": 0.06985340906711023,
            "punknown": 0.06043260025691402,
            "time": 64.16890358924866,
            "delp_calls": 1649,
            "percY": 10098.3,
            "percN": 0.0,
            "percU": 42954.72,
            "percUNK": 28176.72,
            "l": 0.04452758117997598,
            "u": 1.0
        },
        "~a_13": {
            "yes": 190,
            "no": 0,
            "undecided": 1299,
            "unknown": 150,
            "pyes": 0.01180272165305975,
            "pno": 0.0,
            "pundecided": 0.0898601556553421,
            "punknown": 0.0001575809813778939,
            "time": 63.81085562705994,
            "delp_calls": 1639,
            "percY": 9359.4,
            "percN": 0.0,
            "percU": 63988.74,
            "percUNK": 7389.0,
            "l": 0.01180272165305975,
            "u": 1.0
        },
        "a_17": {
            "yes": 0,
            "no": 205,
            "undecided": 1431,
            "unknown": 2,
            "pyes": 0.0,
            "pno": 0.028044980424520173,
            "pundecided": 0.15469825297004713,
            "punknown": 4.214447677439999e-10,
            "time": 64.27410531044006,
            "delp_calls": 1638,
            "percY": 0.0,
            "percN": 10098.3,
            "percU": 70491.06,
            "percUNK": 98.52,
            "l": 0.0,
            "u": 0.9719550195754798
        }
    },
    "data": {
        "n_samples": 4926,
        "time": 900.308132648468,
        "repeated_programs": 0,
        "inconsistent_programs": 0,
        "worlds_consulted": 4100,
        "delp_calls": 4926
    }
}