{
    "status": {
        "d_27": {
            "yes": 1128,
            "no": 0,
            "undecided": 1150,
            "unknown": 0,
            "pyes": 0.7135424308853154,
            "pno": 0.0,
            "pundecided": 0.012681518902920694,
            "punknown": 0.0,
            "time": 91.6300961971283,
            "delp_calls": 4650,
            "percY": 52452.0,
            "percN": 0.0,
            "percU": 53475.0,
            "percUNK": 0.0,
            "l": 0.7135424308853154,
            "u": 1.0,
            "flag": "INTEREST"
        }
    },
    "data": {
        "n_samples": 4650,
        "time": 300.0287435054779,
        "repeated_programs": 0,
        "inconsistent_programs": 2372,
        "worlds_consulted": 1385,
        "delp_calls": 4650
    }
}