{
    "status": {
        "a_18": {
            "yes": 38,
            "no": 7,
            "undecided": 87,
            "unknown": 0,
            "pyes": 0.001141482484490101,
            "pno": 5.963444936193065e-06,
            "pundecided": 0.01753462178418573,
            "punknown": 0.0,
            "time": 6.314704895019531,
            "delp_calls": 132,
            "percY": 50.16,
            "percN": 9.24,
            "percU": 114.84,
            "percUNK": 0.0,
            "l": 0.001141482484490101,
            "u": 0.9999940365550638
        }
    },
    "data": {
        "n_samples": 132,
        "time": 60.426811933517456,
        "repeated_programs": 0,
        "inconsistent_programs": 0,
        "worlds_consulted": 129,
        "delp_calls": 132
    }
}