{
    "status": {
        "~d_14": {
            "yes": 1616,
            "no": 0,
            "undecided": 1757,
            "unknown": 0,
            "pyes": 0.26056435908004943,
            "pno": 0.0,
            "pundecided": 0.16467870116312058,
            "punknown": 0.0,
            "time": 145.17797207832336,
            "delp_calls": 6359,
            "percY": 102761.44,
            "percN": 0.0,
            "percU": 111727.63,
            "percUNK": 0.0,
            "l": 0.26056435908004943,
            "u": 1.0
        }
    },
    "data": {
        "n_samples": 6359,
        "time": 300.0119152069092,
        "repeated_programs": 0,
        "inconsistent_programs": 2986,
        "worlds_consulted": 64,
        "delp_calls": 6359
    }
}