{
    "status": {
        "d_47": {
            "yes": 3538,
            "no": 0,
            "undecided": 0,
            "unknown": 0,
            "pyes": 0.1949178561197523,
            "pno": 0.0,
            "pundecided": 0.0,
            "punknown": 0.0,
            "time": 143.015141248703,
            "delp_calls": 3538,
            "percY": 356205.84,
            "percN": 0.0,
            "percU": 0.0,
            "percUNK": 0.0,
            "l": 0.1949178561197523,
            "u": 1.0
        },
        "a_11": {
            "yes": 3549,
            "no": 0,
            "undecided": 0,
            "unknown": 0,
            "pyes": 0.8665097334309508,
            "pno": 0.0,
            "pundecided": 0.0,
            "punknown": 0.0,
            "time": 142.9504656791687,
            "delp_calls": 3549,
            "percY": 357313.32,
            "percN": 0.0,
            "percU": 0.0,
            "percUNK": 0.0,
            "l": 0.8665097334309508,
            "u": 1.0,
            "flag": "INTEREST"
        },
        "a_17": {
            "yes": 2981,
            "no": 0,
            "undecided": 0,
            "unknown": 0,
            "pyes": 0.8801706800430847,
            "pno": 0.0,
            "pundecided": 0.0,
            "punknown": 0.0,
            "time": 167.08263230323792,
            "delp_calls": 2981,
            "percY": 300127.08,
            "percN": 0.0,
            "percU": 0.0,
            "percUNK": 0.0,
            "l": 0.8801706800430847,
            "u": 1.0,
            "flag": "INTEREST"
        }
    },
    "data": {
        "n_samples": 10068,
        "time": 900.1323008537292,
        "repeated_programs": 0,
        "inconsistent_programs": 0,
        "worlds_consulted": 7610,
        "delp_calls": 10068
    }
}