{
    "status": {
        "~d_10": {
            "yes": 1361,
            "no": 0,
            "undecided": 0,
            "unknown": 0,
            "pyes": 0.21501797140327022,
            "pno": 0.0,
            "pundecided": 0.0,
            "punknown": 0.0,
            "time": 55.31215691566467,
            "delp_calls": 2104,
            "percY": 28635.44,
            "percN": 0.0,
            "percU": 0.0,
            "percUNK": 0.0,
            "l": 0.21501797140327022,
            "u": 1.0
        }
    },
    "data": {
        "n_samples": 2104,
        "time": 302.946382522583,
        "repeated_programs": 0,
        "inconsistent_programs": 743,
        "worlds_consulted": 24498,
        "delp_calls": 2104
    }
}