{
    "status": {
        "~a_7": {
            "yes": 88,
            "no": 561,
            "undecided": 175,
            "unknown": 74,
            "pyes": 0.0016073026706723557,
            "pno": 0.15751822417125427,
            "pundecided": 0.07932702302743339,
            "punknown": 0.006013314154247128,
            "time": 37.286781311035156,
            "delp_calls": 898,
            "percY": 790.24,
            "percN": 5037.78,
            "percU": 1571.5,
            "percUNK": 664.52,
            "l": 0.0016073026706723557,
            "u": 0.8424817758287457
        }
    },
    "data": {
        "n_samples": 898,
        "time": 60.01355004310608,
        "repeated_programs": 0,
        "inconsistent_programs": 0,
        "worlds_consulted": 2010,
        "delp_calls": 898
    }
}