{
    "status": {
        "~d_9": {
            "yes": 1302,
            "no": 0,
            "undecided": 1426,
            "unknown": 25,
            "pyes": 0.018960292502424283,
            "pno": 0.0,
            "pundecided": 0.005128880437638975,
            "punknown": 2.426306139878326e-10,
            "time": 113.097247838974,
            "delp_calls": 2753,
            "percY": 35844.06,
            "percN": 0.0,
            "percU": 39257.78,
            "percUNK": 688.25,
            "l": 0.018960292502424283,
            "u": 1.0
        }
    },
    "data": {
        "n_samples": 2753,
        "time": 300.0152418613434,
        "repeated_programs": 0,
        "inconsistent_programs": 0,
        "worlds_consulted": 24583,
        "delp_calls": 2753
    }
}