{
    "status": {
        "d_62": {
            "yes": 1683,
            "no": 0,
            "undecided": 5130,
            "unknown": 0,
            "pyes": 0.002533031134412957,
            "pno": 0.0,
            "pundecided": 0.0015038121920902974,
            "punknown": 0.0,
            "time": 291.03735613822937,
            "delp_calls": 6627,
            "percY": 341682.66,
            "percN": 0.0,
            "percU": 1041492.6,
            "percUNK": 0.0,
            "l": 0.002533031134412957,
            "u": 1.0
        },
        "~a_15": {
            "yes": 5441,
            "no": 1223,
            "undecided": 0,
            "unknown": 0,
            "pyes": 0.002119255445123785,
            "pno": 0.0003688639676830743,
            "pundecided": 0.0,
            "punknown": 0.0,
            "time": 290.1645510196686,
            "delp_calls": 6512,
            "percY": 1104631.82,
            "percN": 248293.46,
            "percU": 0.0,
            "percUNK": 0.0,
            "l": 0.002119255445123785,
            "u": 0.9996311360323169
        },
        "a_20": {
            "yes": 6388,
            "no": 221,
            "undecided": 0,
            "unknown": 0,
            "pyes": 0.003175903036349348,
            "pno": 1.586829164459376e-05,
            "pundecided": 0.0,
            "punknown": 0.0,
            "time": 291.1799190044403,
            "delp_calls": 6438,
            "percY": 1296891.76,
            "percN": 44867.42,
            "percU": 0.0,
            "percUNK": 0.0,
            "l": 0.003175903036349348,
            "u": 0.9999841317083554
        }
    },
    "data": {
        "n_samples": 20302,
        "time": 900.0740060806274,
        "repeated_worlds": 216,
        "repeated_progs": 725,
        "unique_progs": 19577,
        "delp_calls": 19577
    }
}