{
    "status": {
        "~a_4": {
            "yes": 326,
            "no": 0,
            "undecided": 0,
            "unknown": 287,
            "pyes": 0.0029920236444450567,
            "pno": 0.0,
            "pundecided": 0.0,
            "punknown": 0.0010097871581440738,
            "time": 29.813868045806885,
            "delp_calls": 613,
            "percY": 5874.52,
            "percN": 0.0,
            "percU": 0.0,
            "percUNK": 5171.74,
            "l": 0.0029920236444450567,
            "u": 1.0
        },
        "~a_7": {
            "yes": 124,
            "no": 125,
            "undecided": 351,
            "unknown": 11,
            "pyes": 0.001997188198960467,
            "pno": 0.00020143383124422484,
            "pundecided": 0.00016375058834538345,
            "punknown": 5.222666430942048e-10,
            "time": 29.35342502593994,
            "delp_calls": 611,
            "percY": 2234.48,
            "percN": 2252.5,
            "percU": 6325.02,
            "percUNK": 198.22,
            "l": 0.001997188198960467,
            "u": 0.9997985661687557
        },
        "~a_8": {
            "yes": 71,
            "no": 81,
            "undecided": 413,
            "unknown": 13,
            "pyes": 9.527982206993016e-05,
            "pno": 0.0004322430684282773,
            "pundecided": 3.4912555021078624e-05,
            "punknown": 6.2318113890982685e-09,
            "time": 28.69570517539978,
            "delp_calls": 578,
            "percY": 1279.42,
            "percN": 1459.62,
            "percU": 7442.26,
            "percUNK": 234.26,
            "l": 9.527982206993016e-05,
            "u": 0.9995677569315717
        }
    },
    "data": {
        "n_samples": 1802,
        "time": 180.11879706382751,
        "repeated_programs": 0,
        "inconsistent_programs": 0,
        "worlds_consulted": 11567,
        "delp_calls": 1802
    }
}