{
    "status": {
        "d_10": {
            "yes": 6843,
            "no": 0,
            "undecided": 0,
            "unknown": 0,
            "pyes": 0.9999999999999999,
            "pno": 0.0,
            "pundecided": 0.0,
            "punknown": 0.0,
            "time": 251.17522382736206,
            "delp_calls": 6843,
            "percY": 918535.89,
            "percN": 0.0,
            "percU": 0.0,
            "percUNK": 0.0,
            "l": 0.9999999999999999,
            "u": 1.0,
            "flag": "INTEREST"
        },
        "a_7": {
            "yes": 1400,
            "no": 751,
            "undecided": 4429,
            "unknown": 0,
            "pyes": 0.7955898441114094,
            "pno": 0.0,
            "pundecided": 0.20441015588859032,
            "punknown": 0.0,
            "time": 252.3272955417633,
            "delp_calls": 6580,
            "percY": 187922.0,
            "percN": 100806.73,
            "percU": 594504.67,
            "percUNK": 0.0,
            "l": 0.7955898441114094,
            "u": 1.0,
            "flag": "INTEREST"
        }
    },
    "data": {
        "n_samples": 13423,
        "time": 600.0213623046875,
        "repeated_programs": 0,
        "inconsistent_programs": 0,
        "worlds_consulted": 4096,
        "delp_calls": 13423
    }
}