{
    "status": {
        "a_2": {
            "yes": 131072,
            "no": 0,
            "undecided": 0,
            "unknown": 131072,
            "pyes": 0.9520559999999699,
            "pno": 0.0,
            "pundecided": 0.0,
            "punknown": 0.047943999999997315,
            "time": 10599.46484375,
            "delp_calls": 1024,
            "percY": 47893222522.88,
            "percN": 0.0,
            "percU": 0.0,
            "percUNK": 47893222522.88,
            "l": 0.9520559999999699,
            "u": 1.0,
            "flag": "INTEREST"
        },
        "a_5": {
            "yes": 98304,
            "no": 0,
            "undecided": 163840,
            "unknown": 0,
            "pyes": 0.7975665544342242,
            "pno": 0.0,
            "pundecided": 0.20243344556573606,
            "punknown": 0.0,
            "time": 11783.116455078125,
            "delp_calls": 1024,
            "percY": 35919916892.16,
            "percN": 0.0,
            "percU": 59866528153.6,
            "percUNK": 0.0,
            "l": 0.7975665544342242,
            "u": 1.0,
            "flag": "INTEREST"
        },
        "a_9": {
            "yes": 98304,
            "no": 32768,
            "undecided": 131072,
            "unknown": 0,
            "pyes": 0.7975665544341902,
            "pno": 0.0017333057257527703,
            "pundecided": 0.2007001398399902,
            "punknown": 0.0,
            "time": 12990.371459960938,
            "delp_calls": 1024,
            "percY": 35919916892.16,
            "percN": 11973305630.72,
            "percU": 47893222522.88,
            "percUNK": 0.0,
            "l": 0.7975665544341902,
            "u": 0.9982666942742472,
            "flag": "INTEREST"
        }
    },
    "data": {
        "n_samples": 36539629,
        "time": 900.000022649765,
        "repeated_worlds": 35753197,
        "repeated_progs": 36536557,
        "unique_progs": 3072,
        "delp_calls": 3072
    }
}