{
    "status": {
        "a_2": {
            "yes": 2667,
            "no": 0,
            "undecided": 0,
            "unknown": 2035,
            "pyes": 0.03770141759999999,
            "pno": 0.0,
            "pundecided": 0.0,
            "punknown": 0.0018985824000000006,
            "time": 205.33326411247253,
            "delp_calls": 6213,
            "percY": 496355.37,
            "percN": 0.0,
            "percU": 0.0,
            "percUNK": 378733.85,
            "l": 0.03770141759999999,
            "u": 1.0
        },
        "a_5": {
            "yes": 1711,
            "no": 0,
            "undecided": 2974,
            "unknown": 0,
            "pyes": 0.03156840951556971,
            "pno": 0.0,
            "pundecided": 0.00803012169423284,
            "punknown": 0.0,
            "time": 203.33008790016174,
            "delp_calls": 6262,
            "percY": 318434.21,
            "percN": 0.0,
            "percU": 553491.14,
            "percUNK": 0.0,
            "l": 0.03156840951556971,
            "u": 1.0
        },
        "a_9": {
            "yes": 1690,
            "no": 635,
            "undecided": 2261,
            "unknown": 0,
            "pyes": 0.03156058703710893,
            "pno": 9.168742522707869e-05,
            "pundecided": 0.007945476266597704,
            "punknown": 0.0,
            "time": 202.79001259803772,
            "delp_calls": 6136,
            "percY": 314525.9,
            "percN": 118179.85,
            "percU": 420794.71,
            "percUNK": 0.0,
            "l": 0.03156058703710893,
            "u": 0.999908312574773
        }
    },
    "data": {
        "n_samples": 18611,
        "time": 900.0607976913452,
        "repeated_programs": 0,
        "inconsistent_programs": 4638,
        "worlds_consulted": 1534,
        "delp_calls": 18611
    }
}