{
    "status": {
        "~a_3": {
            "yes": 4096,
            "no": 0,
            "undecided": 0,
            "unknown": 0,
            "pyes": 1.0000000000000013,
            "pno": 0.0,
            "pundecided": 0.0,
            "punknown": 0.0,
            "time": 201.60031700134277,
            "delp_calls": 152,
            "percY": 405891645.44,
            "percN": 0.0,
            "percU": 0.0,
            "percUNK": 0.0,
            "l": 1.0000000000000013,
            "u": 1.0,
            "flag": "INTEREST"
        },
        "a_7": {
            "yes": 1472,
            "no": 1600,
            "undecided": 1024,
            "unknown": 0,
            "pyes": 0.08676186924793071,
            "pno": 0.8387544907520684,
            "pundecided": 0.07448363999999996,
            "punknown": 0.0,
            "time": 196.21378421783447,
            "delp_calls": 152,
            "percY": 145867310.08,
            "percN": 158551424.0,
            "percU": 101472911.36,
            "percUNK": 0.0,
            "l": 0.08676186924793071,
            "u": 0.16124550924793157,
            "flag": "INTEREST"
        },
        "a_8": {
            "yes": 0,
            "no": 3072,
            "undecided": 1024,
            "unknown": 0,
            "pyes": 0.0,
            "pno": 0.9255163600000001,
            "pundecided": 0.07448364000000003,
            "punknown": 0.0,
            "time": 188.2828140258789,
            "delp_calls": 152,
            "percY": 0.0,
            "percN": 304418734.08,
            "percU": 101472911.36,
            "percUNK": 0.0,
            "l": 0.0,
            "u": 0.07448363999999985,
            "flag": "INTEREST"
        }
    },
    "data": {
        "n_samples": 9909464,
        "time": 180.00002312660217,
        "repeated_worlds": 9897176,
        "repeated_progs": 9909008,
        "unique_progs": 456,
        "delp_calls": 456
    }
}