{
    "status": {
        "d_63": {
            "yes": 2048,
            "no": 0,
            "undecided": 2048,
            "unknown": 0,
            "pyes": 0.9352999999999981,
            "pno": 0.0,
            "pundecided": 0.06470000000000001,
            "punknown": 0.0,
            "time": 168.80265998840332,
            "delp_calls": 4096,
            "percY": 192100433.92,
            "percN": 0.0,
            "percU": 192100433.92,
            "percUNK": 0.0,
            "l": 0.9352999999999981,
            "u": 1.0,
            "flag": "INTEREST"
        }
    },
    "data": {
        "n_samples": 9379904,
        "time": 300.0000102519989,
        "repeated_worlds": 9375808,
        "repeated_progs": 9375808,
        "unique_progs": 4096,
        "delp_calls": 4096
    }
}