{
    "status": {
        "a_6": {
            "yes": 466910,
            "no": 0,
            "undecided": 155663,
            "unknown": 0,
            "pyes": 0.032268706930381426,
            "pno": 0.0,
            "pundecided": 0.005219038347407982,
            "punknown": 0.0,
            "time": 24049.038911104202,
            "delp_calls": 432,
            "percY": 5863960042.8,
            "percN": 0.0,
            "percU": 1954984070.04,
            "percUNK": 0.0,
            "l": 0.032268706930381426,
            "u": 1.0
        },
        "~a_7": {
            "yes": 371778,
            "no": 21342,
            "undecided": 217186,
            "unknown": 0,
            "pyes": 0.02945049370239225,
            "pno": 0.0005134263448946653,
            "pundecided": 0.0066714331084591055,
            "punknown": 0.0,
            "time": 31848.24663567543,
            "delp_calls": 432,
            "percY": 4669189644.24,
            "percN": 268035885.36,
            "percU": 2727656348.88,
            "percUNK": 0.0,
            "l": 0.02945049370239225,
            "u": 0.9994865736551053
        }
    },
    "data": {
        "n_samples": 1255908,
        "time": 600.0003354549408,
        "repeated_worlds": 23029,
        "repeated_progs": 1255044,
        "unique_progs": 864,
        "delp_calls": 864
    }
}