{
    "status": {
        "~a_2": {
            "yes": 8768,
            "no": 0,
            "undecided": 0,
            "unknown": 1265,
            "pyes": 0.00701626804746005,
            "pno": 0.0,
            "pundecided": 0.0,
            "punknown": 5.89976501032212e-06,
            "time": 423.99387979507446,
            "delp_calls": 6712,
            "percY": 2677571.84,
            "percN": 0.0,
            "percU": 0.0,
            "percUNK": 386305.7,
            "l": 0.00701626804746005,
            "u": 1.0
        },
        "~a_5": {
            "yes": 4454,
            "no": 0,
            "undecided": 5496,
            "unknown": 90,
            "pyes": 0.004598451234395827,
            "pno": 0.0,
            "pundecided": 0.0020548913054400696,
            "punknown": 5.198997687652045e-06,
            "time": 424.26484084129333,
            "delp_calls": 6719,
            "percY": 1360162.52,
            "percN": 0.0,
            "percU": 1678368.48,
            "percUNK": 27484.2,
            "l": 0.004598451234395827,
            "u": 1.0
        },
        "a_8": {
            "yes": 2568,
            "no": 2576,
            "undecided": 4773,
            "unknown": 0,
            "pyes": 0.014794046617487866,
            "pno": 0.00029974681433609713,
            "pundecided": 0.00044482125436541814,
            "punknown": 0.0,
            "time": 423.23097229003906,
            "delp_calls": 6657,
            "percY": 784215.84,
            "percN": 786658.88,
            "percU": 1457578.74,
            "percUNK": 0.0,
            "l": 0.014794046617487866,
            "u": 0.9997002531856639
        }
    },
    "data": {
        "n_samples": 30538,
        "time": 900.0720944404602,
        "repeated_worlds": 548,
        "repeated_progs": 10450,
        "unique_progs": 20088,
        "delp_calls": 20088
    }
}