{
    "status": {
        "a_7": {
            "yes": 271,
            "no": 155,
            "undecided": 193,
            "unknown": 0,
            "pyes": 0.30437376235672214,
            "pno": 0.15576961220143937,
            "pundecided": 0.007837069262732328,
            "punknown": 0.0,
            "time": 31.2681782245636,
            "delp_calls": 619,
            "percY": 1677.49,
            "percN": 959.45,
            "percU": 1194.67,
            "percUNK": 0.0,
            "l": 0.30437376235672214,
            "u": 0.8442303877985606
        }
    },
    "data": {
        "n_samples": 619,
        "time": 60.05051922798157,
        "repeated_programs": 0,
        "inconsistent_programs": 0,
        "worlds_consulted": 7276,
        "delp_calls": 619
    }
}