{
    "status": {
        "a_3": {
            "yes": 312,
            "no": 0,
            "undecided": 0,
            "unknown": 301,
            "pyes": 0.0628574521973286,
            "pno": 0.0,
            "pundecided": 0.0,
            "punknown": 0.062131313988478064,
            "time": 27.06387448310852,
            "delp_calls": 1147,
            "percY": 3578.64,
            "percN": 0.0,
            "percU": 0.0,
            "percUNK": 3452.47,
            "l": 0.0628574521973286,
            "u": 1.0
        }
    },
    "data": {
        "n_samples": 1147,
        "time": 60.03157591819763,
        "repeated_programs": 0,
        "inconsistent_programs": 534,
        "worlds_consulted": 472,
        "delp_calls": 1147
    }
}