{
    "status": {
        "a_1": {
            "yes": 262144,
            "no": 0,
            "undecided": 0,
            "unknown": 0,
            "pyes": 0.9999999999999716,
            "pno": 0.0,
            "pundecided": 0.0,
            "punknown": 0.0,
            "time": 15686.394348144531,
            "delp_calls": 195,
            "percY": 24196693360.64,
            "percN": 0.0,
            "percU": 0.0,
            "percUNK": 0.0,
            "l": 0.9999999999999716,
            "u": 1.0,
            "flag": "INTEREST"
        }
    },
    "data": {
        "n_samples": 9230306,
        "time": 300.00001311302185,
        "repeated_worlds": 8968162,
        "repeated_progs": 9230111,
        "unique_progs": 195,
        "delp_calls": 195
    }
}