{
    "status": {
        "d_61": {
            "yes": 415,
            "no": 0,
            "undecided": 145,
            "unknown": 0,
            "pyes": 0.056327112120453944,
            "pno": 0.0,
            "pundecided": 0.0006029879492556075,
            "punknown": 0.0,
            "time": 26.91300129890442,
            "delp_calls": 560,
            "percY": 2324.0,
            "percN": 0.0,
            "percU": 812.0,
            "percUNK": 0.0,
            "l": 0.056327112120453944,
            "u": 1.0
        }
    },
    "data": {
        "n_samples": 560,
        "time": 60.08861327171326,
        "repeated_programs": 0,
        "inconsistent_programs": 0,
        "worlds_consulted": 519,
        "delp_calls": 560
    }
}