{
    "status": {
        "~d_10": {
            "yes": 4096,
            "no": 0,
            "undecided": 0,
            "unknown": 0,
            "pyes": 0.999999999999999,
            "pno": 0.0,
            "pundecided": 0.0,
            "punknown": 0.0,
            "time": 220.79397583007812,
            "delp_calls": 131,
            "percY": 2076301967.36,
            "percN": 0.0,
            "percU": 0.0,
            "percUNK": 0.0,
            "l": 0.999999999999999,
            "u": 1.0,
            "flag": "INTEREST"
        },
        "a_5": {
            "yes": 4096,
            "no": 0,
            "undecided": 0,
            "unknown": 0,
            "pyes": 0.9999999999999992,
            "pno": 0.0,
            "pundecided": 0.0,
            "punknown": 0.0,
            "time": 218.98957633972168,
            "delp_calls": 131,
            "percY": 2076301967.36,
            "percN": 0.0,
            "percU": 0.0,
            "percUNK": 0.0,
            "l": 0.9999999999999992,
            "u": 1.0,
            "flag": "INTEREST"
        },
        "a_8": {
            "yes": 3328,
            "no": 768,
            "undecided": 0,
            "unknown": 0,
            "pyes": 0.945077315600001,
            "pno": 0.054922684399999984,
            "pundecided": 0.0,
            "punknown": 0.0,
            "time": 224.1634750366211,
            "delp_calls": 131,
            "percY": 1686995348.48,
            "percN": 389306618.88,
            "percU": 0.0,
            "percUNK": 0.0,
            "l": 0.945077315600001,
            "u": 0.9450773156,
            "flag": "INTEREST"
        }
    },
    "data": {
        "n_samples": 50690966,
        "time": 900.0000302791595,
        "repeated_worlds": 50678678,
        "repeated_progs": 50690573,
        "unique_progs": 393,
        "delp_calls": 393
    }
}