{
    "status": {
        "~a_8": {
            "yes": 2704,
            "no": 960,
            "undecided": 432,
            "unknown": 0,
            "pyes": 0.9283493810298872,
            "pno": 0.034831620047232004,
            "pundecided": 0.03681899892287995,
            "punknown": 0.0,
            "time": 194.7024450302124,
            "delp_calls": 459,
            "percY": 116938671.2,
            "percN": 41516688.0,
            "percU": 18682509.6,
            "percUNK": 0.0,
            "l": 0.9283493810298872,
            "u": 0.9651683799527679,
            "flag": "INTEREST"
        },
        "a_8": {
            "yes": 960,
            "no": 2704,
            "undecided": 432,
            "unknown": 0,
            "pyes": 0.034831620047232,
            "pno": 0.928349381029888,
            "pundecided": 0.03681899892287995,
            "punknown": 0.0,
            "time": 198.05973148345947,
            "delp_calls": 459,
            "percY": 41516688.0,
            "percN": 116938671.2,
            "percU": 18682509.6,
            "percUNK": 0.0,
            "l": 0.034831620047232,
            "u": 0.07165061897011205,
            "flag": "INTEREST"
        }
    },
    "data": {
        "n_samples": 4324655,
        "time": 120.00002312660217,
        "repeated_worlds": 4316463,
        "repeated_progs": 4323737,
        "unique_progs": 918,
        "delp_calls": 918
    }
}