{
    "status": {
        "~a_8": {
            "yes": 202,
            "no": 140,
            "undecided": 6,
            "unknown": 0,
            "pyes": 0.0019403005873011,
            "pno": 9.0877713696e-05,
            "pundecided": 1.8627839999999997e-09,
            "punknown": 0.0,
            "time": 17.339200973510742,
            "delp_calls": 980,
            "percY": 3987.48,
            "percN": 2763.6,
            "percU": 118.44,
            "percUNK": 0.0,
            "l": 0.0019403005873011,
            "u": 0.999909122286304
        },
        "a_8": {
            "yes": 157,
            "no": 200,
            "undecided": 18,
            "unknown": 0,
            "pyes": 8.443588475169792e-05,
            "pno": 0.0019490903411645032,
            "pundecided": 1.8627839999999997e-09,
            "punknown": 0.0,
            "time": 18.40834665298462,
            "delp_calls": 994,
            "percY": 3099.18,
            "percN": 3948.0,
            "percU": 355.32,
            "percUNK": 0.0,
            "l": 8.443588475169792e-05,
            "u": 0.9980509096588355
        }
    },
    "data": {
        "n_samples": 1974,
        "time": 120.06362533569336,
        "repeated_programs": 0,
        "inconsistent_programs": 1251,
        "worlds_consulted": 930,
        "delp_calls": 1974
    }
}