{
    "status": {
        "a_5": {
            "yes": 1447,
            "no": 0,
            "undecided": 1646,
            "unknown": 64,
            "pyes": 0.006185068031403576,
            "pno": 0.0,
            "pundecided": 0.002332930249534691,
            "punknown": 2.456554286261004e-07,
            "time": 134.14996027946472,
            "delp_calls": 3157,
            "percY": 90249.39,
            "percN": 0.0,
            "percU": 102661.02,
            "percUNK": 3991.68,
            "l": 0.006185068031403576,
            "u": 1.0
        },
        "~a_7": {
            "yes": 990,
            "no": 503,
            "undecided": 1364,
            "unknown": 223,
            "pyes": 0.046913880091226726,
            "pno": 0.001310583823855389,
            "pundecided": 0.00669379392262305,
            "punknown": 1.3611045911003928e-07,
            "time": 131.8124294281006,
            "delp_calls": 3080,
            "percY": 61746.3,
            "percN": 31372.11,
            "percU": 85072.68,
            "percUNK": 13908.51,
            "l": 0.046913880091226726,
            "u": 0.9986894161761446
        }
    },
    "data": {
        "n_samples": 6237,
        "time": 600.092212677002,
        "repeated_programs": 0,
        "inconsistent_programs": 0,
        "worlds_consulted": 35290,
        "delp_calls": 6237
    }
}