{
    "status": {
        "a_4": {
            "yes": 329,
            "no": 0,
            "undecided": 333,
            "unknown": 0,
            "pyes": 0.2420004527322521,
            "pno": 0.0,
            "pundecided": 0.06410835316556432,
            "punknown": 0.0,
            "time": 29.339184761047363,
            "delp_calls": 1164,
            "percY": 11584.09,
            "percN": 0.0,
            "percU": 11724.93,
            "percUNK": 0.0,
            "l": 0.2420004527322521,
            "u": 1.0
        },
        "a_8": {
            "yes": 250,
            "no": 77,
            "undecided": 342,
            "unknown": 2,
            "pyes": 0.1915438919541231,
            "pno": 0.051136013916224236,
            "pundecided": 0.0754763796461636,
            "punknown": 0.0013140404953154903,
            "time": 29.27209758758545,
            "delp_calls": 1187,
            "percY": 8802.5,
            "percN": 2711.17,
            "percU": 12041.82,
            "percUNK": 70.42,
            "l": 0.1915438919541231,
            "u": 0.9488639860837758
        },
        "~a_7": {
            "yes": 153,
            "no": 181,
            "undecided": 324,
            "unknown": 1,
            "pyes": 0.23934729366863622,
            "pno": 0.02480352393926626,
            "pundecided": 0.07384985988808013,
            "punknown": 0.0010249515863460824,
            "time": 29.29560923576355,
            "delp_calls": 1170,
            "percY": 5387.13,
            "percN": 6373.01,
            "percU": 11408.04,
            "percUNK": 35.21,
            "l": 0.23934729366863622,
            "u": 0.9751964760607338
        }
    },
    "data": {
        "n_samples": 3521,
        "time": 180.06650018692017,
        "repeated_programs": 0,
        "inconsistent_programs": 1529,
        "worlds_consulted": 1433,
        "delp_calls": 3521
    }
}