{
    "status": {
        "d_15": {
            "yes": 465,
            "no": 0,
            "undecided": 208,
            "unknown": 188,
            "pyes": 0.6471087417463314,
            "pno": 0.0,
            "pundecided": 0.00035974113974851887,
            "punknown": 0.00085823922085011,
            "time": 34.51846528053284,
            "delp_calls": 861,
            "percY": 4003.65,
            "percN": 0.0,
            "percU": 1790.88,
            "percUNK": 1618.68,
            "l": 0.6471087417463314,
            "u": 1.0,
            "flag": "INTEREST"
        }
    },
    "data": {
        "n_samples": 861,
        "time": 60.02089166641235,
        "repeated_programs": 0,
        "inconsistent_programs": 0,
        "worlds_consulted": 1167,
        "delp_calls": 861
    }
}