{
    "status": {
        "a_0": {
            "yes": 1995,
            "no": 0,
            "undecided": 0,
            "unknown": 387,
            "pyes": 0.00652028314628274,
            "pno": 0.0,
            "pundecided": 0.0,
            "punknown": 0.00011273300979083368,
            "time": 100.39431500434875,
            "delp_calls": 2382,
            "percY": 140547.75,
            "percN": 0.0,
            "percU": 0.0,
            "percUNK": 27264.15,
            "l": 0.00652028314628274,
            "u": 1.0
        },
        "a_8": {
            "yes": 590,
            "no": 655,
            "undecided": 966,
            "unknown": 17,
            "pyes": 0.009493770655398697,
            "pno": 0.0010603005135103613,
            "pundecided": 0.003060828576581928,
            "punknown": 0.0,
            "time": 95.10376906394958,
            "delp_calls": 2228,
            "percY": 41565.5,
            "percN": 46144.75,
            "percU": 68054.7,
            "percUNK": 1197.65,
            "l": 0.009493770655398697,
            "u": 0.9989396994864896
        },
        "~a_8": {
            "yes": 737,
            "no": 637,
            "undecided": 1042,
            "unknown": 19,
            "pyes": 0.0018638032910824897,
            "pno": 0.07257736836968401,
            "pundecided": 0.0001578014975487399,
            "punknown": 0.0,
            "time": 103.17568373680115,
            "delp_calls": 2435,
            "percY": 51921.65,
            "percN": 44876.65,
            "percU": 73408.9,
            "percUNK": 1338.55,
            "l": 0.0018638032910824897,
            "u": 0.927422631630316
        }
    },
    "data": {
        "n_samples": 7045,
        "time": 900.1887762546539,
        "repeated_programs": 0,
        "inconsistent_programs": 0,
        "worlds_consulted": 75375,
        "delp_calls": 7045
    }
}