{
    "status": {
        "d_18": {
            "yes": 1669,
            "no": 0,
            "undecided": 0,
            "unknown": 0,
            "pyes": 0.0028851726933542894,
            "pno": 0.0,
            "pundecided": 0.0,
            "punknown": 0.0,
            "time": 82.73101663589478,
            "delp_calls": 1156,
            "percY": 89107.91,
            "percN": 0.0,
            "percU": 0.0,
            "percUNK": 0.0,
            "l": 0.0028851726933542894,
            "u": 1.0
        },
        "a_7": {
            "yes": 764,
            "no": 129,
            "undecided": 914,
            "unknown": 0,
            "pyes": 0.002688193560381721,
            "pno": 1.0422315121107076e-07,
            "pundecided": 3.903199747405978e-05,
            "punknown": 0.0,
            "time": 85.59557580947876,
            "delp_calls": 1216,
            "percY": 40789.96,
            "percN": 6887.31,
            "percU": 48798.46,
            "percUNK": 0.0,
            "l": 0.002688193560381721,
            "u": 0.9999998957768488
        },
        "~a_7": {
            "yes": 116,
            "no": 802,
            "undecided": 926,
            "unknown": 0,
            "pyes": 4.851439413213385e-07,
            "pno": 0.002401111853147852,
            "pundecided": 0.00021587702967205678,
            "punknown": 0.0,
            "time": 86.98952341079712,
            "delp_calls": 1210,
            "percY": 6193.24,
            "percN": 42818.78,
            "percU": 49439.14,
            "percUNK": 0.0,
            "l": 4.851439413213385e-07,
            "u": 0.9975988881468522
        }
    },
    "data": {
        "n_samples": 5339,
        "time": 180.06766819953918,
        "repeated_worlds": 19,
        "repeated_progs": 1757,
        "unique_progs": 3582,
        "delp_calls": 3582
    }
}