{
    "status": {
        "~a_5": {
            "yes": 2370,
            "no": 0,
            "undecided": 1292,
            "unknown": 0,
            "pyes": 0.07269442857023085,
            "pno": 0.0,
            "pundecided": 1.803303015316992e-05,
            "punknown": 0.0,
            "time": 143.05930352210999,
            "delp_calls": 6586,
            "percY": 156088.2,
            "percN": 0.0,
            "percU": 85091.12,
            "percUNK": 0.0,
            "l": 0.07269442857023085,
            "u": 1.0
        }
    },
    "data": {
        "n_samples": 6586,
        "time": 300.03104162216187,
        "repeated_programs": 0,
        "inconsistent_programs": 2924,
        "worlds_consulted": 512,
        "delp_calls": 6586
    }
}