{
    "status": {
        "~a_5": {
            "yes": 4096,
            "no": 0,
            "undecided": 0,
            "unknown": 0,
            "pyes": 0.9999999999999996,
            "pno": 0.0,
            "pundecided": 0.0,
            "punknown": 0.0,
            "time": 160.53763008117676,
            "delp_calls": 172,
            "percY": 885797191.68,
            "percN": 0.0,
            "percU": 0.0,
            "percUNK": 0.0,
            "l": 0.9999999999999996,
            "u": 1.0,
            "flag": "INTEREST"
        }
    },
    "data": {
        "n_samples": 21625908,
        "time": 300.0000011920929,
        "repeated_worlds": 21621812,
        "repeated_progs": 21625736,
        "unique_progs": 172,
        "delp_calls": 172
    }
}