{
    "status": {
        "d_9": {
            "yes": 2119,
            "no": 0,
            "undecided": 0,
            "unknown": 0,
            "pyes": 0.9408751666980985,
            "pno": 0.0,
            "pundecided": 0.0,
            "punknown": 0.0,
            "time": 100.8464126586914,
            "delp_calls": 2119,
            "percY": 136082.18,
            "percN": 0.0,
            "percU": 0.0,
            "percUNK": 0.0,
            "l": 0.9408751666980985,
            "u": 1.0,
            "flag": "INTEREST"
        },
        "~a_5": {
            "yes": 2245,
            "no": 0,
            "undecided": 0,
            "unknown": 0,
            "pyes": 0.8602736100109306,
            "pno": 0.0,
            "pundecided": 0.0,
            "punknown": 0.0,
            "time": 106.65684413909912,
            "delp_calls": 2245,
            "percY": 144173.9,
            "percN": 0.0,
            "percU": 0.0,
            "percUNK": 0.0,
            "l": 0.8602736100109306,
            "u": 1.0,
            "flag": "INTEREST"
        },
        "~a_7": {
            "yes": 595,
            "no": 1463,
            "undecided": 0,
            "unknown": 0,
            "pyes": 0.013926255966958793,
            "pno": 0.9756189604599662,
            "pundecided": 0.0,
            "punknown": 0.0,
            "time": 100.76355576515198,
            "delp_calls": 2058,
            "percY": 38210.9,
            "percN": 93953.86,
            "percU": 0.0,
            "percUNK": 0.0,
            "l": 0.013926255966958793,
            "u": 0.02438103954003379,
            "flag": "INTEREST"
        }
    },
    "data": {
        "n_samples": 6422,
        "time": 900.8999266624451,
        "repeated_programs": 0,
        "inconsistent_programs": 0,
        "worlds_consulted": 86252,
        "delp_calls": 6422
    }
}