{
    "status": {
        "d_12": {
            "yes": 2777,
            "no": 0,
            "undecided": 1062,
            "unknown": 611,
            "pyes": 0.937245536103595,
            "pno": 0.0,
            "pundecided": 0.0,
            "punknown": 0.0,
            "time": 177.2138636112213,
            "delp_calls": 4450,
            "percY": 123576.5,
            "percN": 0.0,
            "percU": 47259.0,
            "percUNK": 27189.5,
            "l": 0.937245536103595,
            "u": 1.0,
            "flag": "INTEREST"
        }
    },
    "data": {
        "n_samples": 4450,
        "time": 300.0146543979645,
        "repeated_programs": 0,
        "inconsistent_programs": 0,
        "worlds_consulted": 3057,
        "delp_calls": 4450
    }
}