{
    "status": {
        "~a_12": {
            "yes": 2540,
            "no": 0,
            "undecided": 0,
            "unknown": 0,
            "pyes": 0.6518871692369347,
            "pno": 0.0,
            "pundecided": 0.0,
            "punknown": 0.0,
            "time": 103.02434945106506,
            "delp_calls": 3395,
            "percY": 86233.0,
            "percN": 0.0,
            "percU": 0.0,
            "percUNK": 0.0,
            "l": 0.6518871692369347,
            "u": 1.0,
            "flag": "INTEREST"
        }
    },
    "data": {
        "n_samples": 3395,
        "time": 300.04569959640503,
        "repeated_programs": 0,
        "inconsistent_programs": 855,
        "worlds_consulted": 1960,
        "delp_calls": 3395
    }
}