{
    "status": {
        "d_9": {
            "yes": 2560,
            "no": 0,
            "undecided": 1448,
            "unknown": 88,
            "pyes": 0.9228138140242711,
            "pno": 0.0,
            "pundecided": 0.07716492114669947,
            "punknown": 2.1264829028351988e-05,
            "time": 164.9778277873993,
            "delp_calls": 2196,
            "percY": 788922700.8,
            "percN": 0.0,
            "percU": 446234402.64,
            "percUNK": 27119217.84,
            "l": 0.9228138140242711,
            "u": 1.0,
            "flag": "INTEREST"
        },
        "~a_6": {
            "yes": 3072,
            "no": 0,
            "undecided": 640,
            "unknown": 384,
            "pyes": 0.9996772027268797,
            "pno": 0.0,
            "pundecided": 0.00029090230079999976,
            "punknown": 3.189497232000002e-05,
            "time": 164.10916948318481,
            "delp_calls": 2196,
            "percY": 946707240.96,
            "percN": 0.0,
            "percU": 197230675.2,
            "percUNK": 118338405.12,
            "l": 0.9996772027268797,
            "u": 1.0,
            "flag": "INTEREST"
        }
    },
    "data": {
        "n_samples": 30817293,
        "time": 600.0000159740448,
        "repeated_worlds": 30809101,
        "repeated_progs": 30812901,
        "unique_progs": 4392,
        "delp_calls": 4392
    }
}