{
    "status": {
        "a_17": {
            "yes": 1542,
            "no": 0,
            "undecided": 201,
            "unknown": 0,
            "pyes": 0.0013061689049716075,
            "pno": 0.0,
            "pundecided": 0.00012948414914997527,
            "punknown": 0.0,
            "time": 122.38973832130432,
            "delp_calls": 2263,
            "percY": 34895.46,
            "percN": 0.0,
            "percU": 4548.63,
            "percUNK": 0.0,
            "l": 0.0013061689049716075,
            "u": 1.0
        }
    },
    "data": {
        "n_samples": 2263,
        "time": 300.01766085624695,
        "repeated_programs": 0,
        "inconsistent_programs": 520,
        "worlds_consulted": 5094,
        "delp_calls": 2263
    }
}