{
    "status": {
        "~a_8": {
            "yes": 73728,
            "no": 57344,
            "undecided": 131072,
            "unknown": 0,
            "pyes": 0.943808929228799,
            "pno": 0.016191070771199908,
            "pundecided": 0.039999999999999675,
            "punknown": 0.0,
            "time": 10353.56201171875,
            "delp_calls": 128,
            "percY": 11620584161.28,
            "percN": 9038232125.44,
            "percU": 20658816286.72,
            "percUNK": 0.0,
            "l": 0.943808929228799,
            "u": 0.9838089292288001,
            "flag": "INTEREST"
        }
    },
    "data": {
        "n_samples": 15761426,
        "time": 300.0000035762787,
        "repeated_worlds": 15499282,
        "repeated_progs": 15761298,
        "unique_progs": 128,
        "delp_calls": 128
    }
}