{
    "status": {
        "a_7": {
            "yes": 229376,
            "no": 32768,
            "undecided": 0,
            "unknown": 0,
            "pyes": 0.9729729999999394,
            "pno": 0.02702699999999959,
            "pundecided": 0.0,
            "punknown": 0.0,
            "time": 10642.505126953125,
            "delp_calls": 256,
            "percY": 67135120998.4,
            "percN": 9590731571.2,
            "percU": 0.0,
            "percUNK": 0.0,
            "l": 0.9729729999999394,
            "u": 0.9729730000000004,
            "flag": "INTEREST"
        },
        "a_8": {
            "yes": 147456,
            "no": 114688,
            "undecided": 0,
            "unknown": 0,
            "pyes": 0.19661902393694025,
            "pno": 0.8033809760630256,
            "pundecided": 0.0,
            "punknown": 0.0,
            "time": 12056.773681640625,
            "delp_calls": 256,
            "percY": 43158292070.4,
            "percN": 33567560499.2,
            "percU": 0.0,
            "percUNK": 0.0,
            "l": 0.19661902393694025,
            "u": 0.1966190239369744,
            "flag": "INTEREST"
        }
    },
    "data": {
        "n_samples": 29268590,
        "time": 600.0000109672546,
        "repeated_worlds": 28744302,
        "repeated_progs": 29268078,
        "unique_progs": 512,
        "delp_calls": 512
    }
}