{
    "status": {
        "d_58": {
            "yes": 1651,
            "no": 0,
            "undecided": 409,
            "unknown": 182,
            "pyes": 0.7417261309635758,
            "pno": 0.0,
            "pundecided": 0.0001595285271318076,
            "punknown": 2.536833531351849e-06,
            "time": 90.81637930870056,
            "delp_calls": 3037,
            "percY": 98960.94,
            "percN": 0.0,
            "percU": 24515.46,
            "percUNK": 10909.08,
            "l": 0.7417261309635758,
            "u": 1.0,
            "flag": "INTEREST"
        },
        "~a_18": {
            "yes": 1466,
            "no": 0,
            "undecided": 736,
            "unknown": 0,
            "pyes": 0.13160862266328888,
            "pno": 0.0,
            "pundecided": 0.0048510944309488975,
            "punknown": 0.0,
            "time": 92.80201697349548,
            "delp_calls": 2957,
            "percY": 87872.04,
            "percN": 0.0,
            "percU": 44115.84,
            "percUNK": 0.0,
            "l": 0.13160862266328888,
            "u": 1.0
        }
    },
    "data": {
        "n_samples": 5994,
        "time": 600.1437830924988,
        "repeated_programs": 0,
        "inconsistent_programs": 1550,
        "worlds_consulted": 3245,
        "delp_calls": 5994
    }
}