{
    "status": {
        "d_58": {
            "yes": 3072,
            "no": 0,
            "undecided": 512,
            "unknown": 512,
            "pyes": 0.9993270000000017,
            "pno": 0.0,
            "pundecided": 0.0006210444,
            "punknown": 5.195560000000004e-05,
            "time": 168.5234453678131,
            "delp_calls": 3994,
            "percY": 555373608.96,
            "percN": 0.0,
            "percU": 92562268.16,
            "percUNK": 92562268.16,
            "l": 0.9993270000000017,
            "u": 1.0,
            "flag": "INTEREST"
        },
        "~a_18": {
            "yes": 2720,
            "no": 0,
            "undecided": 1376,
            "unknown": 0,
            "pyes": 0.9576211389392003,
            "pno": 0.0,
            "pundecided": 0.042378861060799855,
            "punknown": 0.0,
            "time": 174.09503483772278,
            "delp_calls": 3994,
            "percY": 491737049.6,
            "percN": 0.0,
            "percU": 248761095.68,
            "percUNK": 0.0,
            "l": 0.9576211389392003,
            "u": 1.0,
            "flag": "INTEREST"
        }
    },
    "data": {
        "n_samples": 18078568,
        "time": 600.0000040531158,
        "repeated_worlds": 18070376,
        "repeated_progs": 18070580,
        "unique_progs": 7988,
        "delp_calls": 7988
    }
}