{
    "status": {
        "~a_8": {
            "yes": 14,
            "no": 344,
            "undecided": 49,
            "unknown": 0,
            "pyes": 0.005843630890895833,
            "pno": 0.4169403789768086,
            "pundecided": 0.005783474806553565,
            "punknown": 0.0,
            "time": 20.210407972335815,
            "delp_calls": 1037,
            "percY": 145.18,
            "percN": 3567.28,
            "percU": 508.13,
            "percUNK": 0.0,
            "l": 0.005843630890895833,
            "u": 0.5830596210231914
        }
    },
    "data": {
        "n_samples": 1037,
        "time": 60.0037739276886,
        "repeated_programs": 0,
        "inconsistent_programs": 630,
        "worlds_consulted": 257,
        "delp_calls": 1037
    }
}