{
    "status": {
        "d_68": {
            "yes": 2560,
            "no": 0,
            "undecided": 1280,
            "unknown": 256,
            "pyes": 0.9885280099033606,
            "pno": 0.0,
            "pundecided": 0.01143867650466625,
            "punknown": 3.331359197376001e-05,
            "time": 166.60280299186707,
            "delp_calls": 4096,
            "percY": 214086835.2,
            "percN": 0.0,
            "percU": 107043417.6,
            "percUNK": 21408683.52,
            "l": 0.9885280099033606,
            "u": 1.0,
            "flag": "INTEREST"
        }
    },
    "data": {
        "n_samples": 8362767,
        "time": 300.00000977516174,
        "repeated_worlds": 8358671,
        "repeated_progs": 8358671,
        "unique_progs": 4096,
        "delp_calls": 4096
    }
}