{
    "status": {
        "d_68": {
            "yes": 488,
            "no": 0,
            "undecided": 233,
            "unknown": 60,
            "pyes": 0.5310128632951627,
            "pno": 0.0,
            "pundecided": 0.0005130296804763437,
            "punknown": 1.9584367132620458e-05,
            "time": 30.778401136398315,
            "delp_calls": 781,
            "percY": 3811.28,
            "percN": 0.0,
            "percU": 1819.73,
            "percUNK": 468.6,
            "l": 0.5310128632951627,
            "u": 1.0,
            "flag": "INTEREST"
        }
    },
    "data": {
        "n_samples": 781,
        "time": 300.22109723091125,
        "repeated_programs": 0,
        "inconsistent_programs": 0,
        "worlds_consulted": 723,
        "delp_calls": 781
    }
}