{
    "status": {
        "d_12": {
            "yes": 262144,
            "no": 0,
            "undecided": 0,
            "unknown": 0,
            "pyes": 0.999999999999958,
            "pno": 0.0,
            "pundecided": 0.0,
            "punknown": 0.0,
            "time": 11548.678253173828,
            "delp_calls": 204,
            "percY": 28259550494.72,
            "percN": 0.0,
            "percU": 0.0,
            "percUNK": 0.0,
            "l": 0.999999999999958,
            "u": 1.0,
            "flag": "INTEREST"
        }
    },
    "data": {
        "n_samples": 10780163,
        "time": 300.000013589859,
        "repeated_worlds": 10518019,
        "repeated_progs": 10779959,
        "unique_progs": 204,
        "delp_calls": 204
    }
}