{
    "status": {
        "~d_11": {
            "yes": 1657,
            "no": 0,
            "undecided": 1742,
            "unknown": 0,
            "pyes": 0.06210276799999999,
            "pno": 0.0,
            "pundecided": 0.005897231999999998,
            "punknown": 0.0,
            "time": 134.90159511566162,
            "delp_calls": 6800,
            "percY": 112676.0,
            "percN": 0.0,
            "percU": 118456.0,
            "percUNK": 0.0,
            "l": 0.06210276799999999,
            "u": 1.0
        }
    },
    "data": {
        "n_samples": 6800,
        "time": 300.01722741127014,
        "repeated_programs": 0,
        "inconsistent_programs": 3401,
        "worlds_consulted": 128,
        "delp_calls": 6800
    }
}