{
    "status": {
        "~a_7": {
            "yes": 3785,
            "no": 0,
            "undecided": 0,
            "unknown": 0,
            "pyes": 0.2628721113788684,
            "pno": 0.0,
            "pundecided": 0.0,
            "punknown": 0.0,
            "time": 151.31011295318604,
            "delp_calls": 3785,
            "percY": 414836.0,
            "percN": 0.0,
            "percU": 0.0,
            "percUNK": 0.0,
            "l": 0.2628721113788684,
            "u": 1.0
        },
        "a_17": {
            "yes": 1030,
            "no": 170,
            "undecided": 2436,
            "unknown": 0,
            "pyes": 0.7370224369585405,
            "pno": 0.0004699786716350039,
            "pundecided": 0.1012938359252856,
            "punknown": 0.0,
            "time": 157.1246554851532,
            "delp_calls": 3636,
            "percY": 112888.0,
            "percN": 18632.0,
            "percU": 266985.6,
            "percUNK": 0.0,
            "l": 0.7370224369585405,
            "u": 0.999530021328365,
            "flag": "INTEREST"
        },
        "a_16": {
            "yes": 3539,
            "no": 0,
            "undecided": 0,
            "unknown": 0,
            "pyes": 0.7911696370706455,
            "pno": 0.0,
            "pundecided": 0.0,
            "punknown": 0.0,
            "time": 160.28439259529114,
            "delp_calls": 3539,
            "percY": 387874.4,
            "percN": 0.0,
            "percU": 0.0,
            "percUNK": 0.0,
            "l": 0.7911696370706455,
            "u": 1.0,
            "flag": "INTEREST"
        }
    },
    "data": {
        "n_samples": 10960,
        "time": 900.2057976722717,
        "repeated_programs": 0,
        "inconsistent_programs": 0,
        "worlds_consulted": 7652,
        "delp_calls": 10960
    }
}