{
    "status": {
        "~a_7": {
            "yes": 4096,
            "no": 0,
            "undecided": 0,
            "unknown": 0,
            "pyes": 1.0000000000000002,
            "pno": 0.0,
            "pundecided": 0.0,
            "punknown": 0.0,
            "time": 165.20642185211182,
            "delp_calls": 3712,
            "percY": 1122848522.24,
            "percN": 0.0,
            "percU": 0.0,
            "percUNK": 0.0,
            "l": 1.0000000000000002,
            "u": 1.0,
            "flag": "INTEREST"
        },
        "a_17": {
            "yes": 1136,
            "no": 176,
            "undecided": 2784,
            "unknown": 0,
            "pyes": 0.8439338464696923,
            "pno": 0.0026753810271930275,
            "pundecided": 0.15339077250311495,
            "punknown": 0.0,
            "time": 176.17630457878113,
            "delp_calls": 3712,
            "percY": 311415019.84,
            "percN": 48247397.44,
            "percU": 763186104.96,
            "percUNK": 0.0,
            "l": 0.8439338464696923,
            "u": 0.997324618972807,
            "flag": "INTEREST"
        },
        "a_16": {
            "yes": 4096,
            "no": 0,
            "undecided": 0,
            "unknown": 0,
            "pyes": 1.0000000000000016,
            "pno": 0.0,
            "pundecided": 0.0,
            "punknown": 0.0,
            "time": 185.70740222930908,
            "delp_calls": 3712,
            "percY": 1122848522.24,
            "percN": 0.0,
            "percU": 0.0,
            "percUNK": 0.0,
            "l": 1.0000000000000016,
            "u": 1.0,
            "flag": "INTEREST"
        }
    },
    "data": {
        "n_samples": 27413294,
        "time": 900.0000214576721,
        "repeated_worlds": 27401006,
        "repeated_progs": 27402158,
        "unique_progs": 11136,
        "delp_calls": 11136
    }
}