{
    "status": {
        "a_8": {
            "yes": 14336,
            "no": 247808,
            "undecided": 0,
            "unknown": 0,
            "pyes": 0.05370918031605656,
            "pno": 0.9462908196838834,
            "pundecided": 0.0,
            "punknown": 0.0,
            "time": 11407.097671508789,
            "delp_calls": 416,
            "percY": 1885923164.16,
            "percN": 32599528980.48,
            "percU": 0.0,
            "percUNK": 0.0,
            "l": 0.05370918031605656,
            "u": 0.0537091803161166,
            "flag": "INTEREST"
        }
    },
    "data": {
        "n_samples": 13155156,
        "time": 300.0000138282776,
        "repeated_worlds": 12893012,
        "repeated_progs": 13154740,
        "unique_progs": 416,
        "delp_calls": 416
    }
}