{
    "status": {
        "a_1": {
            "yes": 131072,
            "no": 0,
            "undecided": 0,
            "unknown": 131072,
            "pyes": 0.7748736577999349,
            "pno": 0.0,
            "pundecided": 0.0,
            "punknown": 0.22512634219999364,
            "time": 10770.964599609375,
            "delp_calls": 512,
            "percY": 53039472312.32,
            "percN": 0.0,
            "percU": 0.0,
            "percUNK": 53039472312.32,
            "l": 0.7748736577999349,
            "u": 1.0,
            "flag": "INTEREST"
        },
        "a_8": {
            "yes": 98304,
            "no": 32768,
            "undecided": 131072,
            "unknown": 0,
            "pyes": 0.7756966461419538,
            "pno": 0.2143033538580003,
            "pundecided": 0.00999999999999972,
            "punknown": 0.0,
            "time": 11971.500610351562,
            "delp_calls": 512,
            "percY": 39779604234.24,
            "percN": 13259868078.08,
            "percU": 53039472312.32,
            "percUNK": 0.0,
            "l": 0.7756966461419538,
            "u": 0.7856966461419996,
            "flag": "INTEREST"
        },
        "a_7": {
            "yes": 32768,
            "no": 98304,
            "undecided": 131072,
            "unknown": 0,
            "pyes": 0.05802477119999921,
            "pno": 0.9319752287999802,
            "pundecided": 0.009999999999999941,
            "punknown": 0.0,
            "time": 13076.3564453125,
            "delp_calls": 512,
            "percY": 13259868078.08,
            "percN": 39779604234.24,
            "percU": 53039472312.32,
            "percUNK": 0.0,
            "l": 0.05802477119999921,
            "u": 0.06802477120001982,
            "flag": "INTEREST"
        }
    },
    "data": {
        "n_samples": 40465906,
        "time": 900.0000293254852,
        "repeated_worlds": 39679474,
        "repeated_progs": 40464370,
        "unique_progs": 1536,
        "delp_calls": 1536
    }
}