{
    "status": {
        "a_1": {
            "yes": 2007,
            "no": 0,
            "undecided": 0,
            "unknown": 1597,
            "pyes": 0.7671249212219996,
            "pno": 0.0,
            "pundecided": 0.0,
            "punknown": 0.22287507877800003,
            "time": 155.47453665733337,
            "delp_calls": 6285,
            "percY": 377697.33,
            "percN": 0.0,
            "percU": 0.0,
            "percUNK": 300539.43,
            "l": 0.7671249212219996,
            "u": 1.0,
            "flag": "INTEREST"
        },
        "a_8": {
            "yes": 2812,
            "no": 809,
            "undecided": 0,
            "unknown": 0,
            "pyes": 0.7756966422547882,
            "pno": 0.2143033577452112,
            "pundecided": 0.0,
            "punknown": 0.0,
            "time": 155.78408932685852,
            "delp_calls": 6325,
            "percY": 529190.28,
            "percN": 152245.71,
            "percU": 0.0,
            "percUNK": 0.0,
            "l": 0.7756966422547882,
            "u": 0.7856966422547889,
            "flag": "INTEREST"
        },
        "a_7": {
            "yes": 1131,
            "no": 2454,
            "undecided": 0,
            "unknown": 0,
            "pyes": 0.060280469844787986,
            "pno": 0.9297195301552122,
            "pundecided": 0.0,
            "punknown": 0.0,
            "time": 157.48409509658813,
            "delp_calls": 6209,
            "percY": 212842.89,
            "percN": 461818.26,
            "percU": 0.0,
            "percUNK": 0.0,
            "l": 0.060280469844787986,
            "u": 0.07028046984478775,
            "flag": "INTEREST"
        }
    },
    "data": {
        "n_samples": 18819,
        "time": 900.0432856082916,
        "repeated_programs": 0,
        "inconsistent_programs": 8009,
        "worlds_consulted": 768,
        "delp_calls": 18819
    }
}