{
    "status": {
        "d_33": {
            "yes": 2560,
            "no": 0,
            "undecided": 1216,
            "unknown": 320,
            "pyes": 0.8716057588154876,
            "pno": 0.0,
            "pundecided": 0.041075167104512006,
            "punknown": 0.08731907407999999,
            "time": 164.05353164672852,
            "delp_calls": 4093,
            "percY": 243280230.4,
            "percN": 0.0,
            "percU": 115558109.44,
            "percUNK": 30410028.8,
            "l": 0.8716057588154876,
            "u": 1.0,
            "flag": "INTEREST"
        }
    },
    "data": {
        "n_samples": 9503134,
        "time": 300.0000021457672,
        "repeated_worlds": 9499038,
        "repeated_progs": 9499041,
        "unique_progs": 4093,
        "delp_calls": 4093
    }
}