{
    "status": {
        "d_36": {
            "yes": 4096,
            "no": 0,
            "undecided": 0,
            "unknown": 0,
            "pyes": 1.000000000000003,
            "pno": 0.0,
            "pundecided": 0.0,
            "punknown": 0.0,
            "time": 164.71200466156006,
            "delp_calls": 3500,
            "percY": 1119102730.24,
            "percN": 0.0,
            "percU": 0.0,
            "percUNK": 0.0,
            "l": 1.000000000000003,
            "u": 1.0,
            "flag": "INTEREST"
        },
        "a_14": {
            "yes": 2432,
            "no": 672,
            "undecided": 992,
            "unknown": 0,
            "pyes": 0.11237314023383066,
            "pno": 0.7688997122424084,
            "pundecided": 0.11872714752376155,
            "punknown": 0.0,
            "time": 168.26353192329407,
            "delp_calls": 3500,
            "percY": 664467246.08,
            "percN": 183602791.68,
            "percU": 271032692.48,
            "percUNK": 0.0,
            "l": 0.11237314023383066,
            "u": 0.23110028775759162,
            "flag": "INTEREST"
        },
        "~a_15": {
            "yes": 0,
            "no": 4096,
            "undecided": 0,
            "unknown": 0,
            "pyes": 0.0,
            "pno": 0.9999999999999978,
            "pundecided": 0.0,
            "punknown": 0.0,
            "time": 244.5902762413025,
            "delp_calls": 3500,
            "percY": 0.0,
            "percN": 1119102730.24,
            "percU": 0.0,
            "percUNK": 0.0,
            "l": 0.0,
            "u": 2.220446049250313e-15,
            "flag": "INTEREST"
        }
    },
    "data": {
        "n_samples": 27321844,
        "time": 900.0000166893005,
        "repeated_worlds": 27309556,
        "repeated_progs": 27311344,
        "unique_progs": 10500,
        "delp_calls": 10500
    }
}