{
    "status": {
        "d_36": {
            "yes": 3941,
            "no": 0,
            "undecided": 0,
            "unknown": 0,
            "pyes": 0.9038351967484219,
            "pno": 0.0,
            "pundecided": 0.0,
            "punknown": 0.0,
            "time": 155.5601727962494,
            "delp_calls": 3941,
            "percY": 429805.46,
            "percN": 0.0,
            "percU": 0.0,
            "percUNK": 0.0,
            "l": 0.9038351967484219,
            "u": 1.0,
            "flag": "INTEREST"
        },
        "a_14": {
            "yes": 2286,
            "no": 582,
            "undecided": 989,
            "unknown": 0,
            "pyes": 0.07413735025697145,
            "pno": 0.6675584832233317,
            "pundecided": 0.05987067405840406,
            "punknown": 0.0,
            "time": 157.05418467521667,
            "delp_calls": 3857,
            "percY": 249311.16,
            "percN": 63472.92,
            "percU": 107860.34,
            "percUNK": 0.0,
            "l": 0.07413735025697145,
            "u": 0.33244151677666833,
            "flag": "INTEREST"
        },
        "~a_15": {
            "yes": 0,
            "no": 3108,
            "undecided": 0,
            "unknown": 0,
            "pyes": 0.0,
            "pno": 0.3108492131030573,
            "pundecided": 0.0,
            "punknown": 0.0,
            "time": 183.10536432266235,
            "delp_calls": 3108,
            "percY": 0.0,
            "percN": 338958.48,
            "percU": 0.0,
            "percUNK": 0.0,
            "l": 0.0,
            "u": 0.6891507868969426
        }
    },
    "data": {
        "n_samples": 10906,
        "time": 900.1215300559998,
        "repeated_programs": 0,
        "inconsistent_programs": 0,
        "worlds_consulted": 7943,
        "delp_calls": 10906
    }
}