{
    "status": {
        "d_15": {
            "yes": 2457,
            "no": 0,
            "undecided": 0,
            "unknown": 0,
            "pyes": 0.1236656457635045,
            "pno": 0.0,
            "pundecided": 0.0,
            "punknown": 0.0,
            "time": 112.30884289741516,
            "delp_calls": 4262,
            "percY": 104717.34,
            "percN": 0.0,
            "percU": 0.0,
            "percUNK": 0.0,
            "l": 0.1236656457635045,
            "u": 1.0
        }
    },
    "data": {
        "n_samples": 4262,
        "time": 300.01138639450073,
        "repeated_programs": 0,
        "inconsistent_programs": 1805,
        "worlds_consulted": 14268,
        "delp_calls": 4262
    }
}