{
    "status": {
        "a_3": {
            "yes": 3406,
            "no": 0,
            "undecided": 0,
            "unknown": 0,
            "pyes": 0.2505003619736946,
            "pno": 0.0,
            "pundecided": 0.0,
            "punknown": 0.0,
            "time": 136.14969301223755,
            "delp_calls": 3406,
            "percY": 343495.1,
            "percN": 0.0,
            "percU": 0.0,
            "percUNK": 0.0,
            "l": 0.2505003619736946,
            "u": 1.0
        },
        "a_10": {
            "yes": 3431,
            "no": 0,
            "undecided": 0,
            "unknown": 0,
            "pyes": 0.33918192939359965,
            "pno": 0.0,
            "pundecided": 0.0,
            "punknown": 0.0,
            "time": 137.22218465805054,
            "delp_calls": 3431,
            "percY": 346016.35,
            "percN": 0.0,
            "percU": 0.0,
            "percUNK": 0.0,
            "l": 0.33918192939359965,
            "u": 1.0
        },
        "a_16": {
            "yes": 3248,
            "no": 0,
            "undecided": 0,
            "unknown": 0,
            "pyes": 0.9186120326021647,
            "pno": 0.0,
            "pundecided": 0.0,
            "punknown": 0.0,
            "time": 144.7109832763672,
            "delp_calls": 3248,
            "percY": 327560.8,
            "percN": 0.0,
            "percU": 0.0,
            "percUNK": 0.0,
            "l": 0.9186120326021647,
            "u": 1.0,
            "flag": "INTEREST"
        }
    },
    "data": {
        "n_samples": 10085,
        "time": 900.1610157489777,
        "repeated_programs": 0,
        "inconsistent_programs": 0,
        "worlds_consulted": 8114,
        "delp_calls": 10085
    }
}