{
    "status": {
        "a_3": {
            "yes": 4096,
            "no": 0,
            "undecided": 0,
            "unknown": 0,
            "pyes": 0.999999999999998,
            "pno": 0.0,
            "pundecided": 0.0,
            "punknown": 0.0,
            "time": 165.69675183296204,
            "delp_calls": 3072,
            "percY": 1371388682.24,
            "percN": 0.0,
            "percU": 0.0,
            "percUNK": 0.0,
            "l": 0.999999999999998,
            "u": 1.0,
            "flag": "INTEREST"
        },
        "a_10": {
            "yes": 4096,
            "no": 0,
            "undecided": 0,
            "unknown": 0,
            "pyes": 0.999999999999998,
            "pno": 0.0,
            "pundecided": 0.0,
            "punknown": 0.0,
            "time": 164.7818307876587,
            "delp_calls": 3072,
            "percY": 1371388682.24,
            "percN": 0.0,
            "percU": 0.0,
            "percUNK": 0.0,
            "l": 0.999999999999998,
            "u": 1.0,
            "flag": "INTEREST"
        },
        "a_16": {
            "yes": 4096,
            "no": 0,
            "undecided": 0,
            "unknown": 0,
            "pyes": 0.9999999999999983,
            "pno": 0.0,
            "pundecided": 0.0,
            "punknown": 0.0,
            "time": 181.53972840309143,
            "delp_calls": 3072,
            "percY": 1371388682.24,
            "percN": 0.0,
            "percU": 0.0,
            "percUNK": 0.0,
            "l": 0.9999999999999983,
            "u": 1.0,
            "flag": "INTEREST"
        }
    },
    "data": {
        "n_samples": 33481169,
        "time": 900.0000274181366,
        "repeated_worlds": 33468881,
        "repeated_progs": 33471953,
        "unique_progs": 9216,
        "delp_calls": 9216
    }
}