{
    "status": {
        "d_52": {
            "yes": 786,
            "no": 0,
            "undecided": 0,
            "unknown": 0,
            "pyes": 0.0730761872337859,
            "pno": 0.0,
            "pundecided": 0.0,
            "punknown": 0.0,
            "time": 32.07656764984131,
            "delp_calls": 786,
            "percY": 11939.34,
            "percN": 0.0,
            "percU": 0.0,
            "percUNK": 0.0,
            "l": 0.0730761872337859,
            "u": 1.0
        },
        "a_16": {
            "yes": 484,
            "no": 249,
            "undecided": 0,
            "unknown": 0,
            "pyes": 0.13090928794126286,
            "pno": 0.005835364365247424,
            "pundecided": 0.0,
            "punknown": 0.0,
            "time": 33.84586215019226,
            "delp_calls": 733,
            "percY": 7351.96,
            "percN": 3782.31,
            "percU": 0.0,
            "percUNK": 0.0,
            "l": 0.13090928794126286,
            "u": 0.9941646356347525
        }
    },
    "data": {
        "n_samples": 1519,
        "time": 120.03869605064392,
        "repeated_programs": 0,
        "inconsistent_programs": 0,
        "worlds_consulted": 1817,
        "delp_calls": 1519
    }
}