{
    "status": {
        "d_39": {
            "yes": 628,
            "no": 0,
            "undecided": 60,
            "unknown": 39,
            "pyes": 0.07570895880581882,
            "pno": 0.0,
            "pundecided": 0.004771798626212858,
            "punknown": 0.0036401069070971944,
            "time": 29.09507656097412,
            "delp_calls": 727,
            "percY": 4565.56,
            "percN": 0.0,
            "percU": 436.2,
            "percUNK": 283.53,
            "l": 0.07570895880581882,
            "u": 1.0
        }
    },
    "data": {
        "n_samples": 727,
        "time": 300.1904103755951,
        "repeated_programs": 0,
        "inconsistent_programs": 0,
        "worlds_consulted": 682,
        "delp_calls": 727
    }
}