{
    "status": {
        "~a_8": {
            "yes": 240,
            "no": 106,
            "undecided": 375,
            "unknown": 0,
            "pyes": 0.40894392565370896,
            "pno": 0.07633386412557724,
            "pundecided": 0.010103826293263757,
            "punknown": 0.0,
            "time": 32.16528296470642,
            "delp_calls": 1194,
            "percY": 2865.6,
            "percN": 1265.64,
            "percU": 4477.5,
            "percUNK": 0.0,
            "l": 0.40894392565370896,
            "u": 0.9236661358744227
        }
    },
    "data": {
        "n_samples": 1194,
        "time": 60.029102087020874,
        "repeated_programs": 0,
        "inconsistent_programs": 473,
        "worlds_consulted": 236,
        "delp_calls": 1194
    }
}