{
    "status": {
        "~d_55": {
            "yes": 1244,
            "no": 0,
            "undecided": 1193,
            "unknown": 0,
            "pyes": 0.7917388819254598,
            "pno": 0.0,
            "pundecided": 0.03228631318630718,
            "punknown": 0.0,
            "time": 99.95901942253113,
            "delp_calls": 4791,
            "percY": 59600.04,
            "percN": 0.0,
            "percU": 57156.63,
            "percUNK": 0.0,
            "l": 0.7917388819254598,
            "u": 1.0,
            "flag": "INTEREST"
        }
    },
    "data": {
        "n_samples": 4791,
        "time": 300.0102095603943,
        "repeated_programs": 0,
        "inconsistent_programs": 2354,
        "worlds_consulted": 1443,
        "delp_calls": 4791
    }
}