{
    "status": {
        "a_16": {
            "yes": 1971,
            "no": 1025,
            "undecided": 3581,
            "unknown": 0,
            "pyes": 0.009027170066116212,
            "pno": 0.0,
            "pundecided": 0.0005829108569071684,
            "punknown": 0.0,
            "time": 289.80857276916504,
            "delp_calls": 6447,
            "percY": 249607.44,
            "percN": 129806.0,
            "percU": 453497.84,
            "percUNK": 0.0,
            "l": 0.009027170066116212,
            "u": 1.0
        },
        "~a_16": {
            "yes": 897,
            "no": 1709,
            "undecided": 3329,
            "unknown": 0,
            "pyes": 0.0,
            "pno": 0.0033397215818267464,
            "pundecided": 0.002600036747949462,
            "punknown": 0.0,
            "time": 288.55604887008667,
            "delp_calls": 5833,
            "percY": 113596.08,
            "percN": 216427.76,
            "percU": 421584.56,
            "percUNK": 0.0,
            "l": 0.0,
            "u": 0.9966602784181733
        }
    },
    "data": {
        "n_samples": 12664,
        "time": 600.0816700458527,
        "repeated_worlds": 152,
        "repeated_progs": 384,
        "unique_progs": 12280,
        "delp_calls": 12280
    }
}