{
    "status": {
        "~a_7": {
            "yes": 168,
            "no": 0,
            "undecided": 30,
            "unknown": 0,
            "pyes": 0.04578486741467543,
            "pno": 0.0,
            "pundecided": 2.391477558856151e-06,
            "punknown": 0.0,
            "time": 7.965028285980225,
            "delp_calls": 198,
            "percY": 987.84,
            "percN": 0.0,
            "percU": 176.4,
            "percUNK": 0.0,
            "l": 0.04578486741467543,
            "u": 1.0
        },
        "~a_11": {
            "yes": 154,
            "no": 0,
            "undecided": 42,
            "unknown": 0,
            "pyes": 0.005831360310254436,
            "pno": 0.0,
            "pundecided": 0.00032950639484224047,
            "punknown": 0.0,
            "time": 8.043877601623535,
            "delp_calls": 196,
            "percY": 905.52,
            "percN": 0.0,
            "percU": 246.96,
            "percUNK": 0.0,
            "l": 0.005831360310254436,
            "u": 1.0
        },
        "a_14": {
            "yes": 136,
            "no": 16,
            "undecided": 42,
            "unknown": 0,
            "pyes": 0.03510132624540392,
            "pno": 0.0003553469874719181,
            "pundecided": 0.005214079826523052,
            "punknown": 0.0,
            "time": 8.16563367843628,
            "delp_calls": 194,
            "percY": 799.68,
            "percN": 94.08,
            "percU": 246.96,
            "percUNK": 0.0,
            "l": 0.03510132624540392,
            "u": 0.999644653012528
        }
    },
    "data": {
        "n_samples": 588,
        "time": 180.51191210746765,
        "repeated_programs": 0,
        "inconsistent_programs": 0,
        "worlds_consulted": 570,
        "delp_calls": 588
    }
}