{
    "status": {
        "d_30": {
            "yes": 2611,
            "no": 0,
            "undecided": 0,
            "unknown": 0,
            "pyes": 0.7725608641976804,
            "pno": 0.0,
            "pundecided": 0.0,
            "punknown": 0.0,
            "time": 105.44338536262512,
            "delp_calls": 5153,
            "percY": 134544.83,
            "percN": 0.0,
            "percU": 0.0,
            "percUNK": 0.0,
            "l": 0.7725608641976804,
            "u": 1.0,
            "flag": "INTEREST"
        }
    },
    "data": {
        "n_samples": 5153,
        "time": 300.04965376853943,
        "repeated_programs": 0,
        "inconsistent_programs": 2542,
        "worlds_consulted": 1438,
        "delp_calls": 5153
    }
}