{
    "status": {
        "d_30": {
            "yes": 2048,
            "no": 0,
            "undecided": 2048,
            "unknown": 0,
            "pyes": 0.9667926400000021,
            "pno": 0.0,
            "pundecided": 0.03320736,
            "punknown": 0.0,
            "time": 165.7049171924591,
            "delp_calls": 4096,
            "percY": 195761930.24,
            "percN": 0.0,
            "percU": 195761930.24,
            "percUNK": 0.0,
            "l": 0.9667926400000021,
            "u": 1.0,
            "flag": "INTEREST"
        }
    },
    "data": {
        "n_samples": 9558688,
        "time": 300.0000023841858,
        "repeated_worlds": 9554592,
        "repeated_progs": 9554592,
        "unique_progs": 4096,
        "delp_calls": 4096
    }
}