{
    "status": {
        "~a_23": {
            "yes": 1236,
            "no": 0,
            "undecided": 98,
            "unknown": 57,
            "pyes": 0.15871399577846157,
            "pno": 0.0,
            "pundecided": 2.973258550352099e-06,
            "punknown": 0.00017211393753005624,
            "time": 54.370792388916016,
            "delp_calls": 1391,
            "percY": 17192.76,
            "percN": 0.0,
            "percU": 1363.18,
            "percUNK": 792.87,
            "l": 0.15871399577846157,
            "u": 1.0
        }
    },
    "data": {
        "n_samples": 1391,
        "time": 300.12509632110596,
        "repeated_programs": 0,
        "inconsistent_programs": 0,
        "worlds_consulted": 1190,
        "delp_calls": 1391
    }
}