{
    "status": {
        "a_2": {
            "yes": 8641,
            "no": 0,
            "undecided": 8721,
            "unknown": 0,
            "pyes": 0.041959362570143204,
            "pno": 0.0,
            "pundecided": 0.00780929712666039,
            "punknown": 0.0,
            "time": 678.9838013648987,
            "delp_calls": 7249,
            "percY": 1550281.81,
            "percN": 0.0,
            "percU": 1564634.61,
            "percUNK": 0.0,
            "l": 0.041959362570143204,
            "u": 1.0
        }
    },
    "data": {
        "n_samples": 17941,
        "time": 300.0104880332947,
        "repeated_worlds": 579,
        "repeated_progs": 10692,
        "unique_progs": 7249,
        "delp_calls": 7249
    }
}