{
    "status": {
        "d_17": {
            "yes": 2798,
            "no": 0,
            "undecided": 470,
            "unknown": 949,
            "pyes": 0.9593132773943976,
            "pno": 0.0,
            "pundecided": 0.008106962566877778,
            "punknown": 0.002134052160298689,
            "time": 169.410546541214,
            "delp_calls": 4217,
            "percY": 117991.66,
            "percN": 0.0,
            "percU": 19819.9,
            "percUNK": 40019.33,
            "l": 0.9593132773943976,
            "u": 1.0,
            "flag": "INTEREST"
        }
    },
    "data": {
        "n_samples": 4217,
        "time": 300.0605478286743,
        "repeated_programs": 0,
        "inconsistent_programs": 0,
        "worlds_consulted": 3288,
        "delp_calls": 4217
    }
}