{
    "status": {
        "a_6": {
            "yes": 32768,
            "no": 0,
            "undecided": 32768,
            "unknown": 196608,
            "pyes": 0.899924922402419,
            "pno": 0.0,
            "pundecided": 0.029278430266381987,
            "punknown": 0.07079664733119904,
            "time": 11223.692657470703,
            "delp_calls": 380,
            "percY": 8788833402.88,
            "percN": 0.0,
            "percU": 8788833402.88,
            "percUNK": 52733000417.28,
            "l": 0.899924922402419,
            "u": 1.0,
            "flag": "INTEREST"
        },
        "~a_8": {
            "yes": 61440,
            "no": 200704,
            "undecided": 0,
            "unknown": 0,
            "pyes": 0.006959222669122781,
            "pno": 0.9930407773308627,
            "pundecided": 0.0,
            "punknown": 0.0,
            "time": 12445.622131347656,
            "delp_calls": 380,
            "percY": 16479062630.4,
            "percN": 53831604592.64,
            "percU": 0.0,
            "percUNK": 0.0,
            "l": 0.006959222669122781,
            "u": 0.006959222669137288,
            "flag": "INTEREST"
        }
    },
    "data": {
        "n_samples": 26821391,
        "time": 600.0000228881836,
        "repeated_worlds": 26297103,
        "repeated_progs": 26820631,
        "unique_progs": 760,
        "delp_calls": 760
    }
}