{
    "status": {
        "a_4": {
            "yes": 103645,
            "no": 0,
            "undecided": 0,
            "unknown": 0,
            "pyes": 0.6701432978143715,
            "pno": 0.0,
            "pundecided": 0.0,
            "punknown": 0.0,
            "time": 4904.144849538803,
            "delp_calls": 336,
            "percY": 415675527.65,
            "percN": 0.0,
            "percU": 0.0,
            "percUNK": 0.0,
            "l": 0.6701432978143715,
            "u": 1.0,
            "flag": "INTEREST"
        },
        "~a_8": {
            "yes": 26095,
            "no": 0,
            "undecided": 78378,
            "unknown": 0,
            "pyes": 0.6994808837059506,
            "pno": 0.0,
            "pundecided": 0.022865982493278262,
            "punknown": 0.0,
            "time": 5040.35227894783,
            "delp_calls": 336,
            "percY": 104655824.15,
            "percN": 0.0,
            "percU": 314340455.46,
            "percUNK": 0.0,
            "l": 0.6994808837059506,
            "u": 1.0,
            "flag": "INTEREST"
        },
        "a_8": {
            "yes": 0,
            "no": 26683,
            "undecided": 79555,
            "unknown": 0,
            "pyes": 0.0,
            "pno": 0.2094390287475126,
            "pundecided": 0.010126714700613056,
            "punknown": 0.0,
            "time": 5371.604452133179,
            "delp_calls": 336,
            "percY": 0.0,
            "percN": 107014039.31,
            "percU": 319060896.35,
            "percUNK": 0.0,
            "l": 0.0,
            "u": 0.7905609712524874
        }
    },
    "data": {
        "n_samples": 401057,
        "time": 180.00059151649475,
        "repeated_worlds": 86701,
        "repeated_progs": 400049,
        "unique_progs": 1008,
        "delp_calls": 1008
    }
}