{
    "status": {
        "d_9": {
            "yes": 148,
            "no": 0,
            "undecided": 0,
            "unknown": 0,
            "pyes": 0.13955162618635591,
            "pno": 0.0,
            "pundecided": 0.0,
            "punknown": 0.0,
            "time": 7.616851329803467,
            "delp_calls": 148,
            "percY": 713.36,
            "percN": 0.0,
            "percU": 0.0,
            "percUNK": 0.0,
            "l": 0.13955162618635591,
            "u": 1.0
        },
        "~a_8": {
            "yes": 90,
            "no": 0,
            "undecided": 89,
            "unknown": 0,
            "pyes": 0.1280056256328704,
            "pno": 0.0,
            "pundecided": 0.12385385524679123,
            "punknown": 0.0,
            "time": 9.096607446670532,
            "delp_calls": 179,
            "percY": 433.8,
            "percN": 0.0,
            "percU": 428.98,
            "percUNK": 0.0,
            "l": 0.1280056256328704,
            "u": 1.0
        },
        "a_8": {
            "yes": 0,
            "no": 81,
            "undecided": 74,
            "unknown": 0,
            "pyes": 0.0,
            "pno": 0.07203702023597226,
            "pundecided": 0.05490740191982787,
            "punknown": 0.0,
            "time": 8.373809337615967,
            "delp_calls": 155,
            "percY": 0.0,
            "percN": 390.42,
            "percU": 356.68,
            "percUNK": 0.0,
            "l": 0.0,
            "u": 0.9279629797640278
        }
    },
    "data": {
        "n_samples": 482,
        "time": 181.60855555534363,
        "repeated_programs": 0,
        "inconsistent_programs": 0,
        "worlds_consulted": 35828,
        "delp_calls": 482
    }
}