{
    "status": {
        "d_74": {
            "yes": 1605,
            "no": 0,
            "undecided": 577,
            "unknown": 0,
            "pyes": 0.059367180907557514,
            "pno": 0.0,
            "pundecided": 0.00022586401791883747,
            "punknown": 0.0,
            "time": 98.36902642250061,
            "delp_calls": 2182,
            "percY": 104260.8,
            "percN": 0.0,
            "percU": 37481.92,
            "percUNK": 0.0,
            "l": 0.059367180907557514,
            "u": 1.0
        },
        "a_15": {
            "yes": 1378,
            "no": 116,
            "undecided": 687,
            "unknown": 0,
            "pyes": 0.003231229567964824,
            "pno": 1.89703783134013e-07,
            "pundecided": 0.0003378608949753772,
            "punknown": 0.0,
            "time": 108.01476240158081,
            "delp_calls": 2181,
            "percY": 89514.88,
            "percN": 7535.36,
            "percU": 44627.52,
            "percUNK": 0.0,
            "l": 0.003231229567964824,
            "u": 0.9999998102962169
        },
        "~a_19": {
            "yes": 0,
            "no": 1860,
            "undecided": 273,
            "unknown": 0,
            "pyes": 0.0,
            "pno": 0.001140398046206893,
            "pundecided": 0.0004395172993913472,
            "punknown": 0.0,
            "time": 110.90156126022339,
            "delp_calls": 2133,
            "percY": 0.0,
            "percN": 120825.6,
            "percU": 17734.08,
            "percUNK": 0.0,
            "l": 0.0,
            "u": 0.9988596019537931
        }
    },
    "data": {
        "n_samples": 6496,
        "time": 900.0970656871796,
        "repeated_programs": 0,
        "inconsistent_programs": 0,
        "worlds_consulted": 12160,
        "delp_calls": 6496
    }
}