{
    "status": {
        "~d_46": {
            "yes": 6959,
            "no": 0,
            "undecided": 0,
            "unknown": 0,
            "pyes": 0.008192938772798145,
            "pno": 0.0,
            "pundecided": 0.0,
            "punknown": 0.0,
            "time": 286.2972893714905,
            "delp_calls": 6878,
            "percY": 490331.14,
            "percN": 0.0,
            "percU": 0.0,
            "percUNK": 0.0,
            "l": 0.008192938772798145,
            "u": 1.0
        }
    },
    "data": {
        "n_samples": 7046,
        "time": 300.04048132896423,
        "repeated_worlds": 87,
        "repeated_progs": 168,
        "unique_progs": 6878,
        "delp_calls": 6878
    }
}