{
    "status": {
        "d_10": {
            "yes": 6744,
            "no": 0,
            "undecided": 0,
            "unknown": 0,
            "pyes": 0.9999999999999998,
            "pno": 0.0,
            "pundecided": 0.0,
            "punknown": 0.0,
            "time": 253.04899978637695,
            "delp_calls": 6744,
            "percY": 908956.32,
            "percN": 0.0,
            "percU": 0.0,
            "percUNK": 0.0,
            "l": 0.9999999999999998,
            "u": 1.0,
            "flag": "INTEREST"
        },
        "a_6": {
            "yes": 6734,
            "no": 0,
            "undecided": 0,
            "unknown": 0,
            "pyes": 0.9999999999999997,
            "pno": 0.0,
            "pundecided": 0.0,
            "punknown": 0.0,
            "time": 253.05144095420837,
            "delp_calls": 6734,
            "percY": 907608.52,
            "percN": 0.0,
            "percU": 0.0,
            "percUNK": 0.0,
            "l": 0.9999999999999997,
            "u": 1.0,
            "flag": "INTEREST"
        }
    },
    "data": {
        "n_samples": 13478,
        "time": 600.0286960601807,
        "repeated_programs": 0,
        "inconsistent_programs": 0,
        "worlds_consulted": 2048,
        "delp_calls": 13478
    }
}