{
    "status": {
        "a_10": {
            "yes": 1024,
            "no": 0,
            "undecided": 3072,
            "unknown": 0,
            "pyes": 0.8865672607293603,
            "pno": 0.0,
            "pundecided": 0.11343273927063995,
            "punknown": 0.0,
            "time": 163.3003191947937,
            "delp_calls": 2048,
            "percY": 159953674.24,
            "percN": 0.0,
            "percU": 479861022.72,
            "percUNK": 0.0,
            "l": 0.8865672607293603,
            "u": 1.0,
            "flag": "INTEREST"
        }
    },
    "data": {
        "n_samples": 15620476,
        "time": 300.00001192092896,
        "repeated_worlds": 15616380,
        "repeated_progs": 15618428,
        "unique_progs": 2048,
        "delp_calls": 2048
    }
}