{
    "status": {
        "~d_14": {
            "yes": 1559,
            "no": 0,
            "undecided": 1782,
            "unknown": 8,
            "pyes": 0.005992494190460396,
            "pno": 0.0,
            "pundecided": 0.06020522876515626,
            "punknown": 4.2295470510496123e-07,
            "time": 136.1127474308014,
            "delp_calls": 6395,
            "percY": 99698.05,
            "percN": 0.0,
            "percU": 113958.9,
            "percUNK": 511.6,
            "l": 0.005992494190460396,
            "u": 1.0
        }
    },
    "data": {
        "n_samples": 6395,
        "time": 300.0224368572235,
        "repeated_programs": 0,
        "inconsistent_programs": 3046,
        "worlds_consulted": 978,
        "delp_calls": 6395
    }
}