{
    "status": {
        "~d_14": {
            "yes": 131072,
            "no": 0,
            "undecided": 131072,
            "unknown": 0,
            "pyes": 0.8696927591811002,
            "pno": 0.0,
            "pundecided": 0.1303072408188949,
            "punknown": 0.0,
            "time": 10626.695983886719,
            "delp_calls": 2048,
            "percY": 11345115217.92,
            "percN": 0.0,
            "percU": 11345115217.92,
            "percUNK": 0.0,
            "l": 0.8696927591811002,
            "u": 1.0,
            "flag": "INTEREST"
        }
    },
    "data": {
        "n_samples": 8655636,
        "time": 300.0000102519989,
        "repeated_worlds": 8393492,
        "repeated_progs": 8653588,
        "unique_progs": 2048,
        "delp_calls": 2048
    }
}