{
    "status": {
        "~d_31": {
            "yes": 1804,
            "no": 0,
            "undecided": 0,
            "unknown": 0,
            "pyes": 0.0006896309708594037,
            "pno": 0.0,
            "pundecided": 0.0,
            "punknown": 0.0,
            "time": 76.16147780418396,
            "delp_calls": 2430,
            "percY": 86898.68,
            "percN": 0.0,
            "percU": 0.0,
            "percUNK": 0.0,
            "l": 0.0006896309708594037,
            "u": 1.0
        },
        "~a_15": {
            "yes": 1125,
            "no": 384,
            "undecided": 240,
            "unknown": 0,
            "pyes": 0.00010395138314891167,
            "pno": 2.1671594893445316e-05,
            "pundecided": 7.526379225299165e-06,
            "punknown": 0.0,
            "time": 79.4183292388916,
            "delp_calls": 2387,
            "percY": 54191.25,
            "percN": 18497.28,
            "percU": 11560.8,
            "percUNK": 0.0,
            "l": 0.00010395138314891167,
            "u": 0.9999783284051066
        }
    },
    "data": {
        "n_samples": 4817,
        "time": 600.2023093700409,
        "repeated_programs": 0,
        "inconsistent_programs": 1264,
        "worlds_consulted": 6867,
        "delp_calls": 4817
    }
}