{
    "status": {
        "a_3": {
            "yes": 6726,
            "no": 0,
            "undecided": 0,
            "unknown": 0,
            "pyes": 0.9999999999999997,
            "pno": 0.0,
            "pundecided": 0.0,
            "punknown": 0.0,
            "time": 257.0543029308319,
            "delp_calls": 6726,
            "percY": 1330873.62,
            "percN": 0.0,
            "percU": 0.0,
            "percUNK": 0.0,
            "l": 0.9999999999999997,
            "u": 1.0,
            "flag": "INTEREST"
        },
        "~a_8": {
            "yes": 1262,
            "no": 3542,
            "undecided": 1625,
            "unknown": 0,
            "pyes": 0.8428019911147198,
            "pno": 0.15201117867791994,
            "pundecided": 0.005186830207359999,
            "punknown": 0.0,
            "time": 259.2980704307556,
            "delp_calls": 6429,
            "percY": 249711.94,
            "percN": 700855.54,
            "percU": 321538.75,
            "percUNK": 0.0,
            "l": 0.8428019911147198,
            "u": 0.8479888213220801,
            "flag": "INTEREST"
        },
        "~a_7": {
            "yes": 6632,
            "no": 0,
            "undecided": 0,
            "unknown": 0,
            "pyes": 0.9999999999999997,
            "pno": 0.0,
            "pundecided": 0.0,
            "punknown": 0.0,
            "time": 256.7998969554901,
            "delp_calls": 6632,
            "percY": 1312273.84,
            "percN": 0.0,
            "percU": 0.0,
            "percUNK": 0.0,
            "l": 0.9999999999999997,
            "u": 1.0,
            "flag": "INTEREST"
        }
    },
    "data": {
        "n_samples": 19787,
        "time": 900.0769402980804,
        "repeated_programs": 0,
        "inconsistent_programs": 0,
        "worlds_consulted": 1536,
        "delp_calls": 19787
    }
}