{
    "status": {
        "d_23": {
            "yes": 4096,
            "no": 0,
            "undecided": 0,
            "unknown": 0,
            "pyes": 0.9999999999999964,
            "pno": 0.0,
            "pundecided": 0.0,
            "punknown": 0.0,
            "time": 164.2707281112671,
            "delp_calls": 4096,
            "percY": 392086036.48,
            "percN": 0.0,
            "percU": 0.0,
            "percUNK": 0.0,
            "l": 0.9999999999999964,
            "u": 1.0,
            "flag": "INTEREST"
        }
    },
    "data": {
        "n_samples": 9572413,
        "time": 300.00000166893005,
        "repeated_worlds": 9568317,
        "repeated_progs": 9568317,
        "unique_progs": 4096,
        "delp_calls": 4096
    }
}