{
    "status": {
        "~a_2": {
            "yes": 3072,
            "no": 0,
            "undecided": 0,
            "unknown": 1024,
            "pyes": 0.9902999999999994,
            "pno": 0.0,
            "pundecided": 0.0,
            "punknown": 0.009699999999999999,
            "time": 181.67753982543945,
            "delp_calls": 116,
            "percY": 111629383.68,
            "percN": 0.0,
            "percU": 0.0,
            "percUNK": 37209794.56,
            "l": 0.9902999999999994,
            "u": 1.0,
            "flag": "INTEREST"
        }
    },
    "data": {
        "n_samples": 3633769,
        "time": 60.00000977516174,
        "repeated_worlds": 3629673,
        "repeated_progs": 3633653,
        "unique_progs": 116,
        "delp_calls": 116
    }
}