{
    "status": {
        "~a_2": {
            "yes": 3072,
            "no": 0,
            "undecided": 0,
            "unknown": 1024,
            "pyes": 0.9903000000000001,
            "pno": 0.0,
            "pundecided": 0.0,
            "punknown": 0.009699999999999993,
            "time": 181.8867950439453,
            "delp_calls": 116,
            "percY": 3946260.48,
            "percN": 0.0,
            "percU": 0.0,
            "percUNK": 1315420.16,
            "l": 0.9903000000000001,
            "u": 1.0,
            "flag": "INTEREST"
        }
    },
    "data": {
        "n_samples": 128459,
        "time": 60.00023531913757,
        "repeated_worlds": 124363,
        "repeated_progs": 128343,
        "unique_progs": 116,
        "delp_calls": 116
    }
}