{
    "status": {
        "d_29": {
            "yes": 608,
            "no": 0,
            "undecided": 380,
            "unknown": 0,
            "pyes": 0.09224945372393283,
            "pno": 0.0,
            "pundecided": 0.0033650545590669587,
            "punknown": 0.0,
            "time": 38.91163682937622,
            "delp_calls": 988,
            "percY": 6007.04,
            "percN": 0.0,
            "percU": 3754.4,
            "percUNK": 0.0,
            "l": 0.09224945372393283,
            "u": 1.0
        }
    },
    "data": {
        "n_samples": 988,
        "time": 300.2308645248413,
        "repeated_programs": 0,
        "inconsistent_programs": 0,
        "worlds_consulted": 883,
        "delp_calls": 988
    }
}