{
    "status": {
        "d_16": {
            "yes": 1513,
            "no": 0,
            "undecided": 1479,
            "unknown": 9,
            "pyes": 0.06300000000000003,
            "pno": 0.0,
            "pundecided": 0.03630919602392504,
            "punknown": 0.0006908039760749637,
            "time": 136.52865028381348,
            "delp_calls": 5896,
            "percY": 266151.83,
            "percN": 0.0,
            "percU": 260170.89,
            "percUNK": 1583.19,
            "l": 0.06300000000000003,
            "u": 1.0
        },
        "a_9": {
            "yes": 736,
            "no": 780,
            "undecided": 1448,
            "unknown": 0,
            "pyes": 0.021148660781320733,
            "pno": 0.05138483026665434,
            "pundecided": 0.027466508952024935,
            "punknown": 0.0,
            "time": 135.69490218162537,
            "delp_calls": 5886,
            "percY": 129469.76,
            "percN": 137209.8,
            "percU": 254717.68,
            "percUNK": 0.0,
            "l": 0.021148660781320733,
            "u": 0.9486151697333457
        },
        "a_7": {
            "yes": 556,
            "no": 947,
            "undecided": 1424,
            "unknown": 0,
            "pyes": 0.0081770964044472,
            "pno": 0.08182290359555283,
            "pundecided": 0.010000000000000005,
            "punknown": 0.0,
            "time": 134.94475865364075,
            "delp_calls": 5809,
            "percY": 97805.96,
            "percN": 166586.77,
            "percU": 250495.84,
            "percUNK": 0.0,
            "l": 0.0081770964044472,
            "u": 0.9181770964044471
        }
    },
    "data": {
        "n_samples": 17591,
        "time": 900.0570595264435,
        "repeated_programs": 0,
        "inconsistent_programs": 8699,
        "worlds_consulted": 768,
        "delp_calls": 17591
    }
}