{
    "status": {
        "d_44": {
            "yes": 437,
            "no": 0,
            "undecided": 239,
            "unknown": 39,
            "pyes": 0.008100509551461585,
            "pno": 0.0,
            "pundecided": 0.003418038001875986,
            "punknown": 0.033836851465076714,
            "time": 28.20669722557068,
            "delp_calls": 715,
            "percY": 3124.55,
            "percN": 0.0,
            "percU": 1708.85,
            "percUNK": 278.85,
            "l": 0.008100509551461585,
            "u": 1.0
        }
    },
    "data": {
        "n_samples": 715,
        "time": 300.06518602371216,
        "repeated_programs": 0,
        "inconsistent_programs": 0,
        "worlds_consulted": 661,
        "delp_calls": 715
    }
}