{
    "status": {
        "d_44": {
            "yes": 2560,
            "no": 0,
            "undecided": 1296,
            "unknown": 240,
            "pyes": 0.764389868879584,
            "pno": 0.0,
            "pundecided": 0.0498800660649259,
            "punknown": 0.1857300650554901,
            "time": 163.83665823936462,
            "delp_calls": 4096,
            "percY": 241193830.4,
            "percN": 0.0,
            "percU": 122104376.64,
            "percUNK": 22611921.6,
            "l": 0.764389868879584,
            "u": 1.0,
            "flag": "INTEREST"
        }
    },
    "data": {
        "n_samples": 9421634,
        "time": 300.00001072883606,
        "repeated_worlds": 9417538,
        "repeated_progs": 9417538,
        "unique_progs": 4096,
        "delp_calls": 4096
    }
}