{
    "status": {
        "d_33": {
            "yes": 6812,
            "no": 0,
            "undecided": 0,
            "unknown": 0,
            "pyes": 0.0024280698021428007,
            "pno": 0.0,
            "pundecided": 0.0,
            "punknown": 0.0,
            "time": 284.82906103134155,
            "delp_calls": 6762,
            "percY": 470028.0,
            "percN": 0.0,
            "percU": 0.0,
            "percUNK": 0.0,
            "l": 0.0024280698021428007,
            "u": 1.0
        }
    },
    "data": {
        "n_samples": 6900,
        "time": 300.0039870738983,
        "repeated_worlds": 88,
        "repeated_progs": 138,
        "unique_progs": 6762,
        "delp_calls": 6762
    }
}