{
    "status": {
        "d_33": {
            "yes": 2102,
            "no": 0,
            "undecided": 0,
            "unknown": 0,
            "pyes": 0.0005008926763012911,
            "pno": 0.0,
            "pundecided": 0.0,
            "punknown": 0.0,
            "time": 88.232093334198,
            "delp_calls": 2102,
            "percY": 44184.04,
            "percN": 0.0,
            "percU": 0.0,
            "percUNK": 0.0,
            "l": 0.0005008926763012911,
            "u": 1.0
        }
    },
    "data": {
        "n_samples": 2102,
        "time": 300.093309879303,
        "repeated_programs": 0,
        "inconsistent_programs": 0,
        "worlds_consulted": 2627,
        "delp_calls": 2102
    }
}