{
    "status": {
        "~a_5": {
            "yes": 3509,
            "no": 0,
            "undecided": 0,
            "unknown": 0,
            "pyes": 0.09839999999999996,
            "pno": 0.0,
            "pundecided": 0.0,
            "punknown": 0.0,
            "time": 148.84344863891602,
            "delp_calls": 6051,
            "percY": 212329.59,
            "percN": 0.0,
            "percU": 0.0,
            "percUNK": 0.0,
            "l": 0.09839999999999996,
            "u": 1.0
        }
    },
    "data": {
        "n_samples": 6051,
        "time": 300.0493588447571,
        "repeated_programs": 0,
        "inconsistent_programs": 2542,
        "worlds_consulted": 1536,
        "delp_calls": 6051
    }
}