{
    "status": {
        "d_53": {
            "yes": 2560,
            "no": 0,
            "undecided": 960,
            "unknown": 576,
            "pyes": 0.968263476400001,
            "pno": 0.0,
            "pundecided": 0.026226427970203196,
            "punknown": 0.005510095629796799,
            "time": 164.45914888381958,
            "delp_calls": 4096,
            "percY": 236752563.2,
            "percN": 0.0,
            "percU": 88782211.2,
            "percUNK": 53269326.72,
            "l": 0.968263476400001,
            "u": 1.0,
            "flag": "INTEREST"
        }
    },
    "data": {
        "n_samples": 9248147,
        "time": 300.0000114440918,
        "repeated_worlds": 9244051,
        "repeated_progs": 9244051,
        "unique_progs": 4096,
        "delp_calls": 4096
    }
}