{
    "status": {
        "d_37": {
            "yes": 7262,
            "no": 0,
            "undecided": 0,
            "unknown": 0,
            "pyes": 0.0034075759230055586,
            "pno": 0.0,
            "pundecided": 0.0,
            "punknown": 0.0,
            "time": 297.49414014816284,
            "delp_calls": 6924,
            "percY": 1015735.94,
            "percN": 0.0,
            "percU": 0.0,
            "percUNK": 0.0,
            "l": 0.0034075759230055586,
            "u": 1.0
        },
        "a_17": {
            "yes": 3119,
            "no": 848,
            "undecided": 2581,
            "unknown": 0,
            "pyes": 0.026469677206392345,
            "pno": 4.112531124042216e-05,
            "pundecided": 0.0007484814740543416,
            "punknown": 0.0,
            "time": 298.3512473106384,
            "delp_calls": 6270,
            "percY": 436254.53,
            "percN": 118609.76,
            "percU": 361004.47,
            "percUNK": 0.0,
            "l": 0.026469677206392345,
            "u": 0.9999588746887595
        }
    },
    "data": {
        "n_samples": 13987,
        "time": 600.0212771892548,
        "repeated_worlds": 177,
        "repeated_progs": 793,
        "unique_progs": 13194,
        "delp_calls": 13194
    }
}