{
    "status": {
        "d_47": {
            "yes": 1042,
            "no": 0,
            "undecided": 36,
            "unknown": 110,
            "pyes": 0.06823542798877265,
            "pno": 0.0,
            "pundecided": 9.041058779018547e-06,
            "punknown": 0.0016233019669368441,
            "time": 55.93606758117676,
            "delp_calls": 1188,
            "percY": 14817.24,
            "percN": 0.0,
            "percU": 511.92,
            "percUNK": 1564.2,
            "l": 0.06823542798877265,
            "u": 1.0
        }
    },
    "data": {
        "n_samples": 1422,
        "time": 60.00139594078064,
        "repeated_worlds": 234,
        "repeated_progs": 234,
        "unique_progs": 1188,
        "delp_calls": 1188
    }
}