{
    "status": {
        "a_6": {
            "yes": 131071,
            "no": 0,
            "undecided": 131072,
            "unknown": 0,
            "pyes": 0.9399999999999523,
            "pno": 0.0,
            "pundecided": 0.05999999999999721,
            "punknown": 0.0,
            "time": 9808.6976852417,
            "delp_calls": 4096,
            "percY": 5005610664.97,
            "percN": 0.0,
            "percU": 5005648855.04,
            "percUNK": 0.0,
            "l": 0.9399999999999523,
            "u": 1.0,
            "flag": "INTEREST"
        }
    },
    "data": {
        "n_samples": 3819007,
        "time": 300.00001192092896,
        "repeated_worlds": 3556864,
        "repeated_progs": 3814911,
        "unique_progs": 4096,
        "delp_calls": 4096
    }
}