{
    "status": {
        "~d_61": {
            "yes": 1896,
            "no": 0,
            "undecided": 575,
            "unknown": 0,
            "pyes": 0.007465345374163327,
            "pno": 0.0,
            "pundecided": 1.4589824427021287e-06,
            "punknown": 0.0,
            "time": 104.70103549957275,
            "delp_calls": 2471,
            "percY": 139659.36,
            "percN": 0.0,
            "percU": 42354.5,
            "percUNK": 0.0,
            "l": 0.007465345374163327,
            "u": 1.0
        },
        "a_11": {
            "yes": 2485,
            "no": 0,
            "undecided": 0,
            "unknown": 0,
            "pyes": 0.4688018394256043,
            "pno": 0.0,
            "pundecided": 0.0,
            "punknown": 0.0,
            "time": 102.97796678543091,
            "delp_calls": 2485,
            "percY": 183045.1,
            "percN": 0.0,
            "percU": 0.0,
            "percUNK": 0.0,
            "l": 0.4688018394256043,
            "u": 1.0
        },
        "a_15": {
            "yes": 112,
            "no": 2105,
            "undecided": 193,
            "unknown": 0,
            "pyes": 4.849046250666606e-09,
            "pno": 0.0007390443618401803,
            "pundecided": 7.944122187333211e-06,
            "punknown": 0.0,
            "time": 110.10726284980774,
            "delp_calls": 2410,
            "percY": 8249.92,
            "percN": 155054.3,
            "percU": 14216.38,
            "percUNK": 0.0,
            "l": 4.849046250666606e-09,
            "u": 0.9992609556381599
        }
    },
    "data": {
        "n_samples": 7366,
        "time": 900.1476640701294,
        "repeated_programs": 0,
        "inconsistent_programs": 0,
        "worlds_consulted": 12769,
        "delp_calls": 7366
    }
}