{
    "status": {
        "~a_9": {
            "yes": 177,
            "no": 114,
            "undecided": 411,
            "unknown": 32,
            "pyes": 9.700613124127512e-06,
            "pno": 0.00437334663463025,
            "pundecided": 3.165505880828414e-05,
            "punknown": 1.522858774846723e-07,
            "time": 30.098527193069458,
            "delp_calls": 734,
            "percY": 1299.18,
            "percN": 836.76,
            "percU": 3016.74,
            "percUNK": 234.88,
            "l": 9.700613124127512e-06,
            "u": 0.9956266533653697
        }
    },
    "data": {
        "n_samples": 734,
        "time": 60.083802223205566,
        "repeated_programs": 0,
        "inconsistent_programs": 0,
        "worlds_consulted": 5125,
        "delp_calls": 734
    }
}