{
    "status": {
        "d_11": {
            "yes": 39152,
            "no": 0,
            "undecided": 39283,
            "unknown": 0,
            "pyes": 0.0029347564795356895,
            "pno": 0.0,
            "pundecided": 0.00015866110253565704,
            "punknown": 0.0,
            "time": 3574.869127511978,
            "delp_calls": 512,
            "percY": 30786000.64,
            "percN": 0.0,
            "percU": 30889008.56,
            "percUNK": 0.0,
            "l": 0.0029347564795356895,
            "u": 1.0
        }
    },
    "data": {
        "n_samples": 78632,
        "time": 60.000277042388916,
        "repeated_worlds": 197,
        "repeated_progs": 78120,
        "unique_progs": 512,
        "delp_calls": 512
    }
}