{
    "status": {
        "d_11": {
            "yes": 724,
            "no": 0,
            "undecided": 0,
            "unknown": 0,
            "pyes": 0.6553540439929718,
            "pno": 0.0,
            "pundecided": 0.0,
            "punknown": 0.0,
            "time": 30.96749782562256,
            "delp_calls": 1243,
            "percY": 8999.32,
            "percN": 0.0,
            "percU": 0.0,
            "percUNK": 0.0,
            "l": 0.6553540439929718,
            "u": 1.0,
            "flag": "INTEREST"
        }
    },
    "data": {
        "n_samples": 1243,
        "time": 60.01492524147034,
        "repeated_programs": 0,
        "inconsistent_programs": 519,
        "worlds_consulted": 232,
        "delp_calls": 1243
    }
}