{
    "status": {
        "d_63": {
            "yes": 2560,
            "no": 0,
            "undecided": 896,
            "unknown": 640,
            "pyes": 0.9503562919999987,
            "pno": 0.0,
            "pundecided": 0.04042251318520001,
            "punknown": 0.009221194814800006,
            "time": 162.77695679664612,
            "delp_calls": 4096,
            "percY": 709417420.8,
            "percN": 0.0,
            "percU": 248296097.28,
            "percUNK": 177354355.2,
            "l": 0.9503562919999987,
            "u": 1.0,
            "flag": "INTEREST"
        },
        "a_16": {
            "yes": 99,
            "no": 390,
            "undecided": 3591,
            "unknown": 16,
            "pyes": 0.011219860367892147,
            "pno": 0.8384177122628538,
            "pundecided": 0.1503624211692312,
            "punknown": 6.200022528000001e-09,
            "time": 161.88658714294434,
            "delp_calls": 4096,
            "percY": 27434501.82,
            "percN": 108075310.2,
            "percU": 995124202.38,
            "percUNK": 4433858.88,
            "l": 0.011219860367892147,
            "u": 0.16158228773714622,
            "flag": "INTEREST"
        },
        "~a_16": {
            "yes": 390,
            "no": 99,
            "undecided": 3591,
            "unknown": 16,
            "pyes": 0.8384177122628531,
            "pno": 0.011219860367892147,
            "pundecided": 0.15036242116923182,
            "punknown": 6.200022528000001e-09,
            "time": 165.32973074913025,
            "delp_calls": 4096,
            "percY": 108075310.2,
            "percN": 27434501.82,
            "percU": 995124202.38,
            "percUNK": 4433858.88,
            "l": 0.8384177122628531,
            "u": 0.9887801396321079,
            "flag": "INTEREST"
        }
    },
    "data": {
        "n_samples": 27711618,
        "time": 900.0000288486481,
        "repeated_worlds": 27699330,
        "repeated_progs": 27699330,
        "unique_progs": 12288,
        "delp_calls": 12288
    }
}