{
    "status": {
        "a_10": {
            "yes": 4096,
            "no": 0,
            "undecided": 0,
            "unknown": 0,
            "pyes": 0.9999999999999999,
            "pno": 0.0,
            "pundecided": 0.0,
            "punknown": 0.0,
            "time": 205.7041301727295,
            "delp_calls": 175,
            "percY": 2061062717.44,
            "percN": 0.0,
            "percU": 0.0,
            "percUNK": 0.0,
            "l": 0.9999999999999999,
            "u": 1.0,
            "flag": "INTEREST"
        },
        "a_6": {
            "yes": 3072,
            "no": 0,
            "undecided": 1024,
            "unknown": 0,
            "pyes": 0.9905631616399999,
            "pno": 0.0,
            "pundecided": 0.009436838359999996,
            "punknown": 0.0,
            "time": 211.01870155334473,
            "delp_calls": 175,
            "percY": 1545797038.08,
            "percN": 0.0,
            "percU": 515265679.36,
            "percUNK": 0.0,
            "l": 0.9905631616399999,
            "u": 1.0,
            "flag": "INTEREST"
        },
        "a_9": {
            "yes": 4096,
            "no": 0,
            "undecided": 0,
            "unknown": 0,
            "pyes": 1.0000000000000007,
            "pno": 0.0,
            "pundecided": 0.0,
            "punknown": 0.0,
            "time": 216.3738842010498,
            "delp_calls": 175,
            "percY": 2061062717.44,
            "percN": 0.0,
            "percU": 0.0,
            "percUNK": 0.0,
            "l": 1.0000000000000007,
            "u": 1.0,
            "flag": "INTEREST"
        }
    },
    "data": {
        "n_samples": 50318914,
        "time": 900.0000133514404,
        "repeated_worlds": 50306626,
        "repeated_progs": 50318389,
        "unique_progs": 525,
        "delp_calls": 525
    }
}