{
    "status": {
        "~d_13": {
            "yes": 3584,
            "no": 0,
            "undecided": 448,
            "unknown": 64,
            "pyes": 0.9913404820255536,
            "pno": 0.0,
            "pundecided": 0.008659517974446142,
            "punknown": 0.0,
            "time": 171.79686164855957,
            "delp_calls": 1286,
            "percY": 24104514.56,
            "percN": 0.0,
            "percU": 3013064.32,
            "percUNK": 430437.76,
            "l": 0.9913404820255536,
            "u": 1.0,
            "flag": "INTEREST"
        },
        "a_5": {
            "yes": 1040,
            "no": 0,
            "undecided": 3040,
            "unknown": 16,
            "pyes": 0.6883577000814267,
            "pno": 0.0,
            "pundecided": 0.309045901422973,
            "punknown": 0.0025963984956000005,
            "time": 170.780042886734,
            "delp_calls": 1286,
            "percY": 6994613.6,
            "percN": 0.0,
            "percU": 20445793.6,
            "percUNK": 107609.44,
            "l": 0.6883577000814267,
            "u": 1.0,
            "flag": "INTEREST"
        },
        "a_7": {
            "yes": 1560,
            "no": 792,
            "undecided": 1728,
            "unknown": 16,
            "pyes": 0.8006648214346807,
            "pno": 0.11436333748939323,
            "pundecided": 0.08478005865752164,
            "punknown": 0.00019178241840576003,
            "time": 163.4468367099762,
            "delp_calls": 1286,
            "percY": 10491920.4,
            "percN": 5326667.28,
            "percU": 11621819.52,
            "percUNK": 107609.44,
            "l": 0.8006648214346807,
            "u": 0.8856366625106068,
            "flag": "INTEREST"
        }
    },
    "data": {
        "n_samples": 672559,
        "time": 180.00001621246338,
        "repeated_worlds": 660271,
        "repeated_progs": 668701,
        "unique_progs": 3858,
        "delp_calls": 3858
    }
}