{
    "status": {
        "~a_0": {
            "yes": 1111,
            "no": 0,
            "undecided": 0,
            "unknown": 176,
            "pyes": 0.0015603333497585534,
            "pno": 0.0,
            "pundecided": 0.0,
            "punknown": 3.278777578113508e-08,
            "time": 63.327043533325195,
            "delp_calls": 1157,
            "percY": 14343.01,
            "percN": 0.0,
            "percU": 0.0,
            "percUNK": 2272.16,
            "l": 0.0015603333497585534,
            "u": 1.0
        }
    },
    "data": {
        "n_samples": 1291,
        "time": 60.00673985481262,
        "repeated_worlds": 4,
        "repeated_progs": 134,
        "unique_progs": 1157,
        "delp_calls": 1157
    }
}