{
    "status": {
        "~a_0": {
            "yes": 429,
            "no": 0,
            "undecided": 0,
            "unknown": 100,
            "pyes": 0.0020135649750104238,
            "pno": 0.0,
            "pundecided": 0.0,
            "punknown": 2.9650000795381645e-07,
            "time": 26.446991443634033,
            "delp_calls": 529,
            "percY": 2269.41,
            "percN": 0.0,
            "percU": 0.0,
            "percUNK": 529.0,
            "l": 0.0020135649750104238,
            "u": 1.0
        }
    },
    "data": {
        "n_samples": 529,
        "time": 60.06842756271362,
        "repeated_programs": 0,
        "inconsistent_programs": 0,
        "worlds_consulted": 5954,
        "delp_calls": 529
    }
}