{
    "status": {
        "d_62": {
            "yes": 2048,
            "no": 0,
            "undecided": 2048,
            "unknown": 0,
            "pyes": 0.9799999999999981,
            "pno": 0.0,
            "pundecided": 0.019999999999999997,
            "punknown": 0.0,
            "time": 165.83084869384766,
            "delp_calls": 4096,
            "percY": 366276833.28,
            "percN": 0.0,
            "percU": 366276833.28,
            "percUNK": 0.0,
            "l": 0.9799999999999981,
            "u": 1.0,
            "flag": "INTEREST"
        },
        "a_18": {
            "yes": 1312,
            "no": 928,
            "undecided": 1856,
            "unknown": 0,
            "pyes": 0.8012337247303685,
            "pno": 0.09531806133877446,
            "pundecided": 0.10344821393085774,
            "punknown": 0.0,
            "time": 173.48824048042297,
            "delp_calls": 4096,
            "percY": 234646096.32,
            "percN": 165969190.08,
            "percU": 331938380.16,
            "percUNK": 0.0,
            "l": 0.8012337247303685,
            "u": 0.9046819386612255,
            "flag": "INTEREST"
        }
    },
    "data": {
        "n_samples": 17884611,
        "time": 600.0000050067902,
        "repeated_worlds": 17876419,
        "repeated_progs": 17876419,
        "unique_progs": 8192,
        "delp_calls": 8192
    }
}