{
    "status": {
        "~d_28": {
            "yes": 731,
            "no": 0,
            "undecided": 238,
            "unknown": 193,
            "pyes": 0.06139863211326051,
            "pno": 0.0,
            "pundecided": 0.003198314017184833,
            "punknown": 6.724288630080002e-06,
            "time": 45.12802314758301,
            "delp_calls": 1162,
            "percY": 8494.22,
            "percN": 0.0,
            "percU": 2765.56,
            "percUNK": 2242.66,
            "l": 0.06139863211326051,
            "u": 1.0
        }
    },
    "data": {
        "n_samples": 1162,
        "time": 300.13794589042664,
        "repeated_programs": 0,
        "inconsistent_programs": 0,
        "worlds_consulted": 1021,
        "delp_calls": 1162
    }
}