{
    "status": {
        "~d_28": {
            "yes": 2560,
            "no": 0,
            "undecided": 768,
            "unknown": 768,
            "pyes": 0.9405150160000003,
            "pno": 0.0,
            "pundecided": 0.05413133544,
            "punknown": 0.00535364856,
            "time": 162.6249237060547,
            "delp_calls": 4094,
            "percY": 234235468.8,
            "percN": 0.0,
            "percU": 70270640.64,
            "percUNK": 70270640.64,
            "l": 0.9405150160000003,
            "u": 1.0,
            "flag": "INTEREST"
        }
    },
    "data": {
        "n_samples": 9149823,
        "time": 300.00000381469727,
        "repeated_worlds": 9145727,
        "repeated_progs": 9145729,
        "unique_progs": 4094,
        "delp_calls": 4094
    }
}