{
    "status": {
        "a_10": {
            "yes": 232,
            "no": 0,
            "undecided": 200,
            "unknown": 0,
            "pyes": 0.0022018863475445627,
            "pno": 0.0,
            "pundecided": 0.00016805602162197914,
            "punknown": 0.0,
            "time": 19.433823585510254,
            "delp_calls": 810,
            "percY": 3665.6,
            "percN": 0.0,
            "percU": 3160.0,
            "percUNK": 0.0,
            "l": 0.0022018863475445627,
            "u": 1.0
        },
        "a_15": {
            "yes": 156,
            "no": 38,
            "undecided": 212,
            "unknown": 0,
            "pyes": 9.321079422834934e-05,
            "pno": 0.0013712191408433419,
            "pundecided": 0.00042470216102861584,
            "punknown": 0.0,
            "time": 20.014875650405884,
            "delp_calls": 770,
            "percY": 2464.8,
            "percN": 600.4,
            "percU": 3349.6,
            "percUNK": 0.0,
            "l": 9.321079422834934e-05,
            "u": 0.9986287808591566
        }
    },
    "data": {
        "n_samples": 1580,
        "time": 120.0951337814331,
        "repeated_programs": 0,
        "inconsistent_programs": 742,
        "worlds_consulted": 753,
        "delp_calls": 1580
    }
}