{
    "status": {
        "a_10": {
            "yes": 637,
            "no": 0,
            "undecided": 614,
            "unknown": 0,
            "pyes": 0.15843274332920965,
            "pno": 0.0,
            "pundecided": 0.05764528690290498,
            "punknown": 0.0,
            "time": 57.114861726760864,
            "delp_calls": 1251,
            "percY": 18364.71,
            "percN": 0.0,
            "percU": 17701.62,
            "percUNK": 0.0,
            "l": 0.15843274332920965,
            "u": 1.0
        },
        "a_15": {
            "yes": 361,
            "no": 91,
            "undecided": 759,
            "unknown": 0,
            "pyes": 0.005541214087459532,
            "pno": 0.1356040559956383,
            "pundecided": 0.06397543836467222,
            "punknown": 0.0,
            "time": 57.23059678077698,
            "delp_calls": 1211,
            "percY": 10407.63,
            "percN": 2623.53,
            "percU": 21881.97,
            "percUNK": 0.0,
            "l": 0.005541214087459532,
            "u": 0.8643959440043617
        }
    },
    "data": {
        "n_samples": 2883,
        "time": 120.03987383842468,
        "repeated_worlds": 421,
        "repeated_progs": 421,
        "unique_progs": 2462,
        "delp_calls": 2462
    }
}