{
    "status": {
        "d_17": {
            "yes": 2560,
            "no": 0,
            "undecided": 768,
            "unknown": 768,
            "pyes": 0.7760464359999998,
            "pno": 0.0,
            "pundecided": 0.029300146258440008,
            "punknown": 0.19465341774155995,
            "time": 160.62119007110596,
            "delp_calls": 2155,
            "percY": 415123251.2,
            "percN": 0.0,
            "percU": 124536975.36,
            "percUNK": 124536975.36,
            "l": 0.7760464359999998,
            "u": 1.0,
            "flag": "INTEREST"
        }
    },
    "data": {
        "n_samples": 16215752,
        "time": 300.0000205039978,
        "repeated_worlds": 16211656,
        "repeated_progs": 16213597,
        "unique_progs": 2155,
        "delp_calls": 2155
    }
}