{
    "status": {
        "d_10": {
            "yes": 196608,
            "no": 0,
            "undecided": 65536,
            "unknown": 0,
            "pyes": 0.9494439159999916,
            "pno": 0.0,
            "pundecided": 0.05055608399999996,
            "punknown": 0.0,
            "time": 11076.394481658936,
            "delp_calls": 908,
            "percY": 66477028147.2,
            "percN": 0.0,
            "percU": 22159009382.4,
            "percUNK": 0.0,
            "l": 0.9494439159999916,
            "u": 1.0,
            "flag": "INTEREST"
        },
        "~a_7": {
            "yes": 262144,
            "no": 0,
            "undecided": 0,
            "unknown": 0,
            "pyes": 0.9999999999999912,
            "pno": 0.0,
            "pundecided": 0.0,
            "punknown": 0.0,
            "time": 12050.917861938477,
            "delp_calls": 908,
            "percY": 88636037529.6,
            "percN": 0.0,
            "percU": 0.0,
            "percUNK": 0.0,
            "l": 0.9999999999999912,
            "u": 1.0,
            "flag": "INTEREST"
        },
        "a_7": {
            "yes": 0,
            "no": 262144,
            "undecided": 0,
            "unknown": 0,
            "pyes": 0.0,
            "pno": 0.9999999999999919,
            "pundecided": 0.0,
            "punknown": 0.0,
            "time": 13408.979965209961,
            "delp_calls": 908,
            "percY": 0.0,
            "percN": 88636037529.6,
            "percU": 0.0,
            "percUNK": 0.0,
            "l": 0.0,
            "u": 8.104628079763643e-15,
            "flag": "INTEREST"
        }
    },
    "data": {
        "n_samples": 33811965,
        "time": 900.0000224113464,
        "repeated_worlds": 33025533,
        "repeated_progs": 33809241,
        "unique_progs": 2724,
        "delp_calls": 2724
    }
}