{
    "status": {
        "d_10": {
            "yes": 1710,
            "no": 0,
            "undecided": 800,
            "unknown": 0,
            "pyes": 0.06545240427382132,
            "pno": 0.0,
            "pundecided": 0.04807786309831401,
            "punknown": 0.0,
            "time": 118.64691877365112,
            "delp_calls": 2510,
            "percY": 134645.4,
            "percN": 0.0,
            "percU": 62992.0,
            "percUNK": 0.0,
            "l": 0.06545240427382132,
            "u": 1.0
        },
        "~a_7": {
            "yes": 1791,
            "no": 110,
            "undecided": 750,
            "unknown": 0,
            "pyes": 0.08551673512318252,
            "pno": 0.0,
            "pundecided": 1.4978769593475223e-05,
            "punknown": 0.0,
            "time": 125.6193597316742,
            "delp_calls": 2651,
            "percY": 141023.34,
            "percN": 8661.4,
            "percU": 59055.0,
            "percUNK": 0.0,
            "l": 0.08551673512318252,
            "u": 1.0
        },
        "a_7": {
            "yes": 115,
            "no": 1785,
            "undecided": 813,
            "unknown": 0,
            "pyes": 0.0,
            "pno": 0.07896278557264429,
            "pundecided": 6.898613343953359e-05,
            "punknown": 0.0,
            "time": 130.50492548942566,
            "delp_calls": 2713,
            "percY": 9055.1,
            "percN": 140550.9,
            "percU": 64015.62,
            "percUNK": 0.0,
            "l": 0.0,
            "u": 0.9210372144273558
        }
    },
    "data": {
        "n_samples": 7874,
        "time": 900.3498749732971,
        "repeated_programs": 0,
        "inconsistent_programs": 0,
        "worlds_consulted": 69666,
        "delp_calls": 7874
    }
}