{
    "status": {
        "~d_52": {
            "yes": 601,
            "no": 0,
            "undecided": 0,
            "unknown": 0,
            "pyes": 0.02277992760326065,
            "pno": 0.0,
            "pundecided": 0.0,
            "punknown": 0.0,
            "time": 27.350852251052856,
            "delp_calls": 601,
            "percY": 10932.19,
            "percN": 0.0,
            "percU": 0.0,
            "percUNK": 0.0,
            "l": 0.02277992760326065,
            "u": 1.0
        },
        "a_16": {
            "yes": 581,
            "no": 0,
            "undecided": 25,
            "unknown": 0,
            "pyes": 0.019035719350046904,
            "pno": 0.0,
            "pundecided": 0.002597530230994449,
            "punknown": 0.0,
            "time": 28.39973783493042,
            "delp_calls": 606,
            "percY": 10568.39,
            "percN": 0.0,
            "percU": 454.75,
            "percUNK": 0.0,
            "l": 0.019035719350046904,
            "u": 1.0
        },
        "a_20": {
            "yes": 598,
            "no": 2,
            "undecided": 12,
            "unknown": 0,
            "pyes": 0.07425599418590731,
            "pno": 3.526992168000001e-14,
            "pundecided": 4.6564594650268817e-10,
            "punknown": 0.0,
            "time": 28.42434525489807,
            "delp_calls": 612,
            "percY": 10877.62,
            "percN": 36.38,
            "percU": 218.28,
            "percUNK": 0.0,
            "l": 0.07425599418590731,
            "u": 0.9999999999999647
        }
    },
    "data": {
        "n_samples": 1819,
        "time": 180.18804168701172,
        "repeated_programs": 0,
        "inconsistent_programs": 0,
        "worlds_consulted": 1786,
        "delp_calls": 1819
    }
}