{
    "status": {
        "d_27": {
            "yes": 793,
            "no": 0,
            "undecided": 0,
            "unknown": 0,
            "pyes": 0.08273234194599731,
            "pno": 0.0,
            "pundecided": 0.0,
            "punknown": 0.0,
            "time": 31.957326412200928,
            "delp_calls": 793,
            "percY": 19238.18,
            "percN": 0.0,
            "percU": 0.0,
            "percUNK": 0.0,
            "l": 0.08273234194599731,
            "u": 1.0
        },
        "~a_14": {
            "yes": 89,
            "no": 46,
            "undecided": 682,
            "unknown": 0,
            "pyes": 0.5535933495186283,
            "pno": 0.0013077145529928615,
            "pundecided": 0.06305893081207409,
            "punknown": 0.0,
            "time": 32.23259353637695,
            "delp_calls": 817,
            "percY": 2159.14,
            "percN": 1115.96,
            "percU": 16545.32,
            "percUNK": 0.0,
            "l": 0.5535933495186283,
            "u": 0.9986922854470072,
            "flag": "INTEREST"
        },
        "a_14": {
            "yes": 52,
            "no": 93,
            "undecided": 671,
            "unknown": 0,
            "pyes": 2.7244064713815468e-05,
            "pno": 0.0011986470447936572,
            "pundecided": 0.06674406352015402,
            "punknown": 0.0,
            "time": 32.29279112815857,
            "delp_calls": 816,
            "percY": 1261.52,
            "percN": 2256.18,
            "percU": 16278.46,
            "percUNK": 0.0,
            "l": 2.7244064713815468e-05,
            "u": 0.9988013529552063
        }
    },
    "data": {
        "n_samples": 2426,
        "time": 180.06923604011536,
        "repeated_programs": 0,
        "inconsistent_programs": 0,
        "worlds_consulted": 2595,
        "delp_calls": 2426
    }
}