{
    "status": {
        "~a_6": {
            "yes": 478,
            "no": 0,
            "undecided": 415,
            "unknown": 81,
            "pyes": 0.13111766366980326,
            "pno": 0.0,
            "pundecided": 0.03807646663097194,
            "punknown": 0.0004849166042260002,
            "time": 37.621339321136475,
            "delp_calls": 974,
            "percY": 9254.08,
            "percN": 0.0,
            "percU": 8034.4,
            "percUNK": 1568.16,
            "l": 0.13111766366980326,
            "u": 1.0
        },
        "~a_8": {
            "yes": 70,
            "no": 39,
            "undecided": 853,
            "unknown": 0,
            "pyes": 0.03857325674011299,
            "pno": 0.06029132335164802,
            "pundecided": 0.05630524759080075,
            "punknown": 0.0,
            "time": 37.92082238197327,
            "delp_calls": 962,
            "percY": 1355.2,
            "percN": 755.04,
            "percU": 16514.08,
            "percUNK": 0.0,
            "l": 0.03857325674011299,
            "u": 0.939708676648352
        }
    },
    "data": {
        "n_samples": 1936,
        "time": 120.05147767066956,
        "repeated_programs": 0,
        "inconsistent_programs": 0,
        "worlds_consulted": 2626,
        "delp_calls": 1936
    }
}