{
    "status": {
        "~a_6": {
            "yes": 920,
            "no": 0,
            "undecided": 679,
            "unknown": 102,
            "pyes": 0.13475076387191,
            "pno": 0.0,
            "pundecided": 0.06778184113574769,
            "punknown": 0.00021539534571854204,
            "time": 71.3920304775238,
            "delp_calls": 1357,
            "percY": 41400.0,
            "percN": 0.0,
            "percU": 30555.0,
            "percUNK": 4590.0,
            "l": 0.13475076387191,
            "u": 1.0
        },
        "~a_8": {
            "yes": 124,
            "no": 98,
            "undecided": 1506,
            "unknown": 0,
            "pyes": 0.040992232637096164,
            "pno": 0.13399820615105323,
            "pundecided": 0.10707241854829806,
            "punknown": 0.0,
            "time": 71.72675633430481,
            "delp_calls": 1375,
            "percY": 5580.0,
            "percN": 4410.0,
            "percU": 67770.0,
            "percUNK": 0.0,
            "l": 0.040992232637096164,
            "u": 0.8660017938489468
        }
    },
    "data": {
        "n_samples": 4500,
        "time": 120.07907199859619,
        "repeated_worlds": 1071,
        "repeated_progs": 1768,
        "unique_progs": 2732,
        "delp_calls": 2732
    }
}