{
    "status": {
        "a_8": {
            "yes": 2048,
            "no": 2048,
            "undecided": 0,
            "unknown": 0,
            "pyes": 0.7931363037681001,
            "pno": 0.20686369623189996,
            "pundecided": 0.0,
            "punknown": 0.0,
            "time": 158.42467498779297,
            "delp_calls": 90,
            "percY": 449393090.56,
            "percN": 449393090.56,
            "percU": 0.0,
            "percUNK": 0.0,
            "l": 0.7931363037681001,
            "u": 0.7931363037681001,
            "flag": "INTEREST"
        }
    },
    "data": {
        "n_samples": 21943022,
        "time": 300.00001335144043,
        "repeated_worlds": 21938926,
        "repeated_progs": 21942932,
        "unique_progs": 90,
        "delp_calls": 90
    }
}