{
    "status": {
        "~a_0": {
            "yes": 140443,
            "no": 0,
            "undecided": 0,
            "unknown": 140276,
            "pyes": 0.011713150309170115,
            "pno": 0.0,
            "pundecided": 0.0,
            "punknown": 0.004329798289595877,
            "time": 11716.751475334167,
            "delp_calls": 4096,
            "percY": 1023748013.06,
            "percN": 0.0,
            "percU": 0.0,
            "percUNK": 1022530679.92,
            "l": 0.011713150309170115,
            "u": 1.0
        },
        "~a_7": {
            "yes": 89570,
            "no": 27931,
            "undecided": 118206,
            "unknown": 0,
            "pyes": 0.009034323912325781,
            "pno": 0.000477909370247841,
            "pundecided": 0.0031490655618149556,
            "punknown": 0.0,
            "time": 10919.221940517426,
            "delp_calls": 4096,
            "percY": 652913349.4,
            "percN": 203600790.02,
            "percU": 861653180.52,
            "percUNK": 0.0,
            "l": 0.009034323912325781,
            "u": 0.9995220906297522
        },
        "~a_8": {
            "yes": 67711,
            "no": 35814,
            "undecided": 103645,
            "unknown": 0,
            "pyes": 0.008100883129999435,
            "pno": 0.0006534401037442523,
            "pundecided": 0.0022836642182824537,
            "punknown": 0.0,
            "time": 10269.77099275589,
            "delp_calls": 4096,
            "percY": 493573917.62,
            "percN": 261063287.88,
            "percU": 755511935.9,
            "percUNK": 0.0,
            "l": 0.008100883129999435,
            "u": 0.9993465598962558
        }
    },
    "data": {
        "n_samples": 728942,
        "time": 900.0009119510651,
        "repeated_worlds": 5346,
        "repeated_progs": 716654,
        "unique_progs": 12288,
        "delp_calls": 12288
    }
}