{
    "status": {
        "d_16": {
            "yes": 627190,
            "no": 0,
            "undecided": 0,
            "unknown": 0,
            "pyes": 0.03435879430722683,
            "pno": 0.0,
            "pundecided": 0.0,
            "punknown": 0.0,
            "time": 28899.776391029358,
            "delp_calls": 320,
            "percY": 4009870274.1,
            "percN": 0.0,
            "percU": 0.0,
            "percUNK": 0.0,
            "l": 0.03435879430722683,
            "u": 1.0
        }
    },
    "data": {
        "n_samples": 639339,
        "time": 300.00039935112,
        "repeated_worlds": 12149,
        "repeated_progs": 639019,
        "unique_progs": 320,
        "delp_calls": 320
    }
}