{
    "status": {
        "d_62": {
            "yes": 2022,
            "no": 0,
            "undecided": 0,
            "unknown": 0,
            "pyes": 0.00703422312543442,
            "pno": 0.0,
            "pundecided": 0.0,
            "punknown": 0.0,
            "time": 86.268630027771,
            "delp_calls": 2658,
            "percY": 105851.7,
            "percN": 0.0,
            "percU": 0.0,
            "percUNK": 0.0,
            "l": 0.00703422312543442,
            "u": 1.0
        },
        "a_18": {
            "yes": 1070,
            "no": 390,
            "undecided": 508,
            "unknown": 0,
            "pyes": 0.00625876482252045,
            "pno": 0.006592404124452406,
            "pundecided": 3.6691824886680222e-06,
            "punknown": 0.0,
            "time": 92.3614227771759,
            "delp_calls": 2577,
            "percY": 56014.5,
            "percN": 20416.5,
            "percU": 26593.8,
            "percUNK": 0.0,
            "l": 0.00625876482252045,
            "u": 0.9934075958755476
        }
    },
    "data": {
        "n_samples": 5235,
        "time": 600.1011912822723,
        "repeated_programs": 0,
        "inconsistent_programs": 1245,
        "worlds_consulted": 7706,
        "delp_calls": 5235
    }
}