{
    "status": {
        "d_62": {
            "yes": 6948,
            "no": 0,
            "undecided": 0,
            "unknown": 0,
            "pyes": 0.010519726712954609,
            "pno": 0.0,
            "pundecided": 0.0,
            "punknown": 0.0,
            "time": 291.0355577468872,
            "delp_calls": 6765,
            "percY": 940411.8,
            "percN": 0.0,
            "percU": 0.0,
            "percUNK": 0.0,
            "l": 0.010519726712954609,
            "u": 1.0
        },
        "a_18": {
            "yes": 3694,
            "no": 1264,
            "undecided": 1461,
            "unknown": 0,
            "pyes": 0.013323964843217663,
            "pno": 0.040026445622095605,
            "pundecided": 7.4884250260025395e-06,
            "punknown": 0.0,
            "time": 292.7669532299042,
            "delp_calls": 6241,
            "percY": 499982.9,
            "percN": 171082.4,
            "percU": 197746.35,
            "percUNK": 0.0,
            "l": 0.013323964843217663,
            "u": 0.9599735543779044
        }
    },
    "data": {
        "n_samples": 13535,
        "time": 600.0269725322723,
        "repeated_worlds": 168,
        "repeated_progs": 529,
        "unique_progs": 13006,
        "delp_calls": 13006
    }
}