{
    "status": {
        "d_12": {
            "yes": 345717,
            "no": 0,
            "undecided": 346261,
            "unknown": 0,
            "pyes": 0.0338129083894212,
            "pno": 0.0,
            "pundecided": 0.010087063496049327,
            "punknown": 0.0,
            "time": 28970.32632803917,
            "delp_calls": 512,
            "percY": 2442532091.04,
            "percN": 0.0,
            "percU": 2446375516.32,
            "percUNK": 0.0,
            "l": 0.0338129083894212,
            "u": 1.0
        }
    },
    "data": {
        "n_samples": 706512,
        "time": 300.0001838207245,
        "repeated_worlds": 14534,
        "repeated_progs": 706000,
        "unique_progs": 512,
        "delp_calls": 512
    }
}