{
    "status": {
        "~a_2": {
            "yes": 2389,
            "no": 0,
            "undecided": 1220,
            "unknown": 0,
            "pyes": 0.9932046399999997,
            "pno": 0.0,
            "pundecided": 0.006795360000000003,
            "punknown": 0.0,
            "time": 162.70549201965332,
            "delp_calls": 3609,
            "percY": 231995.79,
            "percN": 0.0,
            "percU": 118474.2,
            "percUNK": 0.0,
            "l": 0.9932046399999997,
            "u": 1.0,
            "flag": "INTEREST"
        },
        "~a_5": {
            "yes": 3212,
            "no": 0,
            "undecided": 0,
            "unknown": 0,
            "pyes": 1.0,
            "pno": 0.0,
            "pundecided": 0.0,
            "punknown": 0.0,
            "time": 169.6759524345398,
            "delp_calls": 3212,
            "percY": 311917.32,
            "percN": 0.0,
            "percU": 0.0,
            "percUNK": 0.0,
            "l": 1.0,
            "u": 1.0,
            "flag": "INTEREST"
        },
        "a_7": {
            "yes": 2890,
            "no": 0,
            "undecided": 0,
            "unknown": 0,
            "pyes": 1.0,
            "pno": 0.0,
            "pundecided": 0.0,
            "punknown": 0.0,
            "time": 178.23249626159668,
            "delp_calls": 2890,
            "percY": 280647.9,
            "percN": 0.0,
            "percU": 0.0,
            "percUNK": 0.0,
            "l": 1.0,
            "u": 1.0,
            "flag": "INTEREST"
        }
    },
    "data": {
        "n_samples": 9711,
        "time": 900.2166564464569,
        "repeated_programs": 0,
        "inconsistent_programs": 0,
        "worlds_consulted": 24576,
        "delp_calls": 9711
    }
}