{
    "status": {
        "d_59": {
            "yes": 744,
            "no": 0,
            "undecided": 72,
            "unknown": 368,
            "pyes": 0.6477417716681363,
            "pno": 0.0,
            "pundecided": 1.70142530084856e-05,
            "punknown": 0.01061415982663577,
            "time": 55.562795639038086,
            "delp_calls": 1184,
            "percY": 32304.48,
            "percN": 0.0,
            "percU": 3126.24,
            "percUNK": 15978.56,
            "l": 0.6477417716681363,
            "u": 1.0,
            "flag": "INTEREST"
        },
        "~a_16": {
            "yes": 79,
            "no": 426,
            "undecided": 728,
            "unknown": 3,
            "pyes": 0.0057708486102899526,
            "pno": 0.23281512260929607,
            "pundecided": 0.020246163646723665,
            "punknown": 0.0,
            "time": 55.56880211830139,
            "delp_calls": 1236,
            "percY": 3430.18,
            "percN": 18496.92,
            "percU": 31609.76,
            "percUNK": 130.26,
            "l": 0.0057708486102899526,
            "u": 0.767184877390704
        },
        "a_15": {
            "yes": 605,
            "no": 101,
            "undecided": 503,
            "unknown": 0,
            "pyes": 0.008919209388644652,
            "pno": 0.0002743780614486912,
            "pundecided": 0.024156319105435836,
            "punknown": 0.0,
            "time": 55.695640087127686,
            "delp_calls": 1209,
            "percY": 26269.1,
            "percN": 4385.42,
            "percU": 21840.26,
            "percUNK": 0.0,
            "l": 0.008919209388644652,
            "u": 0.9997256219385513
        }
    },
    "data": {
        "n_samples": 4342,
        "time": 180.06736636161804,
        "repeated_worlds": 713,
        "repeated_progs": 713,
        "unique_progs": 3629,
        "delp_calls": 3629
    }
}