{
    "status": {
        "d_18": {
            "yes": 4096,
            "no": 0,
            "undecided": 0,
            "unknown": 0,
            "pyes": 0.9999999999999989,
            "pno": 0.0,
            "pundecided": 0.0,
            "punknown": 0.0,
            "time": 157.78857231140137,
            "delp_calls": 200,
            "percY": 2627345735.68,
            "percN": 0.0,
            "percU": 0.0,
            "percUNK": 0.0,
            "l": 0.9999999999999989,
            "u": 1.0,
            "flag": "INTEREST"
        },
        "a_6": {
            "yes": 4096,
            "no": 0,
            "undecided": 0,
            "unknown": 0,
            "pyes": 0.9999999999999993,
            "pno": 0.0,
            "pundecided": 0.0,
            "punknown": 0.0,
            "time": 156.2425889968872,
            "delp_calls": 200,
            "percY": 2627345735.68,
            "percN": 0.0,
            "percU": 0.0,
            "percUNK": 0.0,
            "l": 0.9999999999999993,
            "u": 1.0,
            "flag": "INTEREST"
        },
        "a_8": {
            "yes": 4096,
            "no": 0,
            "undecided": 0,
            "unknown": 0,
            "pyes": 0.9999999999999964,
            "pno": 0.0,
            "pundecided": 0.0,
            "punknown": 0.0,
            "time": 168.98132038116455,
            "delp_calls": 200,
            "percY": 2627345735.68,
            "percN": 0.0,
            "percU": 0.0,
            "percUNK": 0.0,
            "l": 0.9999999999999964,
            "u": 1.0,
            "flag": "INTEREST"
        }
    },
    "data": {
        "n_samples": 64144183,
        "time": 900.0000267028809,
        "repeated_worlds": 64131895,
        "repeated_progs": 64143583,
        "unique_progs": 600,
        "delp_calls": 600
    }
}