{
    "status": {
        "a_0": {
            "yes": 664957,
            "no": 0,
            "undecided": 0,
            "unknown": 0,
            "pyes": 0.04144117619681394,
            "pno": 0.0,
            "pundecided": 0.0,
            "punknown": 0.0,
            "time": 25666.867975234985,
            "delp_calls": 236,
            "percY": 12952757249.13,
            "percN": 0.0,
            "percU": 0.0,
            "percUNK": 0.0,
            "l": 0.04144117619681394,
            "u": 1.0
        },
        "a_5": {
            "yes": 620588,
            "no": 0,
            "undecided": 0,
            "unknown": 0,
            "pyes": 0.03891424849678628,
            "pno": 0.0,
            "pundecided": 0.0,
            "punknown": 0.0,
            "time": 32584.856380939484,
            "delp_calls": 236,
            "percY": 12088489504.92,
            "percN": 0.0,
            "percU": 0.0,
            "percUNK": 0.0,
            "l": 0.03891424849678628,
            "u": 1.0
        },
        "a_7": {
            "yes": 352658,
            "no": 272774,
            "undecided": 0,
            "unknown": 0,
            "pyes": 0.031745808426436484,
            "pno": 0.0044976406909386915,
            "pundecided": 0.0,
            "punknown": 0.0,
            "time": 37751.6611366272,
            "delp_calls": 236,
            "percY": 6869456921.22,
            "percN": 5313389295.66,
            "percU": 0.0,
            "percUNK": 0.0,
            "l": 0.031745808426436484,
            "u": 0.9955023593090613
        }
    },
    "data": {
        "n_samples": 1947909,
        "time": 900.0006103515625,
        "repeated_worlds": 36932,
        "repeated_progs": 1947201,
        "unique_progs": 708,
        "delp_calls": 708
    }
}