{
    "status": {
        "~d_14": {
            "yes": 964,
            "no": 0,
            "undecided": 478,
            "unknown": 68,
            "pyes": 0.003669230389098619,
            "pno": 0.0,
            "pundecided": 8.657629527496145e-07,
            "punknown": 0.0,
            "time": 66.18859839439392,
            "delp_calls": 1302,
            "percY": 28891.08,
            "percN": 0.0,
            "percU": 14325.66,
            "percUNK": 2037.96,
            "l": 0.003669230389098619,
            "u": 1.0
        },
        "~a_8": {
            "yes": 170,
            "no": 644,
            "undecided": 663,
            "unknown": 6,
            "pyes": 6.849136010656036e-06,
            "pno": 0.00021264000395306959,
            "pundecided": 4.7165360235887e-11,
            "punknown": 0.0,
            "time": 66.13217377662659,
            "delp_calls": 1282,
            "percY": 5094.9,
            "percN": 19300.68,
            "percU": 19870.11,
            "percUNK": 179.82,
            "l": 6.849136010656036e-06,
            "u": 0.999787359996047
        }
    },
    "data": {
        "n_samples": 2997,
        "time": 120.02671766281128,
        "repeated_worlds": 4,
        "repeated_progs": 413,
        "unique_progs": 2584,
        "delp_calls": 2584
    }
}