{
    "status": {
        "d_10": {
            "yes": 649065,
            "no": 0,
            "undecided": 0,
            "unknown": 0,
            "pyes": 0.041515655786861276,
            "pno": 0.0,
            "pundecided": 0.0,
            "punknown": 0.0,
            "time": 28074.297034025192,
            "delp_calls": 240,
            "percY": 12469940630.4,
            "percN": 0.0,
            "percU": 0.0,
            "percUNK": 0.0,
            "l": 0.041515655786861276,
            "u": 1.0
        },
        "a_8": {
            "yes": 426580,
            "no": 0,
            "undecided": 187722,
            "unknown": 0,
            "pyes": 0.030788088931167457,
            "pno": 0.0,
            "pundecided": 0.0051201896770633705,
            "punknown": 0.0,
            "time": 33560.052221536636,
            "delp_calls": 240,
            "percY": 8195523212.8,
            "percN": 0.0,
            "percU": 3606545099.52,
            "percUNK": 0.0,
            "l": 0.030788088931167457,
            "u": 1.0
        },
        "~a_7": {
            "yes": 116515,
            "no": 505434,
            "undecided": 0,
            "unknown": 0,
            "pyes": 0.020770801933943154,
            "pno": 0.018283766541802592,
            "pundecided": 0.0,
            "punknown": 0.0,
            "time": 42257.27437925339,
            "delp_calls": 240,
            "percY": 2238504822.4,
            "percN": 9710478877.44,
            "percU": 0.0,
            "percUNK": 0.0,
            "l": 0.020770801933943154,
            "u": 0.9817162334581974
        }
    },
    "data": {
        "n_samples": 1921216,
        "time": 900.0007829666138,
        "repeated_worlds": 35900,
        "repeated_progs": 1920496,
        "unique_progs": 720,
        "delp_calls": 720
    }
}