{
    "status": {
        "~d_11": {
            "yes": 439,
            "no": 0,
            "undecided": 0,
            "unknown": 0,
            "pyes": 0.07702799999999997,
            "pno": 0.0,
            "pundecided": 0.0,
            "punknown": 0.0,
            "time": 20.139729738235474,
            "delp_calls": 1121,
            "percY": 4921.19,
            "percN": 0.0,
            "percU": 0.0,
            "percUNK": 0.0,
            "l": 0.07702799999999997,
            "u": 1.0
        }
    },
    "data": {
        "n_samples": 1121,
        "time": 60.04324674606323,
        "repeated_programs": 0,
        "inconsistent_programs": 682,
        "worlds_consulted": 512,
        "delp_calls": 1121
    }
}