{
    "status": {
        "a_7": {
            "yes": 1152,
            "no": 896,
            "undecided": 2048,
            "unknown": 0,
            "pyes": 0.8952042788499146,
            "pno": 0.08479572115008521,
            "pundecided": 0.020000000000000004,
            "punknown": 0.0,
            "time": 181.07669258117676,
            "delp_calls": 512,
            "percY": 167387512.32,
            "percN": 130190287.36,
            "percU": 297577799.68,
            "percUNK": 0.0,
            "l": 0.8952042788499146,
            "u": 0.9152042788499148,
            "flag": "INTEREST"
        }
    },
    "data": {
        "n_samples": 14530166,
        "time": 300.0000030994415,
        "repeated_worlds": 14526070,
        "repeated_progs": 14529654,
        "unique_progs": 512,
        "delp_calls": 512
    }
}