{
    "status": {
        "d_14": {
            "yes": 1230,
            "no": 0,
            "undecided": 1261,
            "unknown": 0,
            "pyes": 0.034130975650000006,
            "pno": 0.0,
            "pundecided": 0.0036820236600000004,
            "punknown": 0.0,
            "time": 137.33335876464844,
            "delp_calls": 4934,
            "percY": 181289.7,
            "percN": 0.0,
            "percU": 185858.79,
            "percUNK": 0.0,
            "l": 0.034130975650000006,
            "u": 1.0
        },
        "~a_7": {
            "yes": 489,
            "no": 790,
            "undecided": 1258,
            "unknown": 0,
            "pyes": 0.030485708676658063,
            "pno": 0.0036452669733419403,
            "pundecided": 0.0036820236599999995,
            "punknown": 0.0,
            "time": 140.03494215011597,
            "delp_calls": 4982,
            "percY": 72073.71,
            "percN": 116438.1,
            "percU": 185416.62,
            "percUNK": 0.0,
            "l": 0.030485708676658063,
            "u": 0.9963547330266581
        },
        "a_7": {
            "yes": 787,
            "no": 431,
            "undecided": 1239,
            "unknown": 0,
            "pyes": 0.0036452669733419403,
            "pno": 0.030485708676658063,
            "pundecided": 0.003682023659999999,
            "punknown": 0.0,
            "time": 139.95106387138367,
            "delp_calls": 4823,
            "percY": 115995.93,
            "percN": 63525.09,
            "percU": 182616.21,
            "percUNK": 0.0,
            "l": 0.0036452669733419403,
            "u": 0.9695142913233419
        }
    },
    "data": {
        "n_samples": 14739,
        "time": 900.1134185791016,
        "repeated_programs": 0,
        "inconsistent_programs": 7254,
        "worlds_consulted": 192,
        "delp_calls": 14739
    }
}