{
    "status": {
        "a_3": {
            "yes": 114578,
            "no": 0,
            "undecided": 0,
            "unknown": 0,
            "pyes": 0.007273371127765749,
            "pno": 0.0,
            "pundecided": 0.0,
            "punknown": 0.0,
            "time": 5099.935493946075,
            "delp_calls": 162,
            "percY": 387817885.5,
            "percN": 0.0,
            "percU": 0.0,
            "percUNK": 0.0,
            "l": 0.007273371127765749,
            "u": 1.0
        },
        "a_6": {
            "yes": 83517,
            "no": 0,
            "undecided": 28062,
            "unknown": 0,
            "pyes": 0.003561084715139379,
            "pno": 0.0,
            "pundecided": 0.0020261578097799052,
            "punknown": 0.0,
            "time": 5090.656742334366,
            "delp_calls": 162,
            "percY": 282684165.75,
            "percN": 0.0,
            "percU": 94982854.5,
            "percUNK": 0.0,
            "l": 0.003561084715139379,
            "u": 1.0
        },
        "~a_8": {
            "yes": 83305,
            "no": 0,
            "undecided": 27861,
            "unknown": 0,
            "pyes": 0.0031463836616976524,
            "pno": 0.0,
            "pundecided": 0.002495241825344963,
            "punknown": 0.0,
            "time": 5577.899209499359,
            "delp_calls": 162,
            "percY": 281966598.75,
            "percN": 0.0,
            "percU": 94302519.75,
            "percUNK": 0.0,
            "l": 0.0031463836616976524,
            "u": 1.0
        }
    },
    "data": {
        "n_samples": 338475,
        "time": 180.00054502487183,
        "repeated_worlds": 1152,
        "repeated_progs": 337989,
        "unique_progs": 486,
        "delp_calls": 486
    }
}