{
    "status": {
        "a_3": {
            "yes": 461,
            "no": 0,
            "undecided": 0,
            "unknown": 0,
            "pyes": 0.8415250237163265,
            "pno": 0.0,
            "pundecided": 0.0,
            "punknown": 0.0,
            "time": 21.522825717926025,
            "delp_calls": 461,
            "percY": 5813.21,
            "percN": 0.0,
            "percU": 0.0,
            "percUNK": 0.0,
            "l": 0.8415250237163265,
            "u": 1.0,
            "flag": "INTEREST"
        },
        "a_6": {
            "yes": 215,
            "no": 0,
            "undecided": 224,
            "unknown": 0,
            "pyes": 0.6711634841438628,
            "pno": 0.0,
            "pundecided": 0.3218164240035917,
            "punknown": 0.0,
            "time": 21.588521242141724,
            "delp_calls": 439,
            "percY": 2711.15,
            "percN": 0.0,
            "percU": 2824.64,
            "percUNK": 0.0,
            "l": 0.6711634841438628,
            "u": 1.0,
            "flag": "INTEREST"
        },
        "~a_8": {
            "yes": 196,
            "no": 0,
            "undecided": 165,
            "unknown": 0,
            "pyes": 0.6655032345646281,
            "pno": 0.0,
            "pundecided": 0.31122913375109534,
            "punknown": 0.0,
            "time": 18.371803998947144,
            "delp_calls": 361,
            "percY": 2471.56,
            "percN": 0.0,
            "percU": 2080.65,
            "percUNK": 0.0,
            "l": 0.6655032345646281,
            "u": 1.0,
            "flag": "INTEREST"
        }
    },
    "data": {
        "n_samples": 1261,
        "time": 181.15618920326233,
        "repeated_programs": 0,
        "inconsistent_programs": 0,
        "worlds_consulted": 23208,
        "delp_calls": 1261
    }
}