{
    "status": {
        "a_3": {
            "yes": 22414,
            "no": 0,
            "undecided": 0,
            "unknown": 7477,
            "pyes": 0.3783640157001178,
            "pno": 0.0,
            "pundecided": 0.0,
            "punknown": 0.0010113280597270253,
            "time": 1405.044504404068,
            "delp_calls": 932,
            "percY": 7084841.26,
            "percN": 0.0,
            "percU": 0.0,
            "percUNK": 2363404.93,
            "l": 0.3783640157001178,
            "u": 1.0
        }
    },
    "data": {
        "n_samples": 31609,
        "time": 60.0002875328064,
        "repeated_worlds": 1718,
        "repeated_progs": 30677,
        "unique_progs": 932,
        "delp_calls": 932
    }
}