{
    "status": {
        "a_3": {
            "yes": 287,
            "no": 0,
            "undecided": 0,
            "unknown": 335,
            "pyes": 0.204219908758463,
            "pno": 0.0,
            "pundecided": 0.0,
            "punknown": 0.034579999314245866,
            "time": 29.742169857025146,
            "delp_calls": 622,
            "percY": 1785.14,
            "percN": 0.0,
            "percU": 0.0,
            "percUNK": 2083.7,
            "l": 0.204219908758463,
            "u": 1.0
        }
    },
    "data": {
        "n_samples": 622,
        "time": 60.024616956710815,
        "repeated_programs": 0,
        "inconsistent_programs": 0,
        "worlds_consulted": 8914,
        "delp_calls": 622
    }
}