{
    "status": {
        "~d_44": {
            "yes": 2560,
            "no": 0,
            "undecided": 192,
            "unknown": 1344,
            "pyes": 0.9869510255999997,
            "pno": 0.0,
            "pundecided": 3.7772828912896036e-05,
            "punknown": 0.013011201571087096,
            "time": 163.2396719455719,
            "delp_calls": 4062,
            "percY": 227785113.6,
            "percN": 0.0,
            "percU": 17083883.52,
            "percUNK": 119587184.64,
            "l": 0.9869510255999997,
            "u": 1.0,
            "flag": "INTEREST"
        }
    },
    "data": {
        "n_samples": 8897856,
        "time": 300.0000023841858,
        "repeated_worlds": 8893760,
        "repeated_progs": 8893794,
        "unique_progs": 4062,
        "delp_calls": 4062
    }
}