{
    "status": {
        "a_7": {
            "yes": 3584,
            "no": 0,
            "undecided": 512,
            "unknown": 0,
            "pyes": 0.9981309700000004,
            "pno": 0.0,
            "pundecided": 0.0018690299999999998,
            "punknown": 0.0,
            "time": 164.92053866386414,
            "delp_calls": 4096,
            "percY": 662397998.08,
            "percN": 0.0,
            "percU": 94628285.44,
            "percUNK": 0.0,
            "l": 0.9981309700000004,
            "u": 1.0,
            "flag": "INTEREST"
        },
        "a_19": {
            "yes": 745,
            "no": 2393,
            "undecided": 950,
            "unknown": 8,
            "pyes": 0.08541308066991071,
            "pno": 0.9124588378812096,
            "pundecided": 0.0021280814488800004,
            "punknown": 0.0,
            "time": 165.50231528282166,
            "delp_calls": 4096,
            "percY": 137691548.15,
            "percN": 442276341.91,
            "percU": 175579826.5,
            "percUNK": 1478566.96,
            "l": 0.08541308066991071,
            "u": 0.08754116211879037,
            "flag": "INTEREST"
        }
    },
    "data": {
        "n_samples": 18482087,
        "time": 600.0000121593475,
        "repeated_worlds": 18473895,
        "repeated_progs": 18473895,
        "unique_progs": 8192,
        "delp_calls": 8192
    }
}