{
    "status": {
        "d_62": {
            "yes": 1085,
            "no": 0,
            "undecided": 1140,
            "unknown": 0,
            "pyes": 0.7285754743244501,
            "pno": 0.0,
            "pundecided": 0.011855495106258126,
            "punknown": 0.0,
            "time": 90.572824716568,
            "delp_calls": 4400,
            "percY": 47740.0,
            "percN": 0.0,
            "percU": 50160.0,
            "percUNK": 0.0,
            "l": 0.7285754743244501,
            "u": 1.0,
            "flag": "INTEREST"
        }
    },
    "data": {
        "n_samples": 4400,
        "time": 300.07331681251526,
        "repeated_programs": 0,
        "inconsistent_programs": 2175,
        "worlds_consulted": 1364,
        "delp_calls": 4400
    }
}