{
    "status": {
        "~a_6": {
            "yes": 1748,
            "no": 0,
            "undecided": 0,
            "unknown": 0,
            "pyes": 0.000249887637774977,
            "pno": 0.0,
            "pundecided": 0.0,
            "punknown": 0.0,
            "time": 75.09806799888611,
            "delp_calls": 2231,
            "percY": 38997.88,
            "percN": 0.0,
            "percU": 0.0,
            "percUNK": 0.0,
            "l": 0.000249887637774977,
            "u": 1.0
        }
    },
    "data": {
        "n_samples": 2231,
        "time": 300.1246943473816,
        "repeated_programs": 0,
        "inconsistent_programs": 483,
        "worlds_consulted": 2551,
        "delp_calls": 2231
    }
}