{
    "status": {
        "d_32": {
            "yes": 2048,
            "no": 0,
            "undecided": 2048,
            "unknown": 0,
            "pyes": 0.853409279999999,
            "pno": 0.0,
            "pundecided": 0.14659071999999984,
            "punknown": 0.0,
            "time": 165.46987009048462,
            "delp_calls": 4096,
            "percY": 188527063.04,
            "percN": 0.0,
            "percU": 188527063.04,
            "percUNK": 0.0,
            "l": 0.853409279999999,
            "u": 1.0,
            "flag": "INTEREST"
        }
    },
    "data": {
        "n_samples": 9205423,
        "time": 300.0000030994415,
        "repeated_worlds": 9201327,
        "repeated_progs": 9201327,
        "unique_progs": 4096,
        "delp_calls": 4096
    }
}