{
    "status": {
        "a_19": {
            "yes": 816,
            "no": 1184,
            "undecided": 2096,
            "unknown": 0,
            "pyes": 0.8146103845797166,
            "pno": 0.01052708516460399,
            "pundecided": 0.17486253025567908,
            "punknown": 0.0,
            "time": 172.7700960636139,
            "delp_calls": 4096,
            "percY": 149401170.72,
            "percN": 216778169.28,
            "percU": 383755948.32,
            "percUNK": 0.0,
            "l": 0.8146103845797166,
            "u": 0.989472914835396,
            "flag": "INTEREST"
        },
        "a_20": {
            "yes": 960,
            "no": 1088,
            "undecided": 2048,
            "unknown": 0,
            "pyes": 0.01821079954751997,
            "pno": 0.9217892004524795,
            "pundecided": 0.06000000000000002,
            "punknown": 0.0,
            "time": 168.9191391468048,
            "delp_calls": 4096,
            "percY": 175766083.2,
            "percN": 199201560.96,
            "percU": 374967644.16,
            "percUNK": 0.0,
            "l": 0.01821079954751997,
            "u": 0.07821079954752053,
            "flag": "INTEREST"
        }
    },
    "data": {
        "n_samples": 18308967,
        "time": 600.0000145435333,
        "repeated_worlds": 18300775,
        "repeated_progs": 18300775,
        "unique_progs": 8192,
        "delp_calls": 8192
    }
}