{
    "status": {
        "a_11": {
            "yes": 569,
            "no": 0,
            "undecided": 577,
            "unknown": 0,
            "pyes": 0.7083067828433844,
            "pno": 0.0,
            "pundecided": 0.006848208846285543,
            "punknown": 0.0,
            "time": 57.4437415599823,
            "delp_calls": 1146,
            "percY": 15220.75,
            "percN": 0.0,
            "percU": 15434.75,
            "percUNK": 0.0,
            "l": 0.7083067828433844,
            "u": 1.0,
            "flag": "INTEREST"
        },
        "a_19": {
            "yes": 25,
            "no": 275,
            "undecided": 806,
            "unknown": 0,
            "pyes": 0.0016279976604770777,
            "pno": 0.12900401434402237,
            "pundecided": 0.007037838790443699,
            "punknown": 0.0,
            "time": 57.65950012207031,
            "delp_calls": 1106,
            "percY": 668.75,
            "percN": 7356.25,
            "percU": 21560.5,
            "percUNK": 0.0,
            "l": 0.0016279976604770777,
            "u": 0.8709959856559777
        }
    },
    "data": {
        "n_samples": 2675,
        "time": 120.05126118659973,
        "repeated_worlds": 423,
        "repeated_progs": 423,
        "unique_progs": 2252,
        "delp_calls": 2252
    }
}