{
    "status": {
        "a_0": {
            "yes": 298752,
            "no": 0,
            "undecided": 0,
            "unknown": 299512,
            "pyes": 0.030211975568267786,
            "pno": 0.0,
            "pundecided": 0.0,
            "punknown": 0.0029125388164566073,
            "time": 23775.87197637558,
            "delp_calls": 1024,
            "percY": 5219361753.6,
            "percN": 0.0,
            "percU": 0.0,
            "percUNK": 5232639371.6,
            "l": 0.030211975568267786,
            "u": 1.0
        },
        "a_7": {
            "yes": 155409,
            "no": 120888,
            "undecided": 275669,
            "unknown": 0,
            "pyes": 0.008462539053467215,
            "pno": 0.012553487683658032,
            "pundecided": 0.01184683088196277,
            "punknown": 0.0,
            "time": 28929.73530483246,
            "delp_calls": 1024,
            "percY": 2715080704.95,
            "percN": 2111979848.4,
            "percU": 4816089047.95,
            "percUNK": 0.0,
            "l": 0.008462539053467215,
            "u": 0.987446512316342
        },
        "a_8": {
            "yes": 0,
            "no": 283721,
            "undecided": 283155,
            "unknown": 0,
            "pyes": 0.0,
            "pno": 0.018049933187054033,
            "pundecided": 0.01158568392206931,
            "punknown": 0.0,
            "time": 35084.796723365784,
            "delp_calls": 1024,
            "percY": 0.0,
            "percN": 4956761916.55,
            "percU": 4946873585.25,
            "percUNK": 0.0,
            "l": 0.0,
            "u": 0.9819500668129459
        }
    },
    "data": {
        "n_samples": 1747055,
        "time": 900.0007045269012,
        "repeated_worlds": 29949,
        "repeated_progs": 1743983,
        "unique_progs": 3072,
        "delp_calls": 3072
    }
}