{
    "status": {
        "a_6": {
            "yes": 708,
            "no": 0,
            "undecided": 0,
            "unknown": 0,
            "pyes": 0.16909515171130282,
            "pno": 0.0,
            "pundecided": 0.0,
            "punknown": 0.0,
            "time": 29.20438838005066,
            "delp_calls": 708,
            "percY": 10032.36,
            "percN": 0.0,
            "percU": 0.0,
            "percUNK": 0.0,
            "l": 0.16909515171130282,
            "u": 1.0
        },
        "a_11": {
            "yes": 709,
            "no": 0,
            "undecided": 0,
            "unknown": 0,
            "pyes": 0.13772928608694485,
            "pno": 0.0,
            "pundecided": 0.0,
            "punknown": 0.0,
            "time": 28.893141746520996,
            "delp_calls": 709,
            "percY": 10046.53,
            "percN": 0.0,
            "percU": 0.0,
            "percUNK": 0.0,
            "l": 0.13772928608694485,
            "u": 1.0
        }
    },
    "data": {
        "n_samples": 1417,
        "time": 120.0596432685852,
        "repeated_programs": 0,
        "inconsistent_programs": 0,
        "worlds_consulted": 1485,
        "delp_calls": 1417
    }
}