{
    "status": {
        "d_12": {
            "yes": 4096,
            "no": 0,
            "undecided": 0,
            "unknown": 0,
            "pyes": 0.9999999999999979,
            "pno": 0.0,
            "pundecided": 0.0,
            "punknown": 0.0,
            "time": 229.68943786621094,
            "delp_calls": 128,
            "percY": 668950077.44,
            "percN": 0.0,
            "percU": 0.0,
            "percUNK": 0.0,
            "l": 0.9999999999999979,
            "u": 1.0,
            "flag": "INTEREST"
        }
    },
    "data": {
        "n_samples": 16331789,
        "time": 300.00000524520874,
        "repeated_worlds": 16327693,
        "repeated_progs": 16331661,
        "unique_progs": 128,
        "delp_calls": 128
    }
}