{
    "status": {
        "~a_5": {
            "yes": 1175,
            "no": 0,
            "undecided": 1210,
            "unknown": 17,
            "pyes": 0.9702,
            "pno": 0.0,
            "pundecided": 0.0014,
            "punknown": 0.0,
            "time": 136.6507134437561,
            "delp_calls": 4730,
            "percY": 109780.25,
            "percN": 0.0,
            "percU": 113050.3,
            "percUNK": 1588.31,
            "l": 0.9702,
            "u": 1.0,
            "flag": "INTEREST"
        },
        "a_8": {
            "yes": 1135,
            "no": 0,
            "undecided": 1182,
            "unknown": 13,
            "pyes": 0.9691317895648129,
            "pno": 0.0,
            "pundecided": 0.0014000000000000006,
            "punknown": 0.0010682104351874156,
            "time": 135.55448412895203,
            "delp_calls": 4613,
            "percY": 106043.05,
            "percN": 0.0,
            "percU": 110434.26,
            "percUNK": 1214.59,
            "l": 0.9691317895648129,
            "u": 1.0,
            "flag": "INTEREST"
        }
    },
    "data": {
        "n_samples": 9343,
        "time": 600.1070880889893,
        "repeated_programs": 0,
        "inconsistent_programs": 4611,
        "worlds_consulted": 256,
        "delp_calls": 9343
    }
}