{
    "status": {
        "d_41": {
            "yes": 524,
            "no": 0,
            "undecided": 0,
            "unknown": 361,
            "pyes": 0.06420141149473303,
            "pno": 0.0,
            "pundecided": 0.0,
            "punknown": 0.0025131505623154494,
            "time": 34.85613679885864,
            "delp_calls": 885,
            "percY": 13849.32,
            "percN": 0.0,
            "percU": 0.0,
            "percUNK": 9541.23,
            "l": 0.06420141149473303,
            "u": 1.0
        },
        "a_15": {
            "yes": 143,
            "no": 193,
            "undecided": 540,
            "unknown": 0,
            "pyes": 0.0021318151359215635,
            "pno": 0.0008881780077079774,
            "pundecided": 0.009654197285554332,
            "punknown": 0.0,
            "time": 36.11186218261719,
            "delp_calls": 876,
            "percY": 3779.49,
            "percN": 5100.99,
            "percU": 14272.2,
            "percUNK": 0.0,
            "l": 0.0021318151359215635,
            "u": 0.999111821992292
        },
        "~a_17": {
            "yes": 118,
            "no": 187,
            "undecided": 576,
            "unknown": 1,
            "pyes": 0.0077274376744767255,
            "pno": 0.006657451775920729,
            "pundecided": 0.02949301241567083,
            "punknown": 2.0394023835810235e-08,
            "time": 35.76209235191345,
            "delp_calls": 882,
            "percY": 3118.74,
            "percN": 4942.41,
            "percU": 15223.68,
            "percUNK": 26.43,
            "l": 0.0077274376744767255,
            "u": 0.9933425482240793
        }
    },
    "data": {
        "n_samples": 2643,
        "time": 900.7397775650024,
        "repeated_programs": 0,
        "inconsistent_programs": 0,
        "worlds_consulted": 2368,
        "delp_calls": 2643
    }
}