{
    "status": {
        "d_41": {
            "yes": 2560,
            "no": 0,
            "undecided": 0,
            "unknown": 1536,
            "pyes": 0.990012090000001,
            "pno": 0.0,
            "pundecided": 0.0,
            "punknown": 0.009987909999999994,
            "time": 165.08743405342102,
            "delp_calls": 4096,
            "percY": 697297484.8,
            "percN": 0.0,
            "percU": 0.0,
            "percUNK": 418378490.88,
            "l": 0.990012090000001,
            "u": 1.0,
            "flag": "INTEREST"
        },
        "a_15": {
            "yes": 651,
            "no": 905,
            "undecided": 2540,
            "unknown": 0,
            "pyes": 0.8164683928548807,
            "pno": 0.031439255771482856,
            "pundecided": 0.15209235137363608,
            "punknown": 0.0,
            "time": 168.02390217781067,
            "delp_calls": 4096,
            "percY": 177320571.33,
            "percN": 246505556.15,
            "percU": 691849848.2,
            "percUNK": 0.0,
            "l": 0.8164683928548807,
            "u": 0.9685607442285171,
            "flag": "INTEREST"
        },
        "~a_17": {
            "yes": 569,
            "no": 897,
            "undecided": 2628,
            "unknown": 2,
            "pyes": 0.08622652065729491,
            "pno": 0.789514312037732,
            "pundecided": 0.12425914537591529,
            "punknown": 2.1929057887967994e-08,
            "time": 169.43950152397156,
            "delp_calls": 4096,
            "percY": 154985261.27,
            "percN": 244326501.51,
            "percU": 715819449.24,
            "percUNK": 544763.66,
            "l": 0.08622652065729491,
            "u": 0.21048568796226796,
            "flag": "INTEREST"
        }
    },
    "data": {
        "n_samples": 27238183,
        "time": 900.0000298023224,
        "repeated_worlds": 27225895,
        "repeated_progs": 27225895,
        "unique_progs": 12288,
        "delp_calls": 12288
    }
}