{
    "status": {
        "a_7": {
            "yes": 3898,
            "no": 0,
            "undecided": 2418,
            "unknown": 0,
            "pyes": 0.8851349340109449,
            "pno": 0.0,
            "pundecided": 0.11486506598905502,
            "punknown": 0.0,
            "time": 256.39605736732483,
            "delp_calls": 6316,
            "percY": 246197.68,
            "percN": 0.0,
            "percU": 152720.88,
            "percUNK": 0.0,
            "l": 0.8851349340109449,
            "u": 1.0,
            "flag": "INTEREST"
        }
    },
    "data": {
        "n_samples": 6316,
        "time": 300.0377502441406,
        "repeated_programs": 0,
        "inconsistent_programs": 0,
        "worlds_consulted": 1024,
        "delp_calls": 6316
    }
}