{
    "status": {
        "a_7": {
            "yes": 1792,
            "no": 0,
            "undecided": 2304,
            "unknown": 0,
            "pyes": 0.8851349340109451,
            "pno": 0.0,
            "pundecided": 0.11486506598905499,
            "punknown": 0.0,
            "time": 168.0913314819336,
            "delp_calls": 128,
            "percY": 379686952.96,
            "percN": 0.0,
            "percU": 488168939.52,
            "percUNK": 0.0,
            "l": 0.8851349340109451,
            "u": 1.0,
            "flag": "INTEREST"
        }
    },
    "data": {
        "n_samples": 21187888,
        "time": 300.0000035762787,
        "repeated_worlds": 21183792,
        "repeated_progs": 21187760,
        "unique_progs": 128,
        "delp_calls": 128
    }
}