{
    "status": {
        "a_14": {
            "yes": 753,
            "no": 672,
            "undecided": 2671,
            "unknown": 0,
            "pyes": 0.1167641986818429,
            "pno": 0.735910424556545,
            "pundecided": 0.14732537676161142,
            "punknown": 0.0,
            "time": 168.73138284683228,
            "delp_calls": 4096,
            "percY": 65022069.57,
            "percN": 58027663.68,
            "percU": 230642692.99,
            "percUNK": 0.0,
            "l": 0.1167641986818429,
            "u": 0.264089575443455,
            "flag": "INTEREST"
        }
    },
    "data": {
        "n_samples": 8635069,
        "time": 300.0000030994415,
        "repeated_worlds": 8630973,
        "repeated_progs": 8630973,
        "unique_progs": 4096,
        "delp_calls": 4096
    }
}