{
    "status": {
        "~a_17": {
            "yes": 600,
            "no": 1448,
            "undecided": 2048,
            "unknown": 0,
            "pyes": 0.7618807732175806,
            "pno": 0.14811922678241962,
            "pundecided": 0.0899999999999997,
            "punknown": 0.0,
            "time": 175.51933550834656,
            "delp_calls": 4096,
            "percY": 52169988.0,
            "percN": 125903571.04,
            "percU": 178073559.04,
            "percUNK": 0.0,
            "l": 0.7618807732175806,
            "u": 0.8518807732175804,
            "flag": "INTEREST"
        }
    },
    "data": {
        "n_samples": 8694998,
        "time": 300.0000035762787,
        "repeated_worlds": 8690902,
        "repeated_progs": 8690902,
        "unique_progs": 4096,
        "delp_calls": 4096
    }
}