{
    "status": {
        "d_58": {
            "yes": 5422,
            "no": 0,
            "undecided": 1834,
            "unknown": 0,
            "pyes": 0.017075921579630452,
            "pno": 0.0,
            "pundecided": 0.00034538811930884353,
            "punknown": 0.0,
            "time": 294.8302013874054,
            "delp_calls": 7020,
            "percY": 398788.1,
            "percN": 0.0,
            "percU": 134890.7,
            "percUNK": 0.0,
            "l": 0.017075921579630452,
            "u": 1.0
        }
    },
    "data": {
        "n_samples": 7355,
        "time": 300.0197138786316,
        "repeated_worlds": 99,
        "repeated_progs": 335,
        "unique_progs": 7020,
        "delp_calls": 7020
    }
}