{
    "status": {
        "a_0": {
            "yes": 2048,
            "no": 0,
            "undecided": 2048,
            "unknown": 0,
            "pyes": 0.9799999999999991,
            "pno": 0.0,
            "pundecided": 0.019999999999999976,
            "punknown": 0.0,
            "time": 230.25799942016602,
            "delp_calls": 256,
            "percY": 822080593.92,
            "percN": 0.0,
            "percU": 822080593.92,
            "percUNK": 0.0,
            "l": 0.9799999999999991,
            "u": 1.0,
            "flag": "INTEREST"
        },
        "~a_5": {
            "yes": 2048,
            "no": 0,
            "undecided": 2048,
            "unknown": 0,
            "pyes": 0.7901789432266227,
            "pno": 0.0,
            "pundecided": 0.20982105677337592,
            "punknown": 0.0,
            "time": 232.2689437866211,
            "delp_calls": 256,
            "percY": 822080593.92,
            "percN": 0.0,
            "percU": 822080593.92,
            "percUNK": 0.0,
            "l": 0.7901789432266227,
            "u": 1.0,
            "flag": "INTEREST"
        },
        "a_7": {
            "yes": 1152,
            "no": 896,
            "undecided": 2048,
            "unknown": 0,
            "pyes": 0.7680171230858356,
            "pno": 0.02216182014078979,
            "pundecided": 0.20982105677337534,
            "punknown": 0.0,
            "time": 233.71409606933594,
            "delp_calls": 256,
            "percY": 462420334.08,
            "percN": 359660259.84,
            "percU": 822080593.92,
            "percUNK": 0.0,
            "l": 0.7680171230858356,
            "u": 0.9778381798592102,
            "flag": "INTEREST"
        }
    },
    "data": {
        "n_samples": 40140654,
        "time": 900.0000278949738,
        "repeated_worlds": 40128366,
        "repeated_progs": 40139886,
        "unique_progs": 768,
        "delp_calls": 768
    }
}