{
    "status": {
        "a_0": {
            "yes": 2281,
            "no": 0,
            "undecided": 0,
            "unknown": 0,
            "pyes": 0.98,
            "pno": 0.0,
            "pundecided": 0.0,
            "punknown": 0.0,
            "time": 132.8759424686432,
            "delp_calls": 4624,
            "percY": 317652.06,
            "percN": 0.0,
            "percU": 0.0,
            "percUNK": 0.0,
            "l": 0.98,
            "u": 1.0,
            "flag": "INTEREST"
        },
        "~a_5": {
            "yes": 1212,
            "no": 0,
            "undecided": 1156,
            "unknown": 0,
            "pyes": 0.7731747643665917,
            "pno": 0.0,
            "pundecided": 0.20682523563340796,
            "punknown": 0.0,
            "time": 134.45368552207947,
            "delp_calls": 4725,
            "percY": 168783.12,
            "percN": 0.0,
            "percU": 160984.56,
            "percUNK": 0.0,
            "l": 0.7731747643665917,
            "u": 1.0,
            "flag": "INTEREST"
        },
        "a_7": {
            "yes": 863,
            "no": 298,
            "undecided": 1182,
            "unknown": 0,
            "pyes": 0.7678422399550155,
            "pno": 0.00533252441157632,
            "pundecided": 0.206825235633408,
            "punknown": 0.0,
            "time": 139.02868103981018,
            "delp_calls": 4577,
            "percY": 120181.38,
            "percN": 41499.48,
            "percU": 164605.32,
            "percUNK": 0.0,
            "l": 0.7678422399550155,
            "u": 0.9946674755884237,
            "flag": "INTEREST"
        }
    },
    "data": {
        "n_samples": 13926,
        "time": 900.1469731330872,
        "repeated_programs": 0,
        "inconsistent_programs": 6934,
        "worlds_consulted": 384,
        "delp_calls": 13926
    }
}