{
    "status": {
        "a_0": {
            "yes": 1067,
            "no": 0,
            "undecided": 0,
            "unknown": 0,
            "pyes": 0.0005958290340873986,
            "pno": 0.0,
            "pundecided": 0.0,
            "punknown": 0.0,
            "time": 42.38066506385803,
            "delp_calls": 4280,
            "percY": 45667.6,
            "percN": 0.0,
            "percU": 0.0,
            "percUNK": 0.0,
            "l": 0.0005958290340873986,
            "u": 1.0
        }
    },
    "data": {
        "n_samples": 4280,
        "time": 300.06490182876587,
        "repeated_programs": 0,
        "inconsistent_programs": 3213,
        "worlds_consulted": 689,
        "delp_calls": 4280
    }
}