{
    "status": {
        "a_7": {
            "yes": 150302,
            "no": 0,
            "undecided": 150013,
            "unknown": 0,
            "pyes": 0.01695156665496158,
            "pno": 0.0,
            "pundecided": 0.0016600111977619293,
            "punknown": 0.0,
            "time": 12435.46850824356,
            "delp_calls": 4096,
            "percY": 810390808.5,
            "percN": 0.0,
            "percU": 808832592.75,
            "percUNK": 0.0,
            "l": 0.01695156665496158,
            "u": 1.0
        },
        "~a_7": {
            "yes": 0,
            "no": 117522,
            "undecided": 116935,
            "unknown": 0,
            "pyes": 0.0,
            "pno": 0.011948941859752284,
            "pundecided": 0.0010868844754944947,
            "punknown": 0.0,
            "time": 11046.190729141235,
            "delp_calls": 4096,
            "percY": 0.0,
            "percN": 633649243.5,
            "percU": 630484286.25,
            "percUNK": 0.0,
            "l": 0.0,
            "u": 0.9880510581402477
        }
    },
    "data": {
        "n_samples": 539175,
        "time": 600.0003128051758,
        "repeated_worlds": 4403,
        "repeated_progs": 530983,
        "unique_progs": 8192,
        "delp_calls": 8192
    }
}