{
    "status": {
        "a_7": {
            "yes": 1958,
            "no": 0,
            "undecided": 1474,
            "unknown": 8,
            "pyes": 0.7493625116849323,
            "pno": 0.0,
            "pundecided": 0.06137584536501604,
            "punknown": 0.0,
            "time": 157.07267951965332,
            "delp_calls": 5703,
            "percY": 224132.26,
            "percN": 0.0,
            "percU": 168728.78,
            "percUNK": 915.76,
            "l": 0.7493625116849323,
            "u": 1.0,
            "flag": "INTEREST"
        },
        "~a_7": {
            "yes": 0,
            "no": 1939,
            "undecided": 1493,
            "unknown": 8,
            "pyes": 0.0,
            "pno": 0.696122266693596,
            "pundecided": 0.058465299959447756,
            "punknown": 4.407433020534732e-06,
            "time": 155.02734184265137,
            "delp_calls": 5744,
            "percY": 0.0,
            "percN": 221957.33,
            "percU": 170903.71,
            "percUNK": 915.76,
            "l": 0.0,
            "u": 0.303877733306404,
            "flag": "INTEREST"
        }
    },
    "data": {
        "n_samples": 11447,
        "time": 600.0497376918793,
        "repeated_programs": 0,
        "inconsistent_programs": 4567,
        "worlds_consulted": 3226,
        "delp_calls": 11447
    }
}