{
    "status": {
        "~d_15": {
            "yes": 1796,
            "no": 0,
            "undecided": 330,
            "unknown": 209,
            "pyes": 0.001802705291098432,
            "pno": 0.0,
            "pundecided": 0.0031422680391253338,
            "punknown": 2.199583655309708e-05,
            "time": 99.13684725761414,
            "delp_calls": 2335,
            "percY": 127264.56,
            "percN": 0.0,
            "percU": 23383.8,
            "percUNK": 14809.74,
            "l": 0.001802705291098432,
            "u": 1.0
        },
        "~a_8": {
            "yes": 66,
            "no": 1367,
            "undecided": 889,
            "unknown": 16,
            "pyes": 0.0006260960238163676,
            "pno": 0.5482864024980868,
            "pundecided": 0.005276497205495871,
            "punknown": 5.799517132047709e-09,
            "time": 98.76553344726562,
            "delp_calls": 2338,
            "percY": 4676.76,
            "percN": 96865.62,
            "percU": 62994.54,
            "percUNK": 1133.76,
            "l": 0.0006260960238163676,
            "u": 0.4517135975019132,
            "flag": "INTEREST"
        },
        "~a_7": {
            "yes": 389,
            "no": 888,
            "undecided": 1114,
            "unknown": 22,
            "pyes": 0.0003478346198379182,
            "pno": 0.03128117839512761,
            "pundecided": 0.0009205718324856082,
            "punknown": 0.0,
            "time": 101.47615313529968,
            "delp_calls": 2413,
            "percY": 27564.54,
            "percN": 62923.68,
            "percU": 78938.04,
            "percUNK": 1558.92,
            "l": 0.0003478346198379182,
            "u": 0.9687188216048724
        }
    },
    "data": {
        "n_samples": 7086,
        "time": 900.4962317943573,
        "repeated_programs": 0,
        "inconsistent_programs": 0,
        "worlds_consulted": 82522,
        "delp_calls": 7086
    }
}