{
    "status": {
        "d_65": {
            "yes": 61,
            "no": 0,
            "undecided": 19,
            "unknown": 0,
            "pyes": 0.00015409663651737372,
            "pno": 0.0,
            "pundecided": 0.0,
            "punknown": 0.0,
            "time": 3.5955166816711426,
            "delp_calls": 492,
            "percY": 562.42,
            "percN": 0.0,
            "percU": 175.18,
            "percUNK": 0.0,
            "l": 0.00015409663651737372,
            "u": 1.0
        },
        "a_18": {
            "yes": 22,
            "no": 0,
            "undecided": 40,
            "unknown": 0,
            "pyes": 1.9621887621070358e-05,
            "pno": 0.0,
            "pundecided": 0.002323293347936077,
            "punknown": 0.0,
            "time": 4.118956089019775,
            "delp_calls": 430,
            "percY": 202.84,
            "percN": 0.0,
            "percU": 368.8,
            "percUNK": 0.0,
            "l": 1.9621887621070358e-05,
            "u": 1.0
        }
    },
    "data": {
        "n_samples": 922,
        "time": 120.10840630531311,
        "repeated_programs": 0,
        "inconsistent_programs": 780,
        "worlds_consulted": 428,
        "delp_calls": 922
    }
}