{
    "status": {
        "d_10": {
            "yes": 6374,
            "no": 0,
            "undecided": 0,
            "unknown": 0,
            "pyes": 0.9999999999999997,
            "pno": 0.0,
            "pundecided": 0.0,
            "punknown": 0.0,
            "time": 243.49378752708435,
            "delp_calls": 6374,
            "percY": 795156.5,
            "percN": 0.0,
            "percU": 0.0,
            "percUNK": 0.0,
            "l": 0.9999999999999997,
            "u": 1.0,
            "flag": "INTEREST"
        },
        "a_8": {
            "yes": 4962,
            "no": 1139,
            "undecided": 0,
            "unknown": 0,
            "pyes": 0.25494930559225837,
            "pno": 0.7450506944077415,
            "pundecided": 0.0,
            "punknown": 0.0,
            "time": 244.68998074531555,
            "delp_calls": 6101,
            "percY": 619009.5,
            "percN": 142090.25,
            "percU": 0.0,
            "percUNK": 0.0,
            "l": 0.25494930559225837,
            "u": 0.2549493055922585,
            "flag": "INTEREST"
        }
    },
    "data": {
        "n_samples": 12475,
        "time": 600.0502474308014,
        "repeated_programs": 0,
        "inconsistent_programs": 0,
        "worlds_consulted": 4096,
        "delp_calls": 12475
    }
}