{
    "status": {
        "a_12": {
            "yes": 2048,
            "no": 0,
            "undecided": 2048,
            "unknown": 0,
            "pyes": 0.9099999999999975,
            "pno": 0.0,
            "pundecided": 0.09000000000000012,
            "punknown": 0.0,
            "time": 164.9703562259674,
            "delp_calls": 4096,
            "percY": 372191027.2,
            "percN": 0.0,
            "percU": 372191027.2,
            "percUNK": 0.0,
            "l": 0.9099999999999975,
            "u": 1.0,
            "flag": "INTEREST"
        },
        "a_18": {
            "yes": 1536,
            "no": 512,
            "undecided": 2048,
            "unknown": 0,
            "pyes": 0.8176567853999993,
            "pno": 0.09234321459999997,
            "pundecided": 0.09000000000000015,
            "punknown": 0.0,
            "time": 172.25545525550842,
            "delp_calls": 4096,
            "percY": 279143270.4,
            "percN": 93047756.8,
            "percU": 372191027.2,
            "percUNK": 0.0,
            "l": 0.8176567853999993,
            "u": 0.9076567854,
            "flag": "INTEREST"
        }
    },
    "data": {
        "n_samples": 18173390,
        "time": 600.0000133514404,
        "repeated_worlds": 18165198,
        "repeated_progs": 18165198,
        "unique_progs": 8192,
        "delp_calls": 8192
    }
}