{
    "status": {
        "d_57": {
            "yes": 3584,
            "no": 0,
            "undecided": 448,
            "unknown": 64,
            "pyes": 0.9939677382903994,
            "pno": 0.0,
            "pundecided": 0.0031161635862000025,
            "punknown": 0.0029160981233999996,
            "time": 162.84155559539795,
            "delp_calls": 4094,
            "percY": 572866990.08,
            "percN": 0.0,
            "percU": 71608373.76,
            "percUNK": 10229767.68,
            "l": 0.9939677382903994,
            "u": 1.0,
            "flag": "INTEREST"
        },
        "a_18": {
            "yes": 978,
            "no": 1621,
            "undecided": 1493,
            "unknown": 4,
            "pyes": 0.005651533906183367,
            "pno": 0.8373624545430803,
            "pundecided": 0.15592901742408022,
            "punknown": 0.001056994126655544,
            "time": 167.1027636528015,
            "delp_calls": 4094,
            "percY": 156323637.36,
            "percN": 259100834.52,
            "percU": 238641299.16,
            "percUNK": 639360.48,
            "l": 0.005651533906183367,
            "u": 0.16263754545691966,
            "flag": "INTEREST"
        }
    },
    "data": {
        "n_samples": 15984012,
        "time": 600.0000102519989,
        "repeated_worlds": 15975820,
        "repeated_progs": 15975824,
        "unique_progs": 8188,
        "delp_calls": 8188
    }
}