{
    "status": {
        "d_57": {
            "yes": 992,
            "no": 0,
            "undecided": 132,
            "unknown": 16,
            "pyes": 0.12327652879095252,
            "pno": 0.0,
            "pundecided": 0.00014996655167834414,
            "punknown": 0.00013344844613768234,
            "time": 44.45973777770996,
            "delp_calls": 1140,
            "percY": 22568.0,
            "percN": 0.0,
            "percU": 3003.0,
            "percUNK": 364.0,
            "l": 0.12327652879095252,
            "u": 1.0
        },
        "a_18": {
            "yes": 267,
            "no": 433,
            "undecided": 434,
            "unknown": 1,
            "pyes": 0.002510108865909922,
            "pno": 0.011683116532059619,
            "pundecided": 0.01873132149044618,
            "punknown": 1.6911906026488704e-06,
            "time": 45.639102935791016,
            "delp_calls": 1135,
            "percY": 6074.25,
            "percN": 9850.75,
            "percU": 9873.5,
            "percUNK": 22.75,
            "l": 0.002510108865909922,
            "u": 0.9883168834679403
        }
    },
    "data": {
        "n_samples": 2275,
        "time": 600.1298701763153,
        "repeated_programs": 0,
        "inconsistent_programs": 0,
        "worlds_consulted": 1998,
        "delp_calls": 2275
    }
}