{
    "status": {
        "d_39": {
            "yes": 2048,
            "no": 0,
            "undecided": 2048,
            "unknown": 0,
            "pyes": 0.9200000000000008,
            "pno": 0.0,
            "pundecided": 0.08000000000000008,
            "punknown": 0.0,
            "time": 161.50735473632812,
            "delp_calls": 1024,
            "percY": 390176747.52,
            "percN": 0.0,
            "percU": 390176747.52,
            "percUNK": 0.0,
            "l": 0.9200000000000008,
            "u": 1.0,
            "flag": "INTEREST"
        }
    },
    "data": {
        "n_samples": 19051599,
        "time": 300.00001072883606,
        "repeated_worlds": 19047503,
        "repeated_progs": 19050575,
        "unique_progs": 1024,
        "delp_calls": 1024
    }
}