{
    "status": {
        "d_16": {
            "yes": 2560,
            "no": 0,
            "undecided": 1280,
            "unknown": 256,
            "pyes": 0.9202825565625609,
            "pno": 0.0,
            "pundecided": 0.07971271851183999,
            "punknown": 4.724925599999995e-06,
            "time": 162.4572880268097,
            "delp_calls": 1316,
            "percY": 950560051.2,
            "percN": 0.0,
            "percU": 475280025.6,
            "percUNK": 95056005.12,
            "l": 0.9202825565625609,
            "u": 1.0,
            "flag": "INTEREST"
        },
        "a_8": {
            "yes": 448,
            "no": 64,
            "undecided": 3580,
            "unknown": 4,
            "pyes": 0.8014622066275523,
            "pno": 0.007318493372447711,
            "pundecided": 0.1912192998911218,
            "punknown": 1.0887846236467202e-10,
            "time": 159.98111486434937,
            "delp_calls": 1316,
            "percY": 166348008.96,
            "percN": 23764001.28,
            "percU": 1329298821.6,
            "percUNK": 1485250.08,
            "l": 0.8014622066275523,
            "u": 0.9926815066275523,
            "flag": "INTEREST"
        }
    },
    "data": {
        "n_samples": 37131252,
        "time": 600.000007390976,
        "repeated_worlds": 37123060,
        "repeated_progs": 37128620,
        "unique_progs": 2632,
        "delp_calls": 2632
    }
}