{
    "status": {
        "~d_14": {
            "yes": 822,
            "no": 0,
            "undecided": 0,
            "unknown": 0,
            "pyes": 0.4139388324626564,
            "pno": 0.0,
            "pundecided": 0.0,
            "punknown": 0.0,
            "time": 37.14180111885071,
            "delp_calls": 822,
            "percY": 6756.84,
            "percN": 0.0,
            "percU": 0.0,
            "percUNK": 0.0,
            "l": 0.4139388324626564,
            "u": 1.0
        }
    },
    "data": {
        "n_samples": 822,
        "time": 300.07815313339233,
        "repeated_programs": 0,
        "inconsistent_programs": 0,
        "worlds_consulted": 34768,
        "delp_calls": 822
    }
}