{
    "status": {
        "a_3": {
            "yes": 703259,
            "no": 0,
            "undecided": 0,
            "unknown": 0,
            "pyes": 0.04051919664624659,
            "pno": 0.0,
            "pundecided": 0.0,
            "punknown": 0.0,
            "time": 31710.58561515808,
            "delp_calls": 72,
            "percY": 15313788224.14,
            "percN": 0.0,
            "percU": 0.0,
            "percUNK": 0.0,
            "l": 0.04051919664624659,
            "u": 1.0
        },
        "~a_5": {
            "yes": 710240,
            "no": 0,
            "undecided": 0,
            "unknown": 0,
            "pyes": 0.04355075283908742,
            "pno": 0.0,
            "pundecided": 0.0,
            "punknown": 0.0,
            "time": 40384.34281039238,
            "delp_calls": 72,
            "percY": 15465802710.4,
            "percN": 0.0,
            "percU": 0.0,
            "percUNK": 0.0,
            "l": 0.04355075283908742,
            "u": 1.0
        },
        "~a_9": {
            "yes": 174092,
            "no": 134214,
            "undecided": 409207,
            "unknown": 0,
            "pyes": 0.022315436441012197,
            "pno": 0.007684020880904021,
            "pundecided": 0.01410432956396665,
            "punknown": 0.0,
            "time": 49127.17384958267,
            "delp_calls": 72,
            "percY": 3790933382.32,
            "percN": 2922571588.44,
            "percU": 8910670660.22,
            "percUNK": 0.0,
            "l": 0.022315436441012197,
            "u": 0.992315979119096
        }
    },
    "data": {
        "n_samples": 2177546,
        "time": 900.0002362728119,
        "repeated_worlds": 46534,
        "repeated_progs": 2177330,
        "unique_progs": 216,
        "delp_calls": 216
    }
}