{
    "status": {
        "a_3": {
            "yes": 4671,
            "no": 0,
            "undecided": 0,
            "unknown": 1556,
            "pyes": 0.4637607630595941,
            "pno": 0.0,
            "pundecided": 0.0,
            "punknown": 0.004938323646378498,
            "time": 270.92131185531616,
            "delp_calls": 6227,
            "percY": 860117.94,
            "percN": 0.0,
            "percU": 0.0,
            "percUNK": 286521.84,
            "l": 0.4637607630595941,
            "u": 1.0
        },
        "~a_5": {
            "yes": 4550,
            "no": 0,
            "undecided": 0,
            "unknown": 1634,
            "pyes": 0.4686990867059726,
            "pno": 0.0,
            "pundecided": 0.0,
            "punknown": 0.0,
            "time": 271.1697835922241,
            "delp_calls": 6184,
            "percY": 837837.0,
            "percN": 0.0,
            "percU": 0.0,
            "percUNK": 300884.76,
            "l": 0.4686990867059726,
            "u": 1.0
        },
        "~a_9": {
            "yes": 4170,
            "no": 844,
            "undecided": 989,
            "unknown": 0,
            "pyes": 0.23674682519945353,
            "pno": 0.08384111566146223,
            "pundecided": 0.14811114584505677,
            "punknown": 0.0,
            "time": 271.12666273117065,
            "delp_calls": 6003,
            "percY": 767863.8,
            "percN": 155414.16,
            "percU": 182114.46,
            "percUNK": 0.0,
            "l": 0.23674682519945353,
            "u": 0.9161588843385378
        }
    },
    "data": {
        "n_samples": 18414,
        "time": 900.0830504894257,
        "repeated_programs": 0,
        "inconsistent_programs": 0,
        "worlds_consulted": 768,
        "delp_calls": 18414
    }
}