{
    "status": {
        "a_15": {
            "yes": 1398,
            "no": 550,
            "undecided": 2142,
            "unknown": 6,
            "pyes": 0.02806422866121724,
            "pno": 0.7140827434084046,
            "pundecided": 0.257851934909688,
            "punknown": 1.0930206908027156e-06,
            "time": 166.0409586429596,
            "delp_calls": 4094,
            "percY": 127798533.48,
            "percN": 50278393.0,
            "percU": 195811486.92,
            "percUNK": 548491.56,
            "l": 0.02806422866121724,
            "u": 0.2859172565915954,
            "flag": "INTEREST"
        }
    },
    "data": {
        "n_samples": 9141526,
        "time": 300.000004529953,
        "repeated_worlds": 9137430,
        "repeated_progs": 9137432,
        "unique_progs": 4094,
        "delp_calls": 4094
    }
}