{
    "status": {
        "d_12": {
            "yes": 522,
            "no": 0,
            "undecided": 0,
            "unknown": 0,
            "pyes": 0.48287856604240986,
            "pno": 0.0,
            "pundecided": 0.0,
            "punknown": 0.0,
            "time": 25.216380834579468,
            "delp_calls": 522,
            "percY": 5313.96,
            "percN": 0.0,
            "percU": 0.0,
            "percUNK": 0.0,
            "l": 0.48287856604240986,
            "u": 1.0
        },
        "a_7": {
            "yes": 155,
            "no": 192,
            "undecided": 149,
            "unknown": 0,
            "pyes": 0.2763303630671002,
            "pno": 0.1820357688973667,
            "pundecided": 0.05341621345072425,
            "punknown": 0.0,
            "time": 24.12122678756714,
            "delp_calls": 496,
            "percY": 1577.9,
            "percN": 1954.56,
            "percU": 1516.82,
            "percUNK": 0.0,
            "l": 0.2763303630671002,
            "u": 0.8179642311026333
        }
    },
    "data": {
        "n_samples": 1018,
        "time": 607.0392937660217,
        "repeated_programs": 0,
        "inconsistent_programs": 0,
        "worlds_consulted": 69420,
        "delp_calls": 1018
    }
}