{
    "status": {
        "d_12": {
            "yes": 620071,
            "no": 0,
            "undecided": 0,
            "unknown": 0,
            "pyes": 0.03609195775657266,
            "pno": 0.0,
            "pundecided": 0.0,
            "punknown": 0.0,
            "time": 27789.05906510353,
            "delp_calls": 432,
            "percY": 7787496491.84,
            "percN": 0.0,
            "percU": 0.0,
            "percUNK": 0.0,
            "l": 0.03609195775657266,
            "u": 1.0
        },
        "a_7": {
            "yes": 454276,
            "no": 86668,
            "undecided": 71815,
            "unknown": 0,
            "pyes": 0.026267769113546884,
            "pno": 0.005401403865416478,
            "pundecided": 0.004464084467869866,
            "punknown": 0.0,
            "time": 34415.747247219086,
            "delp_calls": 432,
            "percY": 5705270455.04,
            "percN": 1088466878.72,
            "percU": 901927457.6,
            "percUNK": 0.0,
            "l": 0.026267769113546884,
            "u": 0.9945985961345836
        }
    },
    "data": {
        "n_samples": 1255904,
        "time": 600.0005764961243,
        "repeated_worlds": 23074,
        "repeated_progs": 1255040,
        "unique_progs": 864,
        "delp_calls": 864
    }
}