{
    "status": {
        "~d_9": {
            "yes": 131072,
            "no": 0,
            "undecided": 131072,
            "unknown": 0,
            "pyes": 0.9744139999999601,
            "pno": 0.0,
            "pundecided": 0.025585999999998766,
            "punknown": 0.0,
            "time": 10761.053161621094,
            "delp_calls": 1024,
            "percY": 46574507130.88,
            "percN": 0.0,
            "percU": 46574507130.88,
            "percUNK": 0.0,
            "l": 0.9744139999999601,
            "u": 1.0,
            "flag": "INTEREST"
        },
        "a_8": {
            "yes": 98304,
            "no": 32768,
            "undecided": 131072,
            "unknown": 0,
            "pyes": 0.9650632947199775,
            "pno": 0.014936705280000068,
            "pundecided": 0.01999999999999891,
            "punknown": 0.0,
            "time": 11907.951538085938,
            "delp_calls": 1024,
            "percY": 34930880348.16,
            "percN": 11643626782.72,
            "percU": 46574507130.88,
            "percUNK": 0.0,
            "l": 0.9650632947199775,
            "u": 0.98506329472,
            "flag": "INTEREST"
        },
        "~a_7": {
            "yes": 45056,
            "no": 86016,
            "undecided": 131072,
            "unknown": 0,
            "pyes": 0.898955910451197,
            "pno": 0.0810440895487981,
            "pundecided": 0.01999999999999897,
            "punknown": 0.0,
            "time": 13118.136474609375,
            "delp_calls": 1024,
            "percY": 16009986826.24,
            "percN": 30564520304.64,
            "percU": 46574507130.88,
            "percUNK": 0.0,
            "l": 0.898955910451197,
            "u": 0.918955910451202,
            "flag": "INTEREST"
        }
    },
    "data": {
        "n_samples": 35533529,
        "time": 900.0000162124634,
        "repeated_worlds": 34747097,
        "repeated_progs": 35530457,
        "unique_progs": 3072,
        "delp_calls": 3072
    }
}