{
    "status": {
        "a_3": {
            "yes": 2560,
            "no": 0,
            "undecided": 1524,
            "unknown": 12,
            "pyes": 0.8508194199951615,
            "pno": 0.0,
            "pundecided": 0.1491500602393226,
            "punknown": 3.051976551579648e-05,
            "time": 165.9017105102539,
            "delp_calls": 1642,
            "percY": 870421785.6,
            "percN": 0.0,
            "percU": 518172969.24,
            "percUNK": 4080102.12,
            "l": 0.8508194199951615,
            "u": 1.0,
            "flag": "INTEREST"
        },
        "a_7": {
            "yes": 184,
            "no": 1866,
            "undecided": 2022,
            "unknown": 24,
            "pyes": 0.002637242935066049,
            "pno": 0.840215051894443,
            "pundecided": 0.15653730986017658,
            "punknown": 0.0006103953103159296,
            "time": 167.17113661766052,
            "delp_calls": 1642,
            "percY": 62561565.84,
            "percN": 634455879.66,
            "percU": 687497207.22,
            "percUNK": 8160204.24,
            "l": 0.002637242935066049,
            "u": 0.159784948105557,
            "flag": "INTEREST"
        }
    },
    "data": {
        "n_samples": 34000851,
        "time": 600.0000152587891,
        "repeated_worlds": 33992659,
        "repeated_progs": 33997567,
        "unique_progs": 3284,
        "delp_calls": 3284
    }
}