{
    "status": {
        "a_3": {
            "yes": 3160,
            "no": 0,
            "undecided": 1407,
            "unknown": 24,
            "pyes": 0.8441626010915185,
            "pno": 0.0,
            "pundecided": 0.14875059100628274,
            "punknown": 3.051976551579649e-05,
            "time": 184.38134956359863,
            "delp_calls": 4591,
            "percY": 287338.8,
            "percN": 0.0,
            "percU": 127938.51,
            "percUNK": 2182.32,
            "l": 0.8441626010915185,
            "u": 1.0,
            "flag": "INTEREST"
        },
        "a_7": {
            "yes": 190,
            "no": 2203,
            "undecided": 2066,
            "unknown": 43,
            "pyes": 0.0026371881492563347,
            "pno": 0.37332546358259194,
            "pundecided": 0.15441381698530166,
            "punknown": 0.0006094609527808329,
            "time": 183.19709634780884,
            "delp_calls": 4502,
            "percY": 17276.7,
            "percN": 200318.79,
            "percU": 187861.38,
            "percUNK": 3909.99,
            "l": 0.0026371881492563347,
            "u": 0.626674536417408
        }
    },
    "data": {
        "n_samples": 9093,
        "time": 600.1108222007751,
        "repeated_programs": 0,
        "inconsistent_programs": 0,
        "worlds_consulted": 7720,
        "delp_calls": 9093
    }
}