{
    "status": {
        "~d_53": {
            "yes": 6408,
            "no": 0,
            "undecided": 0,
            "unknown": 0,
            "pyes": 0.00844402855956816,
            "pno": 0.0,
            "pundecided": 0.0,
            "punknown": 0.0,
            "time": 285.1674723625183,
            "delp_calls": 6334,
            "percY": 1233219.6,
            "percN": 0.0,
            "percU": 0.0,
            "percUNK": 0.0,
            "l": 0.00844402855956816,
            "u": 1.0
        },
        "~a_18": {
            "yes": 2160,
            "no": 2982,
            "undecided": 1166,
            "unknown": 0,
            "pyes": 0.030357410156343488,
            "pno": 0.000546826056790836,
            "pundecided": 0.0005149705595165385,
            "punknown": 0.0,
            "time": 286.4572129249573,
            "delp_calls": 6248,
            "percY": 415692.0,
            "percN": 573885.9,
            "percU": 224396.7,
            "percUNK": 0.0,
            "l": 0.030357410156343488,
            "u": 0.9994531739432092
        },
        "~a_16": {
            "yes": 286,
            "no": 1145,
            "undecided": 4890,
            "unknown": 0,
            "pyes": 0.0003203959933600924,
            "pno": 0.0009673323105810611,
            "pundecided": 0.0008737100687793071,
            "punknown": 0.0,
            "time": 286.7706444263458,
            "delp_calls": 6248,
            "percY": 55040.7,
            "percN": 220355.25,
            "percU": 941080.5,
            "percUNK": 0.0,
            "l": 0.0003203959933600924,
            "u": 0.9990326676894189
        }
    },
    "data": {
        "n_samples": 19245,
        "time": 900.0974280834198,
        "repeated_worlds": 208,
        "repeated_progs": 415,
        "unique_progs": 18830,
        "delp_calls": 18830
    }
}