{
    "status": {
        "~d_29": {
            "yes": 637,
            "no": 0,
            "undecided": 623,
            "unknown": 0,
            "pyes": 0.07834806284217534,
            "pno": 0.0,
            "pundecided": 0.014443519592692989,
            "punknown": 0.0,
            "time": 57.37330913543701,
            "delp_calls": 1260,
            "percY": 27926.08,
            "percN": 0.0,
            "percU": 27312.32,
            "percUNK": 0.0,
            "l": 0.07834806284217534,
            "u": 1.0
        },
        "a_13": {
            "yes": 667,
            "no": 0,
            "undecided": 626,
            "unknown": 0,
            "pyes": 0.1839190385191069,
            "pno": 0.0,
            "pundecided": 0.005569741630458229,
            "punknown": 0.0,
            "time": 57.34964632987976,
            "delp_calls": 1293,
            "percY": 29241.28,
            "percN": 0.0,
            "percU": 27443.84,
            "percUNK": 0.0,
            "l": 0.1839190385191069,
            "u": 1.0
        },
        "~a_18": {
            "yes": 293,
            "no": 0,
            "undecided": 870,
            "unknown": 0,
            "pyes": 0.6119710478288535,
            "pno": 0.0,
            "pundecided": 0.009368112385287638,
            "punknown": 0.0,
            "time": 57.55168700218201,
            "delp_calls": 1163,
            "percY": 12845.12,
            "percN": 0.0,
            "percU": 38140.8,
            "percUNK": 0.0,
            "l": 0.6119710478288535,
            "u": 1.0,
            "flag": "INTEREST"
        }
    },
    "data": {
        "n_samples": 4384,
        "time": 180.0767698287964,
        "repeated_worlds": 668,
        "repeated_progs": 668,
        "unique_progs": 3716,
        "delp_calls": 3716
    }
}