{
    "status": {
        "~d_29": {
            "yes": 248,
            "no": 0,
            "undecided": 214,
            "unknown": 0,
            "pyes": 0.1600934371402297,
            "pno": 0.0,
            "pundecided": 0.014188888774726474,
            "punknown": 0.0,
            "time": 21.10052990913391,
            "delp_calls": 901,
            "percY": 6529.84,
            "percN": 0.0,
            "percU": 5634.62,
            "percUNK": 0.0,
            "l": 0.1600934371402297,
            "u": 1.0
        },
        "a_13": {
            "yes": 474,
            "no": 0,
            "undecided": 0,
            "unknown": 0,
            "pyes": 0.05161579275238447,
            "pno": 0.0,
            "pundecided": 0.0,
            "punknown": 0.0,
            "time": 21.623034954071045,
            "delp_calls": 906,
            "percY": 12480.42,
            "percN": 0.0,
            "percU": 0.0,
            "percUNK": 0.0,
            "l": 0.05161579275238447,
            "u": 1.0
        },
        "~a_18": {
            "yes": 206,
            "no": 0,
            "undecided": 193,
            "unknown": 0,
            "pyes": 0.6503204999753052,
            "pno": 0.0,
            "pundecided": 0.043181811142977575,
            "punknown": 0.0,
            "time": 21.791343450546265,
            "delp_calls": 826,
            "percY": 5423.98,
            "percN": 0.0,
            "percU": 5081.69,
            "percUNK": 0.0,
            "l": 0.6503204999753052,
            "u": 1.0,
            "flag": "INTEREST"
        }
    },
    "data": {
        "n_samples": 2633,
        "time": 180.06431818008423,
        "repeated_programs": 0,
        "inconsistent_programs": 1298,
        "worlds_consulted": 1193,
        "delp_calls": 2633
    }
}