{
    "status": {
        "~d_18": {
            "yes": 2337,
            "no": 0,
            "undecided": 0,
            "unknown": 1584,
            "pyes": 0.7568948016636714,
            "pno": 0.0,
            "pundecided": 0.0,
            "punknown": 0.024277665869484325,
            "time": 153.42608332633972,
            "delp_calls": 3921,
            "percY": 91633.77,
            "percN": 0.0,
            "percU": 0.0,
            "percUNK": 62108.64,
            "l": 0.7568948016636714,
            "u": 1.0,
            "flag": "INTEREST"
        }
    },
    "data": {
        "n_samples": 3921,
        "time": 300.01208090782166,
        "repeated_programs": 0,
        "inconsistent_programs": 0,
        "worlds_consulted": 2786,
        "delp_calls": 3921
    }
}