{
    "status": {
        "a_4": {
            "yes": 793,
            "no": 0,
            "undecided": 0,
            "unknown": 724,
            "pyes": 3.2422756642823126e-05,
            "pno": 0.0,
            "pundecided": 0.0,
            "punknown": 4.05291643726214e-05,
            "time": 63.20433020591736,
            "delp_calls": 1374,
            "percY": 34717.54,
            "percN": 0.0,
            "percU": 0.0,
            "percUNK": 31696.72,
            "l": 3.2422756642823126e-05,
            "u": 1.0
        },
        "a_8": {
            "yes": 525,
            "no": 182,
            "undecided": 723,
            "unknown": 0,
            "pyes": 1.3874089692491813e-06,
            "pno": 1.1169831684583253e-06,
            "pundecided": 2.694189507659222e-06,
            "punknown": 0.0,
            "time": 62.44904279708862,
            "delp_calls": 1310,
            "percY": 22984.5,
            "percN": 7967.96,
            "percU": 31652.94,
            "percUNK": 0.0,
            "l": 1.3874089692491813e-06,
            "u": 0.9999988830168316
        },
        "~a_8": {
            "yes": 187,
            "no": 557,
            "undecided": 687,
            "unknown": 0,
            "pyes": 4.405001844478847e-06,
            "pno": 2.9200709626707465e-06,
            "pundecided": 1.0969064935942262e-05,
            "punknown": 0.0,
            "time": 62.2925181388855,
            "delp_calls": 1314,
            "percY": 8186.86,
            "percN": 24385.46,
            "percU": 30076.86,
            "percUNK": 0.0,
            "l": 4.405001844478847e-06,
            "u": 0.9999970799290373
        }
    },
    "data": {
        "n_samples": 4378,
        "time": 180.06489968299866,
        "repeated_worlds": 0,
        "repeated_progs": 380,
        "unique_progs": 3998,
        "delp_calls": 3998
    }
}