{
    "status": {
        "a_4": {
            "yes": 314,
            "no": 0,
            "undecided": 0,
            "unknown": 308,
            "pyes": 0.05452149365108793,
            "pno": 0.0,
            "pundecided": 0.0,
            "punknown": 0.05991199857980245,
            "time": 27.51667046546936,
            "delp_calls": 1119,
            "percY": 10575.52,
            "percN": 0.0,
            "percU": 0.0,
            "percUNK": 10373.44,
            "l": 0.05452149365108793,
            "u": 1.0
        },
        "a_8": {
            "yes": 217,
            "no": 136,
            "undecided": 273,
            "unknown": 0,
            "pyes": 0.04618279727522046,
            "pno": 0.006595878483243543,
            "pundecided": 0.02399551311711185,
            "punknown": 0.0,
            "time": 28.59495449066162,
            "delp_calls": 1086,
            "percY": 7308.56,
            "percN": 4580.48,
            "percU": 9194.64,
            "percUNK": 0.0,
            "l": 0.04618279727522046,
            "u": 0.9934041215167565
        },
        "~a_8": {
            "yes": 116,
            "no": 271,
            "undecided": 287,
            "unknown": 0,
            "pyes": 0.014872020664792426,
            "pno": 0.024592357809799247,
            "pundecided": 0.03526060391513816,
            "punknown": 0.0,
            "time": 28.9851553440094,
            "delp_calls": 1163,
            "percY": 3906.88,
            "percN": 9127.28,
            "percU": 9666.16,
            "percUNK": 0.0,
            "l": 0.014872020664792426,
            "u": 0.9754076421902007
        }
    },
    "data": {
        "n_samples": 3368,
        "time": 180.0764856338501,
        "repeated_programs": 0,
        "inconsistent_programs": 1446,
        "worlds_consulted": 1766,
        "delp_calls": 3368
    }
}