{
    "status": {
        "a_0": {
            "yes": 5960,
            "no": 0,
            "undecided": 0,
            "unknown": 0,
            "pyes": 0.030586495506950143,
            "pno": 0.0,
            "pundecided": 0.0,
            "punknown": 0.0,
            "time": 255.29640293121338,
            "delp_calls": 5960,
            "percY": 355216.0,
            "percN": 0.0,
            "percU": 0.0,
            "percUNK": 0.0,
            "l": 0.030586495506950143,
            "u": 1.0
        }
    },
    "data": {
        "n_samples": 5960,
        "time": 300.02852988243103,
        "repeated_programs": 0,
        "inconsistent_programs": 0,
        "worlds_consulted": 1096,
        "delp_calls": 5960
    }
}