{
    "status": {
        "a_0": {
            "yes": 690697,
            "no": 0,
            "undecided": 0,
            "unknown": 0,
            "pyes": 0.039354227726974944,
            "pno": 0.0,
            "pundecided": 0.0,
            "punknown": 0.0,
            "time": 29471.912721395493,
            "delp_calls": 144,
            "percY": 4873109078.95,
            "percN": 0.0,
            "percU": 0.0,
            "percUNK": 0.0,
            "l": 0.039354227726974944,
            "u": 1.0
        }
    },
    "data": {
        "n_samples": 705535,
        "time": 300.0002157688141,
        "repeated_worlds": 14838,
        "repeated_progs": 705391,
        "unique_progs": 144,
        "delp_calls": 144
    }
}