{
    "status": {
        "~a_2": {
            "yes": 5206,
            "no": 0,
            "undecided": 0,
            "unknown": 1741,
            "pyes": 0.01816347157737705,
            "pno": 0.0,
            "pundecided": 0.0,
            "punknown": 6.926781166643015e-05,
            "time": 289.18365359306335,
            "delp_calls": 6805,
            "percY": 714315.26,
            "percN": 0.0,
            "percU": 0.0,
            "percUNK": 238882.61,
            "l": 0.01816347157737705,
            "u": 1.0
        },
        "~a_16": {
            "yes": 4509,
            "no": 0,
            "undecided": 2071,
            "unknown": 0,
            "pyes": 0.0064045408554383116,
            "pno": 0.0,
            "pundecided": 0.0020476538552434602,
            "punknown": 0.0,
            "time": 289.65170645713806,
            "delp_calls": 6448,
            "percY": 618679.89,
            "percN": 0.0,
            "percU": 284161.91,
            "percUNK": 0.0,
            "l": 0.0064045408554383116,
            "u": 1.0
        }
    },
    "data": {
        "n_samples": 13721,
        "time": 600.012900352478,
        "repeated_worlds": 194,
        "repeated_progs": 468,
        "unique_progs": 13253,
        "delp_calls": 13253
    }
}