{
    "status": {
        "~a_2": {
            "yes": 1685,
            "no": 0,
            "undecided": 0,
            "unknown": 562,
            "pyes": 0.0016720465431754347,
            "pno": 0.0,
            "pundecided": 0.0,
            "punknown": 0.0018945136013768368,
            "time": 99.35924196243286,
            "delp_calls": 2247,
            "percY": 76347.35,
            "percN": 0.0,
            "percU": 0.0,
            "percUNK": 25464.22,
            "l": 0.0016720465431754347,
            "u": 1.0
        },
        "~a_16": {
            "yes": 1512,
            "no": 0,
            "undecided": 772,
            "unknown": 0,
            "pyes": 0.0038597010481226687,
            "pno": 0.0,
            "pundecided": 0.004394232032829945,
            "punknown": 0.0,
            "time": 105.52870440483093,
            "delp_calls": 2284,
            "percY": 68508.72,
            "percN": 0.0,
            "percU": 34979.32,
            "percUNK": 0.0,
            "l": 0.0038597010481226687,
            "u": 1.0
        }
    },
    "data": {
        "n_samples": 4531,
        "time": 600.0961616039276,
        "repeated_programs": 0,
        "inconsistent_programs": 0,
        "worlds_consulted": 7510,
        "delp_calls": 4531
    }
}