{
    "status": {
        "~d_30": {
            "yes": 4096,
            "no": 0,
            "undecided": 0,
            "unknown": 0,
            "pyes": 1.0000000000000002,
            "pno": 0.0,
            "pundecided": 0.0,
            "punknown": 0.0,
            "time": 168.00501370429993,
            "delp_calls": 3536,
            "percY": 849956085.76,
            "percN": 0.0,
            "percU": 0.0,
            "percUNK": 0.0,
            "l": 1.0000000000000002,
            "u": 1.0,
            "flag": "INTEREST"
        },
        "~a_11": {
            "yes": 4096,
            "no": 0,
            "undecided": 0,
            "unknown": 0,
            "pyes": 1.0000000000000009,
            "pno": 0.0,
            "pundecided": 0.0,
            "punknown": 0.0,
            "time": 167.34418869018555,
            "delp_calls": 3536,
            "percY": 849956085.76,
            "percN": 0.0,
            "percU": 0.0,
            "percUNK": 0.0,
            "l": 1.0000000000000009,
            "u": 1.0,
            "flag": "INTEREST"
        }
    },
    "data": {
        "n_samples": 20750881,
        "time": 600.000011920929,
        "repeated_worlds": 20742689,
        "repeated_progs": 20743809,
        "unique_progs": 7072,
        "delp_calls": 7072
    }
}