{
    "status": {
        "~d_30": {
            "yes": 2492,
            "no": 0,
            "undecided": 0,
            "unknown": 0,
            "pyes": 0.8015157266325855,
            "pno": 0.0,
            "pundecided": 0.0,
            "punknown": 0.0,
            "time": 99.89794397354126,
            "delp_calls": 3384,
            "percY": 167562.08,
            "percN": 0.0,
            "percU": 0.0,
            "percUNK": 0.0,
            "l": 0.8015157266325855,
            "u": 1.0,
            "flag": "INTEREST"
        },
        "~a_11": {
            "yes": 2525,
            "no": 0,
            "undecided": 0,
            "unknown": 0,
            "pyes": 0.8055208935361182,
            "pno": 0.0,
            "pundecided": 0.0,
            "punknown": 0.0,
            "time": 102.20612573623657,
            "delp_calls": 3340,
            "percY": 169781.0,
            "percN": 0.0,
            "percU": 0.0,
            "percUNK": 0.0,
            "l": 0.8055208935361182,
            "u": 1.0,
            "flag": "INTEREST"
        }
    },
    "data": {
        "n_samples": 6724,
        "time": 600.0702688694,
        "repeated_programs": 0,
        "inconsistent_programs": 1707,
        "worlds_consulted": 3831,
        "delp_calls": 6724
    }
}