{
    "status": {
        "d_35": {
            "yes": 171,
            "no": 0,
            "undecided": 535,
            "unknown": 0,
            "pyes": 0.049438254324443105,
            "pno": 0.0,
            "pundecided": 0.006127146239458221,
            "punknown": 0.0,
            "time": 28.777338981628418,
            "delp_calls": 706,
            "percY": 3279.78,
            "percN": 0.0,
            "percU": 10261.3,
            "percUNK": 0.0,
            "l": 0.049438254324443105,
            "u": 1.0
        },
        "a_15": {
            "yes": 280,
            "no": 142,
            "undecided": 150,
            "unknown": 0,
            "pyes": 0.05990385883045684,
            "pno": 0.001662913629482088,
            "pundecided": 0.0006516319893973355,
            "punknown": 0.0,
            "time": 34.686774492263794,
            "delp_calls": 572,
            "percY": 5370.4,
            "percN": 2723.56,
            "percU": 2877.0,
            "percUNK": 0.0,
            "l": 0.05990385883045684,
            "u": 0.9983370863705179
        },
        "a_17": {
            "yes": 493,
            "no": 0,
            "undecided": 147,
            "unknown": 0,
            "pyes": 0.12020002177831789,
            "pno": 0.0,
            "pundecided": 0.005279227230231435,
            "punknown": 0.0,
            "time": 31.913793087005615,
            "delp_calls": 640,
            "percY": 9455.74,
            "percN": 0.0,
            "percU": 2819.46,
            "percUNK": 0.0,
            "l": 0.12020002177831789,
            "u": 1.0
        }
    },
    "data": {
        "n_samples": 1918,
        "time": 180.13479685783386,
        "repeated_programs": 0,
        "inconsistent_programs": 0,
        "worlds_consulted": 1966,
        "delp_calls": 1918
    }
}