{
    "status": {
        "~a_17": {
            "yes": 215,
            "no": 267,
            "undecided": 871,
            "unknown": 0,
            "pyes": 0.05359666667380521,
            "pno": 0.6285153319342266,
            "pundecided": 0.051028901154160554,
            "punknown": 0.0,
            "time": 55.99928116798401,
            "delp_calls": 1353,
            "percY": 3502.35,
            "percN": 4349.43,
            "percU": 14188.59,
            "percUNK": 0.0,
            "l": 0.05359666667380521,
            "u": 0.3714846680657734,
            "flag": "INTEREST"
        }
    },
    "data": {
        "n_samples": 1629,
        "time": 60.032602310180664,
        "repeated_worlds": 276,
        "repeated_progs": 276,
        "unique_progs": 1353,
        "delp_calls": 1353
    }
}