{
    "status": {
        "~a_17": {
            "yes": 33,
            "no": 45,
            "undecided": 153,
            "unknown": 0,
            "pyes": 5.71319224989408e-07,
            "pno": 0.00046118878248395753,
            "pundecided": 0.0032311933412481598,
            "punknown": 0.0,
            "time": 9.494289875030518,
            "delp_calls": 231,
            "percY": 76.23,
            "percN": 103.95,
            "percU": 353.43,
            "percUNK": 0.0,
            "l": 5.71319224989408e-07,
            "u": 0.9995388112175161
        }
    },
    "data": {
        "n_samples": 231,
        "time": 60.07463097572327,
        "repeated_programs": 0,
        "inconsistent_programs": 0,
        "worlds_consulted": 225,
        "delp_calls": 231
    }
}