{
    "status": {
        "d_15": {
            "yes": 4096,
            "no": 0,
            "undecided": 0,
            "unknown": 0,
            "pyes": 1.0000000000000009,
            "pno": 0.0,
            "pundecided": 0.0,
            "punknown": 0.0,
            "time": 158.24291038513184,
            "delp_calls": 210,
            "percY": 2430342758.4,
            "percN": 0.0,
            "percU": 0.0,
            "percUNK": 0.0,
            "l": 1.0000000000000009,
            "u": 1.0,
            "flag": "INTEREST"
        },
        "~a_8": {
            "yes": 2688,
            "no": 896,
            "undecided": 512,
            "unknown": 0,
            "pyes": 0.11511111937930585,
            "pno": 0.8846688841935068,
            "pundecided": 0.00021999642718799984,
            "punknown": 0.0,
            "time": 161.36319160461426,
            "delp_calls": 210,
            "percY": 1594912435.2,
            "percN": 531637478.4,
            "percU": 303792844.8,
            "percUNK": 0.0,
            "l": 0.11511111937930585,
            "u": 0.11533111580649325,
            "flag": "INTEREST"
        },
        "a_7": {
            "yes": 1216,
            "no": 2496,
            "undecided": 384,
            "unknown": 0,
            "pyes": 0.8652796484712588,
            "pno": 0.04970642524181742,
            "pundecided": 0.08501392628692507,
            "punknown": 0.0,
            "time": 167.9580898284912,
            "delp_calls": 210,
            "percY": 721508006.4,
            "percN": 1480990118.4,
            "percU": 227844633.6,
            "percUNK": 0.0,
            "l": 0.8652796484712588,
            "u": 0.9502935747581825,
            "flag": "INTEREST"
        }
    },
    "data": {
        "n_samples": 59334540,
        "time": 900.0000154972076,
        "repeated_worlds": 59322252,
        "repeated_progs": 59333910,
        "unique_progs": 630,
        "delp_calls": 630
    }
}