{
    "status": {
        "d_54": {
            "yes": 1294,
            "no": 0,
            "undecided": 1375,
            "unknown": 0,
            "pyes": 0.8326170513575945,
            "pno": 0.0,
            "pundecided": 0.02941173650520196,
            "punknown": 0.0,
            "time": 104.99842357635498,
            "delp_calls": 5365,
            "percY": 135895.88,
            "percN": 0.0,
            "percU": 144402.5,
            "percUNK": 0.0,
            "l": 0.8326170513575945,
            "u": 1.0,
            "flag": "INTEREST"
        },
        "a_21": {
            "yes": 342,
            "no": 638,
            "undecided": 1570,
            "unknown": 0,
            "pyes": 0.009374107405681306,
            "pno": 0.2182318247901932,
            "pundecided": 0.014612006159831563,
            "punknown": 0.0,
            "time": 106.06703233718872,
            "delp_calls": 5137,
            "percY": 35916.84,
            "percN": 67002.76,
            "percU": 164881.4,
            "percUNK": 0.0,
            "l": 0.009374107405681306,
            "u": 0.7817681752098068
        }
    },
    "data": {
        "n_samples": 10502,
        "time": 600.0413579940796,
        "repeated_programs": 0,
        "inconsistent_programs": 5283,
        "worlds_consulted": 2981,
        "delp_calls": 10502
    }
}