{
    "status": {
        "d_15": {
            "yes": 135447,
            "no": 0,
            "undecided": 135723,
            "unknown": 0,
            "pyes": 0.015449568270380023,
            "pno": 0.0,
            "pundecided": 0.003599323254515689,
            "punknown": 0.0,
            "time": 11301.252782344818,
            "delp_calls": 4096,
            "percY": 370160397.36,
            "percN": 0.0,
            "percU": 370914672.24,
            "percUNK": 0.0,
            "l": 0.015449568270380023,
            "u": 1.0
        }
    },
    "data": {
        "n_samples": 273288,
        "time": 300.0004334449768,
        "repeated_worlds": 2118,
        "repeated_progs": 269192,
        "unique_progs": 4096,
        "delp_calls": 4096
    }
}