{
    "status": {
        "d_15": {
            "yes": 1480,
            "no": 0,
            "undecided": 1519,
            "unknown": 0,
            "pyes": 0.15925253565655695,
            "pno": 0.0,
            "pundecided": 0.010531378038288951,
            "punknown": 0.0,
            "time": 124.40672206878662,
            "delp_calls": 6035,
            "percY": 89318.0,
            "percN": 0.0,
            "percU": 91671.65,
            "percUNK": 0.0,
            "l": 0.15925253565655695,
            "u": 1.0
        }
    },
    "data": {
        "n_samples": 6035,
        "time": 300.0457217693329,
        "repeated_programs": 0,
        "inconsistent_programs": 3036,
        "worlds_consulted": 1583,
        "delp_calls": 6035
    }
}