{
    "status": {
        "~a_9": {
            "yes": 2560,
            "no": 0,
            "undecided": 1536,
            "unknown": 0,
            "pyes": 0.9424157939496559,
            "pno": 0.0,
            "pundecided": 0.05758420605034383,
            "punknown": 0.0,
            "time": 163.49988532066345,
            "delp_calls": 4094,
            "percY": 449663283.2,
            "percN": 0.0,
            "percU": 269797969.92,
            "percUNK": 0.0,
            "l": 0.9424157939496559,
            "u": 1.0,
            "flag": "INTEREST"
        },
        "~a_14": {
            "yes": 432,
            "no": 976,
            "undecided": 2688,
            "unknown": 0,
            "pyes": 0.15809746327347385,
            "pno": 0.6698625461284508,
            "pundecided": 0.17203999059807507,
            "punknown": 0.0,
            "time": 171.19249844551086,
            "delp_calls": 4094,
            "percY": 75880679.04,
            "percN": 171434126.72,
            "percU": 472146447.36,
            "percUNK": 0.0,
            "l": 0.15809746327347385,
            "u": 0.33013745387154925,
            "flag": "INTEREST"
        }
    },
    "data": {
        "n_samples": 17564972,
        "time": 600.0000162124634,
        "repeated_worlds": 17556780,
        "repeated_progs": 17556784,
        "unique_progs": 8188,
        "delp_calls": 8188
    }
}