{
    "status": {
        "~a_3": {
            "yes": 821890,
            "no": 0,
            "undecided": 0,
            "unknown": 0,
            "pyes": 0.04641230070164523,
            "pno": 0.0,
            "pundecided": 0.0,
            "punknown": 0.0,
            "time": 34598.40734243393,
            "delp_calls": 8,
            "percY": 20362842540.7,
            "percN": 0.0,
            "percU": 0.0,
            "percUNK": 0.0,
            "l": 0.04641230070164523,
            "u": 1.0
        },
        "a_5": {
            "yes": 800570,
            "no": 0,
            "undecided": 0,
            "unknown": 0,
            "pyes": 0.04870164887275229,
            "pno": 0.0,
            "pundecided": 0.0,
            "punknown": 0.0,
            "time": 45860.744218587875,
            "delp_calls": 8,
            "percY": 19834626109.1,
            "percN": 0.0,
            "percU": 0.0,
            "percUNK": 0.0,
            "l": 0.04870164887275229,
            "u": 1.0
        },
        "a_9": {
            "yes": 795348,
            "no": 0,
            "undecided": 0,
            "unknown": 0,
            "pyes": 0.04828818663349891,
            "pno": 0.0,
            "pundecided": 0.0,
            "punknown": 0.0,
            "time": 52716.23348450661,
            "delp_calls": 8,
            "percY": 19705247769.24,
            "percN": 0.0,
            "percU": 0.0,
            "percUNK": 0.0,
            "l": 0.04828818663349891,
            "u": 1.0
        }
    },
    "data": {
        "n_samples": 2477563,
        "time": 900.0003664493561,
        "repeated_worlds": 59755,
        "repeated_progs": 2477539,
        "unique_progs": 24,
        "delp_calls": 24
    }
}