{
    "status": {
        "d_17": {
            "yes": 1197,
            "no": 0,
            "undecided": 1045,
            "unknown": 0,
            "pyes": 0.08553600000000001,
            "pno": 0.0,
            "pundecided": 0.004464000000000001,
            "punknown": 0.0,
            "time": 131.45735383033752,
            "delp_calls": 4541,
            "percY": 54355.77,
            "percN": 0.0,
            "percU": 47453.45,
            "percUNK": 0.0,
            "l": 0.08553600000000001,
            "u": 1.0
        }
    },
    "data": {
        "n_samples": 4541,
        "time": 300.01412320137024,
        "repeated_programs": 0,
        "inconsistent_programs": 2299,
        "worlds_consulted": 256,
        "delp_calls": 4541
    }
}