{
    "status": {
        "d_17": {
            "yes": 2048,
            "no": 0,
            "undecided": 2048,
            "unknown": 0,
            "pyes": 0.9504000000000002,
            "pno": 0.0,
            "pundecided": 0.04959999999999997,
            "punknown": 0.0,
            "time": 235.9362030029297,
            "delp_calls": 512,
            "percY": 263998341.12,
            "percN": 0.0,
            "percU": 263998341.12,
            "percUNK": 0.0,
            "l": 0.9504000000000002,
            "u": 1.0,
            "flag": "INTEREST"
        }
    },
    "data": {
        "n_samples": 12890544,
        "time": 300.0000066757202,
        "repeated_worlds": 12886448,
        "repeated_progs": 12890032,
        "unique_progs": 512,
        "delp_calls": 512
    }
}