{
    "status": {
        "a_0": {
            "yes": 166718,
            "no": 0,
            "undecided": 0,
            "unknown": 167363,
            "pyes": 0.012430519778961004,
            "pno": 0.0,
            "pundecided": 0.0,
            "punknown": 0.008428078759403103,
            "time": 12850.071544647217,
            "delp_calls": 4096,
            "percY": 1359176830.9,
            "percN": 0.0,
            "percU": 0.0,
            "percUNK": 1364435225.65,
            "l": 0.012430519778961004,
            "u": 1.0
        },
        "a_7": {
            "yes": 99684,
            "no": 33320,
            "undecided": 133231,
            "unknown": 0,
            "pyes": 0.010066756239794132,
            "pno": 0.00043740043980292325,
            "pundecided": 0.005729658364911881,
            "punknown": 0.0,
            "time": 12047.089469909668,
            "delp_calls": 4096,
            "percY": 812678794.2,
            "percN": 271642966.0,
            "percU": 1086172389.05,
            "percUNK": 0.0,
            "l": 0.010066756239794132,
            "u": 0.9995625995601971
        },
        "~a_7": {
            "yes": 26048,
            "no": 77509,
            "undecided": 104641,
            "unknown": 0,
            "pyes": 0.00039119216015145086,
            "pno": 0.008642741604720075,
            "pundecided": 0.003475289692643815,
            "punknown": 0.0,
            "time": 10455.698711633682,
            "delp_calls": 4096,
            "percY": 212357622.4,
            "percN": 631895997.95,
            "percU": 853090984.55,
            "percUNK": 0.0,
            "l": 0.00039119216015145086,
            "u": 0.9913572583952799
        }
    },
    "data": {
        "n_samples": 815255,
        "time": 900.0010302066803,
        "repeated_worlds": 6741,
        "repeated_progs": 802967,
        "unique_progs": 12288,
        "delp_calls": 12288
    }
}