{
    "status": {
        "a_0": {
            "yes": 1640,
            "no": 0,
            "undecided": 1379,
            "unknown": 61,
            "pyes": 0.029078149019220685,
            "pno": 0.0,
            "pundecided": 0.00024558517919623244,
            "punknown": 1.8533575674902127e-09,
            "time": 130.2848620414734,
            "delp_calls": 3080,
            "percY": 100548.4,
            "percN": 0.0,
            "percU": 84546.49,
            "percUNK": 3739.91,
            "l": 0.029078149019220685,
            "u": 1.0
        },
        "a_8": {
            "yes": 389,
            "no": 206,
            "undecided": 2381,
            "unknown": 75,
            "pyes": 0.008025230561752635,
            "pno": 0.04882190025911033,
            "pundecided": 0.003120559263514692,
            "punknown": 5.54225178653077e-05,
            "time": 130.1566994190216,
            "delp_calls": 3051,
            "percY": 23849.59,
            "percN": 12629.86,
            "percU": 145979.11,
            "percUNK": 4598.25,
            "l": 0.008025230561752635,
            "u": 0.9511780997408896
        }
    },
    "data": {
        "n_samples": 6131,
        "time": 600.4252433776855,
        "repeated_programs": 0,
        "inconsistent_programs": 0,
        "worlds_consulted": 44123,
        "delp_calls": 6131
    }
}