{
    "status": {
        "~a_19": {
            "yes": 423,
            "no": 270,
            "undecided": 475,
            "unknown": 0,
            "pyes": 0.18992347750106045,
            "pno": 0.054593244314576385,
            "pundecided": 0.01180219873552803,
            "punknown": 0.0,
            "time": 55.94019675254822,
            "delp_calls": 1168,
            "percY": 5748.57,
            "percN": 3669.3,
            "percU": 6455.25,
            "percUNK": 0.0,
            "l": 0.18992347750106045,
            "u": 0.9454067556854236
        }
    },
    "data": {
        "n_samples": 1359,
        "time": 60.02623271942139,
        "repeated_worlds": 191,
        "repeated_progs": 191,
        "unique_progs": 1168,
        "delp_calls": 1168
    }
}