{
    "status": {
        "d_15": {
            "yes": 4096,
            "no": 0,
            "undecided": 0,
            "unknown": 0,
            "pyes": 1.0000000000000009,
            "pno": 0.0,
            "pundecided": 0.0,
            "punknown": 0.0,
            "time": 177.06274604797363,
            "delp_calls": 110,
            "percY": 157405552.64,
            "percN": 0.0,
            "percU": 0.0,
            "percUNK": 0.0,
            "l": 1.0000000000000009,
            "u": 1.0,
            "flag": "INTEREST"
        }
    },
    "data": {
        "n_samples": 3842909,
        "time": 60.00000739097595,
        "repeated_worlds": 3838813,
        "repeated_progs": 3842799,
        "unique_progs": 110,
        "delp_calls": 110
    }
}