{
    "status": {
        "d_16": {
            "yes": 4096,
            "no": 0,
            "undecided": 0,
            "unknown": 0,
            "pyes": 0.9999999999999998,
            "pno": 0.0,
            "pundecided": 0.0,
            "punknown": 0.0,
            "time": 155.64783191680908,
            "delp_calls": 344,
            "percY": 1721216081.92,
            "percN": 0.0,
            "percU": 0.0,
            "percUNK": 0.0,
            "l": 0.9999999999999998,
            "u": 1.0,
            "flag": "INTEREST"
        },
        "a_8": {
            "yes": 4096,
            "no": 0,
            "undecided": 0,
            "unknown": 0,
            "pyes": 0.9999999999999974,
            "pno": 0.0,
            "pundecided": 0.0,
            "punknown": 0.0,
            "time": 157.5499849319458,
            "delp_calls": 344,
            "percY": 1721216081.92,
            "percN": 0.0,
            "percU": 0.0,
            "percUNK": 0.0,
            "l": 0.9999999999999974,
            "u": 1.0,
            "flag": "INTEREST"
        }
    },
    "data": {
        "n_samples": 42021877,
        "time": 600.0000238418579,
        "repeated_worlds": 42013685,
        "repeated_progs": 42021189,
        "unique_progs": 688,
        "delp_calls": 688
    }
}