{
    "status": {
        "a_5": {
            "yes": 2048,
            "no": 0,
            "undecided": 2048,
            "unknown": 0,
            "pyes": 0.9900999999999996,
            "pno": 0.0,
            "pundecided": 0.009899999999999992,
            "punknown": 0.0,
            "time": 242.57733917236328,
            "delp_calls": 512,
            "percY": 715090472.96,
            "percN": 0.0,
            "percU": 715090472.96,
            "percUNK": 0.0,
            "l": 0.9900999999999996,
            "u": 1.0,
            "flag": "INTEREST"
        },
        "~a_8": {
            "yes": 2048,
            "no": 0,
            "undecided": 2048,
            "unknown": 0,
            "pyes": 0.9900999999999999,
            "pno": 0.0,
            "pundecided": 0.009899999999999997,
            "punknown": 0.0,
            "time": 181.9824619293213,
            "delp_calls": 512,
            "percY": 715090472.96,
            "percN": 0.0,
            "percU": 715090472.96,
            "percUNK": 0.0,
            "l": 0.9900999999999999,
            "u": 1.0,
            "flag": "INTEREST"
        }
    },
    "data": {
        "n_samples": 34916527,
        "time": 600.0000057220459,
        "repeated_worlds": 34908335,
        "repeated_progs": 34915503,
        "unique_progs": 1024,
        "delp_calls": 1024
    }
}