{
    "status": {
        "~d_27": {
            "yes": 2106,
            "no": 0,
            "undecided": 0,
            "unknown": 0,
            "pyes": 0.012159402213806892,
            "pno": 0.0,
            "pundecided": 0.0,
            "punknown": 0.0,
            "time": 88.0675995349884,
            "delp_calls": 2106,
            "percY": 86998.86,
            "percN": 0.0,
            "percU": 0.0,
            "percUNK": 0.0,
            "l": 0.012159402213806892,
            "u": 1.0
        },
        "a_17": {
            "yes": 1342,
            "no": 184,
            "undecided": 499,
            "unknown": 0,
            "pyes": 0.024013581562852684,
            "pno": 1.4892492006887589e-05,
            "pundecided": 0.0006454206694190916,
            "punknown": 0.0,
            "time": 96.04486989974976,
            "delp_calls": 2025,
            "percY": 55438.02,
            "percN": 7601.04,
            "percU": 20613.69,
            "percUNK": 0.0,
            "l": 0.024013581562852684,
            "u": 0.9999851075079931
        }
    },
    "data": {
        "n_samples": 4131,
        "time": 600.1559090614319,
        "repeated_programs": 0,
        "inconsistent_programs": 0,
        "worlds_consulted": 5801,
        "delp_calls": 4131
    }
}