{
    "status": {
        "~d_31": {
            "yes": 2560,
            "no": 0,
            "undecided": 768,
            "unknown": 768,
            "pyes": 0.7348815258493868,
            "pno": 0.0,
            "pundecided": 0.19500457886980493,
            "punknown": 0.07011389528081063,
            "time": 162.89860725402832,
            "delp_calls": 4094,
            "percY": 242337766.4,
            "percN": 0.0,
            "percU": 72701329.92,
            "percUNK": 72701329.92,
            "l": 0.7348815258493868,
            "u": 1.0,
            "flag": "INTEREST"
        }
    },
    "data": {
        "n_samples": 9466319,
        "time": 300.0000014305115,
        "repeated_worlds": 9462223,
        "repeated_progs": 9462225,
        "unique_progs": 4094,
        "delp_calls": 4094
    }
}