{
    "status": {
        "~a_18": {
            "yes": 1280,
            "no": 960,
            "undecided": 1856,
            "unknown": 0,
            "pyes": 0.05939968041043797,
            "pno": 0.8694049029636003,
            "pundecided": 0.07119541662596203,
            "punknown": 0.0,
            "time": 179.7460675239563,
            "delp_calls": 4096,
            "percY": 108372556.8,
            "percN": 81279417.6,
            "percU": 157140207.36,
            "percUNK": 0.0,
            "l": 0.05939968041043797,
            "u": 0.1305950970363997,
            "flag": "INTEREST"
        }
    },
    "data": {
        "n_samples": 8466606,
        "time": 300.0000100135803,
        "repeated_worlds": 8462510,
        "repeated_progs": 8462510,
        "unique_progs": 4096,
        "delp_calls": 4096
    }
}