{
    "status": {
        "~a_18": {
            "yes": 846,
            "no": 448,
            "undecided": 861,
            "unknown": 0,
            "pyes": 0.05269071472926339,
            "pno": 0.7138683396570626,
            "pundecided": 0.007655932463766106,
            "punknown": 0.0,
            "time": 100.42447853088379,
            "delp_calls": 4382,
            "percY": 37071.72,
            "percN": 19631.36,
            "percU": 37729.02,
            "percUNK": 0.0,
            "l": 0.05269071472926339,
            "u": 0.28613166034293736,
            "flag": "INTEREST"
        }
    },
    "data": {
        "n_samples": 4382,
        "time": 300.0012273788452,
        "repeated_programs": 0,
        "inconsistent_programs": 2227,
        "worlds_consulted": 1343,
        "delp_calls": 4382
    }
}