{
    "status": {
        "~a_14": {
            "yes": 349,
            "no": 329,
            "undecided": 621,
            "unknown": 0,
            "pyes": 0.5241401826076965,
            "pno": 0.0057573603674598356,
            "pundecided": 0.0975196133469412,
            "punknown": 0.0,
            "time": 52.138455629348755,
            "delp_calls": 1299,
            "percY": 4533.51,
            "percN": 4273.71,
            "percU": 8066.79,
            "percUNK": 0.0,
            "l": 0.5241401826076965,
            "u": 0.9942426396325401,
            "flag": "INTEREST"
        }
    },
    "data": {
        "n_samples": 1299,
        "time": 300.12368059158325,
        "repeated_programs": 0,
        "inconsistent_programs": 0,
        "worlds_consulted": 1117,
        "delp_calls": 1299
    }
}