{
    "status": {
        "~a_14": {
            "yes": 1136,
            "no": 1013,
            "undecided": 1947,
            "unknown": 0,
            "pyes": 0.749254033390364,
            "pno": 0.012760005575156778,
            "pundecided": 0.23798596103447922,
            "punknown": 0.0,
            "time": 166.83728456497192,
            "delp_calls": 4084,
            "percY": 104402773.6,
            "percN": 93098600.05,
            "percU": 178936795.95,
            "percUNK": 0.0,
            "l": 0.749254033390364,
            "u": 0.9872399944248432,
            "flag": "INTEREST"
        }
    },
    "data": {
        "n_samples": 9190385,
        "time": 300.0000066757202,
        "repeated_worlds": 9186289,
        "repeated_progs": 9186301,
        "unique_progs": 4084,
        "delp_calls": 4084
    }
}