{
    "status": {
        "~d_16": {
            "yes": 1812,
            "no": 0,
            "undecided": 377,
            "unknown": 347,
            "pyes": 0.017244279513903584,
            "pno": 0.0,
            "pundecided": 0.00035761066114560486,
            "punknown": 0.00013881846395571166,
            "time": 102.7782895565033,
            "delp_calls": 2536,
            "percY": 45952.32,
            "percN": 0.0,
            "percU": 9560.72,
            "percUNK": 8799.92,
            "l": 0.017244279513903584,
            "u": 1.0
        }
    },
    "data": {
        "n_samples": 2536,
        "time": 300.16803193092346,
        "repeated_programs": 0,
        "inconsistent_programs": 0,
        "worlds_consulted": 27880,
        "delp_calls": 2536
    }
}