{
    "status": {
        "~d_16": {
            "yes": 7506,
            "no": 0,
            "undecided": 2193,
            "unknown": 2228,
            "pyes": 0.0498247975884826,
            "pno": 0.0,
            "pundecided": 0.0003633627707504974,
            "punknown": 0.0002181286457025559,
            "time": 468.9858090877533,
            "delp_calls": 7204,
            "percY": 915506.82,
            "percN": 0.0,
            "percU": 267480.21,
            "percUNK": 271749.16,
            "l": 0.0498247975884826,
            "u": 1.0
        }
    },
    "data": {
        "n_samples": 12197,
        "time": 300.0157754421234,
        "repeated_worlds": 270,
        "repeated_progs": 4993,
        "unique_progs": 7204,
        "delp_calls": 7204
    }
}