{
    "status": {
        "d_32": {
            "yes": 4096,
            "no": 0,
            "undecided": 0,
            "unknown": 0,
            "pyes": 1.0000000000000004,
            "pno": 0.0,
            "pundecided": 0.0,
            "punknown": 0.0,
            "time": 164.16255903244019,
            "delp_calls": 3442,
            "percY": 1226287759.36,
            "percN": 0.0,
            "percU": 0.0,
            "percUNK": 0.0,
            "l": 1.0000000000000004,
            "u": 1.0,
            "flag": "INTEREST"
        },
        "a_14": {
            "yes": 3584,
            "no": 0,
            "undecided": 512,
            "unknown": 0,
            "pyes": 0.9998306253120011,
            "pno": 0.0,
            "pundecided": 0.0001693746880000002,
            "punknown": 0.0,
            "time": 174.8683843612671,
            "delp_calls": 3442,
            "percY": 1073001789.44,
            "percN": 0.0,
            "percU": 153285969.92,
            "percUNK": 0.0,
            "l": 0.9998306253120011,
            "u": 1.0,
            "flag": "INTEREST"
        },
        "~a_16": {
            "yes": 1440,
            "no": 2336,
            "undecided": 320,
            "unknown": 0,
            "pyes": 0.04173190040477025,
            "pno": 0.9561618038369966,
            "pundecided": 0.0021062957582358233,
            "punknown": 0.0,
            "time": 181.25243473052979,
            "delp_calls": 3442,
            "percY": 431116790.4,
            "percN": 699367237.76,
            "percU": 95803731.2,
            "percUNK": 0.0,
            "l": 0.04173190040477025,
            "u": 0.04383819616300344,
            "flag": "INTEREST"
        }
    },
    "data": {
        "n_samples": 29938666,
        "time": 900.0000348091125,
        "repeated_worlds": 29926378,
        "repeated_progs": 29928340,
        "unique_progs": 10326,
        "delp_calls": 10326
    }
}