{
    "status": {
        "d_32": {
            "yes": 2757,
            "no": 0,
            "undecided": 0,
            "unknown": 0,
            "pyes": 0.17372393138254433,
            "pno": 0.0,
            "pundecided": 0.0,
            "punknown": 0.0,
            "time": 109.91276955604553,
            "delp_calls": 3684,
            "percY": 294971.43,
            "percN": 0.0,
            "percU": 0.0,
            "percUNK": 0.0,
            "l": 0.17372393138254433,
            "u": 1.0
        },
        "a_14": {
            "yes": 2411,
            "no": 0,
            "undecided": 258,
            "unknown": 0,
            "pyes": 0.8755440459027451,
            "pno": 0.0,
            "pundecided": 0.00013160649375107774,
            "punknown": 0.0,
            "time": 112.9850959777832,
            "delp_calls": 3566,
            "percY": 257952.89,
            "percN": 0.0,
            "percU": 27603.42,
            "percUNK": 0.0,
            "l": 0.8755440459027451,
            "u": 1.0,
            "flag": "INTEREST"
        },
        "~a_16": {
            "yes": 668,
            "no": 1647,
            "undecided": 254,
            "unknown": 0,
            "pyes": 0.040776524042468745,
            "pno": 0.18976266178924853,
            "pundecided": 0.001709176958077198,
            "punknown": 0.0,
            "time": 114.25572943687439,
            "delp_calls": 3449,
            "percY": 71469.32,
            "percN": 176212.53,
            "percU": 27175.46,
            "percUNK": 0.0,
            "l": 0.040776524042468745,
            "u": 0.8102373382107515
        }
    },
    "data": {
        "n_samples": 10699,
        "time": 900.0743637084961,
        "repeated_programs": 0,
        "inconsistent_programs": 2704,
        "worlds_consulted": 5989,
        "delp_calls": 10699
    }
}