{
    "status": {
        "~d_21": {
            "yes": 113,
            "no": 0,
            "undecided": 7,
            "unknown": 9,
            "pyes": 0.0049674142059855115,
            "pno": 0.0,
            "pundecided": 1.8763422728294408e-07,
            "punknown": 3.4322288545332e-07,
            "time": 5.865900039672852,
            "delp_calls": 129,
            "percY": 300.58,
            "percN": 0.0,
            "percU": 18.62,
            "percUNK": 23.94,
            "l": 0.0049674142059855115,
            "u": 1.0
        },
        "~a_19": {
            "yes": 0,
            "no": 12,
            "undecided": 125,
            "unknown": 0,
            "pyes": 0.0,
            "pno": 0.00032106216595260306,
            "pundecided": 0.06420280028556465,
            "punknown": 0.0,
            "time": 6.091388463973999,
            "delp_calls": 137,
            "percY": 0.0,
            "percN": 31.92,
            "percU": 332.5,
            "percUNK": 0.0,
            "l": 0.0,
            "u": 0.9996789378340474
        }
    },
    "data": {
        "n_samples": 266,
        "time": 120.47652840614319,
        "repeated_programs": 0,
        "inconsistent_programs": 0,
        "worlds_consulted": 265,
        "delp_calls": 266
    }
}