{
    "status": {
        "d_40": {
            "yes": 5333,
            "no": 0,
            "undecided": 0,
            "unknown": 1776,
            "pyes": 0.0005890102954633972,
            "pno": 0.0,
            "pundecided": 0.0,
            "punknown": 0.0025159677532617256,
            "time": 295.8101682662964,
            "delp_calls": 6791,
            "percY": 728701.12,
            "percN": 0.0,
            "percU": 0.0,
            "percUNK": 242672.64,
            "l": 0.0005890102954633972,
            "u": 1.0
        },
        "a_19": {
            "yes": 1070,
            "no": 363,
            "undecided": 4950,
            "unknown": 0,
            "pyes": 0.002469527587016132,
            "pno": 1.4464830745126674e-06,
            "pundecided": 0.001011328462534526,
            "punknown": 0.0,
            "time": 293.7545020580292,
            "delp_calls": 6170,
            "percY": 146204.8,
            "percN": 49600.32,
            "percU": 676368.0,
            "percUNK": 0.0,
            "l": 0.002469527587016132,
            "u": 0.9999985535169255
        }
    },
    "data": {
        "n_samples": 13664,
        "time": 600.0126459598541,
        "repeated_worlds": 172,
        "repeated_progs": 703,
        "unique_progs": 12961,
        "delp_calls": 12961
    }
}