{
    "status": {
        "a_7": {
            "yes": 22414,
            "no": 66858,
            "undecided": 0,
            "unknown": 0,
            "pyes": 7.466264891634772e-05,
            "pno": 0.004559406076082592,
            "pundecided": 0.0,
            "punknown": 0.0,
            "time": 4267.146475315094,
            "delp_calls": 320,
            "percY": 20061426.56,
            "percN": 59840584.32,
            "percU": 0.0,
            "percUNK": 0.0,
            "l": 7.466264891634772e-05,
            "u": 0.9954405939239174
        }
    },
    "data": {
        "n_samples": 89504,
        "time": 60.00036311149597,
        "repeated_worlds": 232,
        "repeated_progs": 89184,
        "unique_progs": 320,
        "delp_calls": 320
    }
}