{
    "status": {
        "d_75": {
            "yes": 1543,
            "no": 0,
            "undecided": 555,
            "unknown": 0,
            "pyes": 0.026696203166523158,
            "pno": 0.0,
            "pundecided": 0.0012550395124624205,
            "punknown": 0.0,
            "time": 89.01200532913208,
            "delp_calls": 2681,
            "percY": 80776.05,
            "percN": 0.0,
            "percU": 29054.25,
            "percUNK": 0.0,
            "l": 0.026696203166523158,
            "u": 1.0
        },
        "~a_16": {
            "yes": 326,
            "no": 899,
            "undecided": 780,
            "unknown": 0,
            "pyes": 1.557435508526562e-05,
            "pno": 0.04379945747022391,
            "pundecided": 0.000494732244579279,
            "punknown": 0.0,
            "time": 97.11817407608032,
            "delp_calls": 2554,
            "percY": 17066.1,
            "percN": 47062.65,
            "percU": 40833.0,
            "percUNK": 0.0,
            "l": 1.557435508526562e-05,
            "u": 0.956200542529776
        }
    },
    "data": {
        "n_samples": 5235,
        "time": 600.1670153141022,
        "repeated_programs": 0,
        "inconsistent_programs": 1132,
        "worlds_consulted": 11486,
        "delp_calls": 5235
    }
}