{
    "status": {
        "~a_8": {
            "yes": 129,
            "no": 310,
            "undecided": 363,
            "unknown": 58,
            "pyes": 0.04879428227626285,
            "pno": 0.6606566990464424,
            "pundecided": 0.03078053847840039,
            "punknown": 0.00025219950823903516,
            "time": 36.90707778930664,
            "delp_calls": 860,
            "percY": 1109.4,
            "percN": 2666.0,
            "percU": 3121.8,
            "percUNK": 498.8,
            "l": 0.04879428227626285,
            "u": 0.3393433009535576,
            "flag": "INTEREST"
        }
    },
    "data": {
        "n_samples": 860,
        "time": 60.03647446632385,
        "repeated_programs": 0,
        "inconsistent_programs": 0,
        "worlds_consulted": 1468,
        "delp_calls": 860
    }
}