{
    "status": {
        "d_10": {
            "yes": 157699,
            "no": 0,
            "undecided": 157885,
            "unknown": 0,
            "pyes": 0.017969806328361773,
            "pno": 0.0,
            "pundecided": 0.0025997084056464392,
            "punknown": 0.0,
            "time": 12620.779938220978,
            "delp_calls": 4096,
            "percY": 1218546480.96,
            "percN": 0.0,
            "percU": 1219983710.4,
            "percUNK": 0.0,
            "l": 0.017969806328361773,
            "u": 1.0
        },
        "a_5": {
            "yes": 123889,
            "no": 0,
            "undecided": 123824,
            "unknown": 0,
            "pyes": 0.013528619022058616,
            "pno": 0.0,
            "pundecided": 0.0006883986583923243,
            "punknown": 0.0,
            "time": 11629.118896961212,
            "delp_calls": 4096,
            "percY": 957295258.56,
            "percN": 0.0,
            "percU": 956793000.96,
            "percUNK": 0.0,
            "l": 0.013528619022058616,
            "u": 1.0
        },
        "a_8": {
            "yes": 35158,
            "no": 66717,
            "undecided": 101565,
            "unknown": 0,
            "pyes": 0.0009640209036642179,
            "pno": 0.010412822761772359,
            "pundecided": 0.0005587179573971853,
            "punknown": 0.0,
            "time": 10409.392860174179,
            "delp_calls": 4096,
            "percY": 271667272.32,
            "percN": 515524927.68,
            "percU": 784796817.6,
            "percUNK": 0.0,
            "l": 0.0009640209036642179,
            "u": 0.9895871772382276
        }
    },
    "data": {
        "n_samples": 772704,
        "time": 900.0006444454193,
        "repeated_worlds": 5967,
        "repeated_progs": 760416,
        "unique_progs": 12288,
        "delp_calls": 12288
    }
}