{
    "status": {
        "d_37": {
            "yes": 5141,
            "no": 0,
            "undecided": 1695,
            "unknown": 0,
            "pyes": 0.07702247868564681,
            "pno": 0.0,
            "pundecided": 2.081608379063027e-05,
            "punknown": 0.0,
            "time": 292.89090633392334,
            "delp_calls": 6608,
            "percY": 356528.35,
            "percN": 0.0,
            "percU": 117548.25,
            "percUNK": 0.0,
            "l": 0.07702247868564681,
            "u": 1.0
        }
    },
    "data": {
        "n_samples": 6935,
        "time": 300.0118899345398,
        "repeated_worlds": 99,
        "repeated_progs": 327,
        "unique_progs": 6608,
        "delp_calls": 6608
    }
}