{
    "status": {
        "d_24": {
            "yes": 925,
            "no": 0,
            "undecided": 2263,
            "unknown": 0,
            "pyes": 0.7626088592857804,
            "pno": 0.0,
            "pundecided": 0.12143380622340207,
            "punknown": 0.0,
            "time": 125.78222894668579,
            "delp_calls": 4750,
            "percY": 43937.5,
            "percN": 0.0,
            "percU": 107492.5,
            "percUNK": 0.0,
            "l": 0.7626088592857804,
            "u": 1.0,
            "flag": "INTEREST"
        }
    },
    "data": {
        "n_samples": 4750,
        "time": 300.0323188304901,
        "repeated_programs": 0,
        "inconsistent_programs": 1562,
        "worlds_consulted": 2499,
        "delp_calls": 4750
    }
}