{
    "status": {
        "d_14": {
            "yes": 7894,
            "no": 0,
            "undecided": 129,
            "unknown": 982,
            "pyes": 0.04314585314699851,
            "pno": 0.0,
            "pundecided": 3.1181499715776606e-09,
            "punknown": 0.00018324421833148264,
            "time": 380.37246012687683,
            "delp_calls": 6720,
            "percY": 724037.68,
            "percN": 0.0,
            "percU": 11831.88,
            "percUNK": 90069.04,
            "l": 0.04314585314699851,
            "u": 1.0
        }
    },
    "data": {
        "n_samples": 9172,
        "time": 300.03737902641296,
        "repeated_worlds": 167,
        "repeated_progs": 2452,
        "unique_progs": 6720,
        "delp_calls": 6720
    }
}