{
    "status": {
        "d_25": {
            "yes": 1238,
            "no": 0,
            "undecided": 1202,
            "unknown": 0,
            "pyes": 0.6518595699848676,
            "pno": 0.0,
            "pundecided": 0.15388230329302552,
            "punknown": 0.0,
            "time": 98.15097069740295,
            "delp_calls": 4948,
            "percY": 178470.08,
            "percN": 0.0,
            "percU": 173280.32,
            "percUNK": 0.0,
            "l": 0.6518595699848676,
            "u": 1.0,
            "flag": "INTEREST"
        },
        "a_16": {
            "yes": 1097,
            "no": 46,
            "undecided": 1214,
            "unknown": 0,
            "pyes": 0.6553383966483844,
            "pno": 0.049016371969083324,
            "pundecided": 0.0402008543983764,
            "punknown": 0.0,
            "time": 102.32733225822449,
            "delp_calls": 4754,
            "percY": 158143.52,
            "percN": 6631.36,
            "percU": 175010.24,
            "percUNK": 0.0,
            "l": 0.6553383966483844,
            "u": 0.9509836280309166,
            "flag": "INTEREST"
        },
        "a_14": {
            "yes": 822,
            "no": 1571,
            "undecided": 0,
            "unknown": 0,
            "pyes": 0.0650877322039167,
            "pno": 0.29392548229120624,
            "pundecided": 0.0,
            "punknown": 0.0,
            "time": 103.02947235107422,
            "delp_calls": 4714,
            "percY": 118499.52,
            "percN": 226475.36,
            "percU": 0.0,
            "percUNK": 0.0,
            "l": 0.0650877322039167,
            "u": 0.7060745177087937
        }
    },
    "data": {
        "n_samples": 14416,
        "time": 900.1013286113739,
        "repeated_programs": 0,
        "inconsistent_programs": 7226,
        "worlds_consulted": 4267,
        "delp_calls": 14416
    }
}