{
    "status": {
        "d_25": {
            "yes": 2048,
            "no": 0,
            "undecided": 2048,
            "unknown": 0,
            "pyes": 0.7648392607999995,
            "pno": 0.0,
            "pundecided": 0.2351607392000002,
            "punknown": 0.0,
            "time": 165.1122465133667,
            "delp_calls": 4096,
            "percY": 539473305.6,
            "percN": 0.0,
            "percU": 539473305.6,
            "percUNK": 0.0,
            "l": 0.7648392607999995,
            "u": 1.0,
            "flag": "INTEREST"
        },
        "a_16": {
            "yes": 1920,
            "no": 128,
            "undecided": 2048,
            "unknown": 0,
            "pyes": 0.8755585000837129,
            "pno": 0.071521499916288,
            "pundecided": 0.05291999999999995,
            "punknown": 0.0,
            "time": 182.92065501213074,
            "delp_calls": 4096,
            "percY": 505756224.0,
            "percN": 33717081.6,
            "percU": 539473305.6,
            "percUNK": 0.0,
            "l": 0.8755585000837129,
            "u": 0.928478500083712,
            "flag": "INTEREST"
        },
        "a_14": {
            "yes": 704,
            "no": 1344,
            "undecided": 2048,
            "unknown": 0,
            "pyes": 0.11929836149952001,
            "pno": 0.8107016385004798,
            "pundecided": 0.0700000000000001,
            "punknown": 0.0,
            "time": 170.68560552597046,
            "delp_calls": 4096,
            "percY": 185443948.8,
            "percN": 354029356.8,
            "percU": 539473305.6,
            "percUNK": 0.0,
            "l": 0.11929836149952001,
            "u": 0.18929836149952017,
            "flag": "INTEREST"
        }
    },
    "data": {
        "n_samples": 26341470,
        "time": 900.0000245571136,
        "repeated_worlds": 26329182,
        "repeated_progs": 26329182,
        "unique_progs": 12288,
        "delp_calls": 12288
    }
}