{
    "status": {
        "~a_7": {
            "yes": 29,
            "no": 229,
            "undecided": 261,
            "unknown": 0,
            "pyes": 0.0023104808533060566,
            "pno": 0.12568221916820724,
            "pundecided": 0.014670760390813688,
            "punknown": 0.0,
            "time": 25.48055934906006,
            "delp_calls": 1051,
            "percY": 304.79,
            "percN": 2406.79,
            "percU": 2743.11,
            "percUNK": 0.0,
            "l": 0.0023104808533060566,
            "u": 0.8743177808317928
        }
    },
    "data": {
        "n_samples": 1051,
        "time": 60.018773555755615,
        "repeated_programs": 0,
        "inconsistent_programs": 532,
        "worlds_consulted": 325,
        "delp_calls": 1051
    }
}