{
    "status": {
        "d_16": {
            "yes": 131072,
            "no": 0,
            "undecided": 131072,
            "unknown": 0,
            "pyes": 0.8963999999999711,
            "pno": 0.0,
            "pundecided": 0.10359999999999964,
            "punknown": 0.0,
            "time": 10587.489227294922,
            "delp_calls": 2048,
            "percY": 33210319503.36,
            "percN": 0.0,
            "percU": 33210319503.36,
            "percUNK": 0.0,
            "l": 0.8963999999999711,
            "u": 1.0,
            "flag": "INTEREST"
        },
        "a_5": {
            "yes": 131072,
            "no": 0,
            "undecided": 131072,
            "unknown": 0,
            "pyes": 0.7945461173087635,
            "pno": 0.0,
            "pundecided": 0.20545388269119785,
            "punknown": 0.0,
            "time": 11614.248291015625,
            "delp_calls": 2048,
            "percY": 33210319503.36,
            "percN": 0.0,
            "percU": 33210319503.36,
            "percUNK": 0.0,
            "l": 0.7945461173087635,
            "u": 1.0,
            "flag": "INTEREST"
        },
        "a_7": {
            "yes": 131072,
            "no": 0,
            "undecided": 131072,
            "unknown": 0,
            "pyes": 0.9663999999999737,
            "pno": 0.0,
            "pundecided": 0.03359999999999916,
            "punknown": 0.0,
            "time": 12937.303131103516,
            "delp_calls": 2048,
            "percY": 33210319503.36,
            "percN": 0.0,
            "percU": 33210319503.36,
            "percUNK": 0.0,
            "l": 0.9663999999999737,
            "u": 1.0,
            "flag": "INTEREST"
        }
    },
    "data": {
        "n_samples": 25337463,
        "time": 900.0000185966492,
        "repeated_worlds": 24551031,
        "repeated_progs": 25331319,
        "unique_progs": 6144,
        "delp_calls": 6144
    }
}