{
    "status": {
        "d_32": {
            "yes": 4096,
            "no": 0,
            "undecided": 0,
            "unknown": 0,
            "pyes": 0.9999999999999971,
            "pno": 0.0,
            "pundecided": 0.0,
            "punknown": 0.0,
            "time": 168.1049964427948,
            "delp_calls": 3016,
            "percY": 869973606.4,
            "percN": 0.0,
            "percU": 0.0,
            "percUNK": 0.0,
            "l": 0.9999999999999971,
            "u": 1.0,
            "flag": "INTEREST"
        },
        "a_14": {
            "yes": 4096,
            "no": 0,
            "undecided": 0,
            "unknown": 0,
            "pyes": 0.9999999999999973,
            "pno": 0.0,
            "pundecided": 0.0,
            "punknown": 0.0,
            "time": 219.9052062034607,
            "delp_calls": 3016,
            "percY": 869973606.4,
            "percN": 0.0,
            "percU": 0.0,
            "percUNK": 0.0,
            "l": 0.9999999999999973,
            "u": 1.0,
            "flag": "INTEREST"
        }
    },
    "data": {
        "n_samples": 21239590,
        "time": 600.0000109672546,
        "repeated_worlds": 21231398,
        "repeated_progs": 21233558,
        "unique_progs": 6032,
        "delp_calls": 6032
    }
}