{
    "status": {
        "a_1": {
            "yes": 196608,
            "no": 0,
            "undecided": 0,
            "unknown": 65536,
            "pyes": 0.878571054026233,
            "pno": 0.0,
            "pundecided": 0.0,
            "punknown": 0.12142894597376065,
            "time": 11190.173736572266,
            "delp_calls": 548,
            "percY": 75116380815.36,
            "percN": 0.0,
            "percU": 0.0,
            "percUNK": 25038793605.12,
            "l": 0.878571054026233,
            "u": 1.0,
            "flag": "INTEREST"
        },
        "a_6": {
            "yes": 196608,
            "no": 0,
            "undecided": 65536,
            "unknown": 0,
            "pyes": 0.9927999999999909,
            "pno": 0.0,
            "pundecided": 0.007199999999999962,
            "punknown": 0.0,
            "time": 11917.35090637207,
            "delp_calls": 548,
            "percY": 75116380815.36,
            "percN": 0.0,
            "percU": 25038793605.12,
            "percUNK": 0.0,
            "l": 0.9927999999999909,
            "u": 1.0,
            "flag": "INTEREST"
        },
        "~a_9": {
            "yes": 65536,
            "no": 86016,
            "undecided": 110592,
            "unknown": 0,
            "pyes": 0.04420634879999999,
            "pno": 0.825788741537278,
            "pundecided": 0.1300049096627185,
            "punknown": 0.0,
            "time": 14044.422454833984,
            "delp_calls": 548,
            "percY": 25038793605.12,
            "percN": 32863416606.72,
            "percU": 42252964208.64,
            "percUNK": 0.0,
            "l": 0.04420634879999999,
            "u": 0.174211258462722,
            "flag": "INTEREST"
        }
    },
    "data": {
        "n_samples": 38206167,
        "time": 900.0000195503235,
        "repeated_worlds": 37419735,
        "repeated_progs": 38204523,
        "unique_progs": 1644,
        "delp_calls": 1644
    }
}