{
    "status": {
        "d_71": {
            "yes": 1878,
            "no": 0,
            "undecided": 485,
            "unknown": 200,
            "pyes": 0.0013245643872152456,
            "pno": 0.0,
            "pundecided": 0.0,
            "punknown": 0.0,
            "time": 110.31381583213806,
            "delp_calls": 2563,
            "percY": 142127.04,
            "percN": 0.0,
            "percU": 36704.8,
            "percUNK": 15136.0,
            "l": 0.0013245643872152456,
            "u": 1.0
        },
        "a_14": {
            "yes": 2567,
            "no": 0,
            "undecided": 0,
            "unknown": 0,
            "pyes": 0.011595346783770957,
            "pno": 0.0,
            "pundecided": 0.0,
            "punknown": 0.0,
            "time": 109.96909785270691,
            "delp_calls": 2567,
            "percY": 194270.56,
            "percN": 0.0,
            "percU": 0.0,
            "percUNK": 0.0,
            "l": 0.011595346783770957,
            "u": 1.0
        },
        "a_16": {
            "yes": 835,
            "no": 0,
            "undecided": 1603,
            "unknown": 0,
            "pyes": 0.0023836536175243493,
            "pno": 0.0,
            "pundecided": 9.614314046186191e-05,
            "punknown": 0.0,
            "time": 118.64411497116089,
            "delp_calls": 2438,
            "percY": 63192.8,
            "percN": 0.0,
            "percU": 121315.04,
            "percUNK": 0.0,
            "l": 0.0023836536175243493,
            "u": 1.0
        }
    },
    "data": {
        "n_samples": 7568,
        "time": 900.0569398403168,
        "repeated_programs": 0,
        "inconsistent_programs": 0,
        "worlds_consulted": 13905,
        "delp_calls": 7568
    }
}