{
    "status": {
        "~d_31": {
            "yes": 1062,
            "no": 0,
            "undecided": 1141,
            "unknown": 0,
            "pyes": 0.6755767456331159,
            "pno": 0.0,
            "pundecided": 0.004998858066438201,
            "punknown": 0.0,
            "time": 89.02774810791016,
            "delp_calls": 4498,
            "percY": 47768.76,
            "percN": 0.0,
            "percU": 51322.18,
            "percUNK": 0.0,
            "l": 0.6755767456331159,
            "u": 1.0,
            "flag": "INTEREST"
        }
    },
    "data": {
        "n_samples": 4498,
        "time": 300.05188632011414,
        "repeated_programs": 0,
        "inconsistent_programs": 2295,
        "worlds_consulted": 1344,
        "delp_calls": 4498
    }
}