{
    "status": {
        "d_36": {
            "yes": 4096,
            "no": 0,
            "undecided": 0,
            "unknown": 0,
            "pyes": 1.0000000000000018,
            "pno": 0.0,
            "pundecided": 0.0,
            "punknown": 0.0,
            "time": 168.54568672180176,
            "delp_calls": 3834,
            "percY": 411753881.6,
            "percN": 0.0,
            "percU": 0.0,
            "percUNK": 0.0,
            "l": 1.0000000000000018,
            "u": 1.0,
            "flag": "INTEREST"
        }
    },
    "data": {
        "n_samples": 10052585,
        "time": 300.00000643730164,
        "repeated_worlds": 10048489,
        "repeated_progs": 10048751,
        "unique_progs": 3834,
        "delp_calls": 3834
    }
}