{
    "status": {
        "d_37": {
            "yes": 2560,
            "no": 0,
            "undecided": 1216,
            "unknown": 320,
            "pyes": 0.9679407000000011,
            "pno": 0.0,
            "pundecided": 0.03205929999999999,
            "punknown": 0.0,
            "time": 163.12193632125854,
            "delp_calls": 4096,
            "percY": 241729075.2,
            "percN": 0.0,
            "percU": 114821310.72,
            "percUNK": 30216134.4,
            "l": 0.9679407000000011,
            "u": 1.0,
            "flag": "INTEREST"
        }
    },
    "data": {
        "n_samples": 9442542,
        "time": 300.0000092983246,
        "repeated_worlds": 9438446,
        "repeated_progs": 9438446,
        "unique_progs": 4096,
        "delp_calls": 4096
    }
}