{
    "status": {
        "~d_30": {
            "yes": 684,
            "no": 0,
            "undecided": 54,
            "unknown": 49,
            "pyes": 0.01608348855417326,
            "pno": 0.0,
            "pundecided": 9.481518743073377e-05,
            "punknown": 0.00017267708867351494,
            "time": 30.88785219192505,
            "delp_calls": 787,
            "percY": 16457.04,
            "percN": 0.0,
            "percU": 1299.24,
            "percUNK": 1178.94,
            "l": 0.01608348855417326,
            "u": 1.0
        },
        "~a_15": {
            "yes": 445,
            "no": 54,
            "undecided": 309,
            "unknown": 0,
            "pyes": 0.014387284276283514,
            "pno": 0.008085840720319424,
            "pundecided": 0.004762587490875831,
            "punknown": 0.0,
            "time": 32.48952579498291,
            "delp_calls": 808,
            "percY": 10706.7,
            "percN": 1299.24,
            "percU": 7434.54,
            "percUNK": 0.0,
            "l": 0.014387284276283514,
            "u": 0.9919141592796806
        },
        "~a_14": {
            "yes": 282,
            "no": 23,
            "undecided": 506,
            "unknown": 0,
            "pyes": 0.05711183433827732,
            "pno": 9.498928478859223e-06,
            "pundecided": 0.03229434248634902,
            "punknown": 0.0,
            "time": 31.318974018096924,
            "delp_calls": 811,
            "percY": 6784.92,
            "percN": 553.38,
            "percU": 12174.36,
            "percUNK": 0.0,
            "l": 0.05711183433827732,
            "u": 0.9999905010715211
        }
    },
    "data": {
        "n_samples": 2406,
        "time": 900.9176969528198,
        "repeated_programs": 0,
        "inconsistent_programs": 0,
        "worlds_consulted": 2212,
        "delp_calls": 2406
    }
}