{
    "status": {
        "~d_30": {
            "yes": 3584,
            "no": 0,
            "undecided": 256,
            "unknown": 256,
            "pyes": 0.9922772396800025,
            "pno": 0.0,
            "pundecided": 0.0002394666426240001,
            "punknown": 0.007483293677376002,
            "time": 166.26605486869812,
            "delp_calls": 4096,
            "percY": 943922309.12,
            "percN": 0.0,
            "percU": 67423022.08,
            "percUNK": 67423022.08,
            "l": 0.9922772396800025,
            "u": 1.0,
            "flag": "INTEREST"
        },
        "~a_15": {
            "yes": 2285,
            "no": 272,
            "undecided": 1539,
            "unknown": 0,
            "pyes": 0.7902624878532278,
            "pno": 0.19604753143330314,
            "pundecided": 0.013689980713469446,
            "punknown": 0.0,
            "time": 170.18443632125854,
            "delp_calls": 4096,
            "percY": 601803146.3,
            "percN": 71636960.96,
            "percU": 405328246.02,
            "percUNK": 0.0,
            "l": 0.7902624878532278,
            "u": 0.8039524685666969,
            "flag": "INTEREST"
        },
        "~a_14": {
            "yes": 1507,
            "no": 97,
            "undecided": 2492,
            "unknown": 0,
            "pyes": 0.8176511763239294,
            "pno": 0.0008090053960710618,
            "pundecided": 0.18153981828000001,
            "punknown": 0.0,
            "time": 163.90577816963196,
            "delp_calls": 4096,
            "percY": 396900368.26,
            "percN": 25547004.46,
            "percU": 656320980.56,
            "percUNK": 0.0,
            "l": 0.8176511763239294,
            "u": 0.9991909946039289,
            "flag": "INTEREST"
        }
    },
    "data": {
        "n_samples": 26337118,
        "time": 900.0000162124634,
        "repeated_worlds": 26324830,
        "repeated_progs": 26324830,
        "unique_progs": 12288,
        "delp_calls": 12288
    }
}