{
    "status": {
        "a_8": {
            "yes": 488,
            "no": 220,
            "undecided": 80,
            "unknown": 0,
            "pyes": 0.9848764445950564,
            "pno": 0.0003864662721731836,
            "pundecided": 0.0,
            "punknown": 0.0,
            "time": 35.09866237640381,
            "delp_calls": 1113,
            "percY": 5431.44,
            "percN": 2448.6,
            "percU": 890.4,
            "percUNK": 0.0,
            "l": 0.9848764445950564,
            "u": 0.9996135337278268,
            "flag": "INTEREST"
        }
    },
    "data": {
        "n_samples": 1113,
        "time": 60.04372715950012,
        "repeated_programs": 0,
        "inconsistent_programs": 325,
        "worlds_consulted": 2735,
        "delp_calls": 1113
    }
}