{
    "status": {
        "d_16": {
            "yes": 2823,
            "no": 0,
            "undecided": 47,
            "unknown": 344,
            "pyes": 0.8502463646040951,
            "pno": 0.0,
            "pundecided": 8.869360455332282e-05,
            "punknown": 0.0009665423318557485,
            "time": 134.70114922523499,
            "delp_calls": 1322,
            "percY": 337235.58,
            "percN": 0.0,
            "percU": 5614.62,
            "percUNK": 41094.24,
            "l": 0.8502463646040951,
            "u": 1.0,
            "flag": "INTEREST"
        },
        "a_5": {
            "yes": 1200,
            "no": 0,
            "undecided": 718,
            "unknown": 1164,
            "pyes": 0.17720953088015903,
            "pno": 0.0,
            "pundecided": 0.0036402283038001627,
            "punknown": 0.09659480353540215,
            "time": 132.60790729522705,
            "delp_calls": 1302,
            "percY": 143352.0,
            "percN": 0.0,
            "percU": 85772.28,
            "percUNK": 139051.44,
            "l": 0.17720953088015903,
            "u": 1.0
        }
    },
    "data": {
        "n_samples": 11946,
        "time": 120.0224404335022,
        "repeated_worlds": 5650,
        "repeated_progs": 9322,
        "unique_progs": 2624,
        "delp_calls": 2624
    }
}