{
    "status": {
        "a_15": {
            "yes": 298,
            "no": 287,
            "undecided": 725,
            "unknown": 0,
            "pyes": 0.027819180822134935,
            "pno": 0.0983251373523713,
            "pundecided": 0.0790099128516495,
            "punknown": 0.0,
            "time": 55.92722225189209,
            "delp_calls": 1309,
            "percY": 4675.62,
            "percN": 4503.03,
            "percU": 11375.25,
            "percUNK": 0.0,
            "l": 0.027819180822134935,
            "u": 0.9016748626476287
        }
    },
    "data": {
        "n_samples": 1569,
        "time": 60.036123514175415,
        "repeated_worlds": 259,
        "repeated_progs": 260,
        "unique_progs": 1309,
        "delp_calls": 1309
    }
}