{
    "status": {
        "~a_12": {
            "yes": 2699,
            "no": 0,
            "undecided": 0,
            "unknown": 0,
            "pyes": 0.9512300933017882,
            "pno": 0.0,
            "pundecided": 0.0,
            "punknown": 0.0,
            "time": 106.17635822296143,
            "delp_calls": 5289,
            "percY": 277646.13,
            "percN": 0.0,
            "percU": 0.0,
            "percUNK": 0.0,
            "l": 0.9512300933017882,
            "u": 1.0,
            "flag": "INTEREST"
        },
        "~a_16": {
            "yes": 779,
            "no": 1687,
            "undecided": 0,
            "unknown": 0,
            "pyes": 0.014046574603326444,
            "pno": 0.7514189717164955,
            "pundecided": 0.0,
            "punknown": 0.0,
            "time": 106.95301365852356,
            "delp_calls": 4998,
            "percY": 80135.73,
            "percN": 173541.69,
            "percU": 0.0,
            "percUNK": 0.0,
            "l": 0.014046574603326444,
            "u": 0.24858102828350448,
            "flag": "INTEREST"
        }
    },
    "data": {
        "n_samples": 10287,
        "time": 600.0728249549866,
        "repeated_programs": 0,
        "inconsistent_programs": 5122,
        "worlds_consulted": 2950,
        "delp_calls": 10287
    }
}