{
    "status": {
        "d_14": {
            "yes": 5081,
            "no": 0,
            "undecided": 0,
            "unknown": 0,
            "pyes": 1.0,
            "pno": 0.0,
            "pundecided": 0.0,
            "punknown": 0.0,
            "time": 221.51062560081482,
            "delp_calls": 5081,
            "percY": 751886.38,
            "percN": 0.0,
            "percU": 0.0,
            "percUNK": 0.0,
            "l": 1.0,
            "u": 1.0,
            "flag": "INTEREST"
        },
        "a_7": {
            "yes": 2175,
            "no": 2445,
            "undecided": 282,
            "unknown": 0,
            "pyes": 0.4445454377987103,
            "pno": 0.555393906511748,
            "pundecided": 6.065568954171745e-05,
            "punknown": 0.0,
            "time": 224.50983142852783,
            "delp_calls": 4902,
            "percY": 321856.5,
            "percN": 361811.1,
            "percU": 41730.36,
            "percUNK": 0.0,
            "l": 0.4445454377987103,
            "u": 0.444606093488252,
            "flag": "INTEREST"
        },
        "~a_7": {
            "yes": 2486,
            "no": 2077,
            "undecided": 252,
            "unknown": 0,
            "pyes": 0.5553939065117479,
            "pno": 0.4445454377987104,
            "pundecided": 6.065568954171745e-05,
            "punknown": 0.0,
            "time": 222.2349512577057,
            "delp_calls": 4815,
            "percY": 367878.28,
            "percN": 307354.46,
            "percU": 37290.96,
            "percUNK": 0.0,
            "l": 0.5553939065117479,
            "u": 0.5554545622012896,
            "flag": "INTEREST"
        }
    },
    "data": {
        "n_samples": 14798,
        "time": 900.1317081451416,
        "repeated_programs": 0,
        "inconsistent_programs": 0,
        "worlds_consulted": 12288,
        "delp_calls": 14798
    }
}