{
    "status": {
        "d_21": {
            "yes": 625,
            "no": 0,
            "undecided": 627,
            "unknown": 0,
            "pyes": 0.7697368432985878,
            "pno": 0.0,
            "pundecided": 0.004739062650505813,
            "punknown": 0.0,
            "time": 57.35289907455444,
            "delp_calls": 1252,
            "percY": 26012.5,
            "percN": 0.0,
            "percU": 26095.74,
            "percUNK": 0.0,
            "l": 0.7697368432985878,
            "u": 1.0,
            "flag": "INTEREST"
        },
        "a_18": {
            "yes": 325,
            "no": 301,
            "undecided": 602,
            "unknown": 0,
            "pyes": 0.1288558226050273,
            "pno": 0.0014691597699742097,
            "pundecided": 0.001222323642765539,
            "punknown": 0.0,
            "time": 57.434608936309814,
            "delp_calls": 1228,
            "percY": 13526.5,
            "percN": 12527.62,
            "percU": 25055.24,
            "percUNK": 0.0,
            "l": 0.1288558226050273,
            "u": 0.9985308402300258
        },
        "~a_17": {
            "yes": 26,
            "no": 445,
            "undecided": 611,
            "unknown": 0,
            "pyes": 1.697941478011506e-05,
            "pno": 0.06538019654499679,
            "pundecided": 0.0015077149715149272,
            "punknown": 0.0,
            "time": 57.72228670120239,
            "delp_calls": 1082,
            "percY": 1082.12,
            "percN": 18520.9,
            "percU": 25429.82,
            "percUNK": 0.0,
            "l": 1.697941478011506e-05,
            "u": 0.9346198034550032
        }
    },
    "data": {
        "n_samples": 4162,
        "time": 180.104327917099,
        "repeated_worlds": 600,
        "repeated_progs": 600,
        "unique_progs": 3562,
        "delp_calls": 3562
    }
}