{
    "status": {
        "a_0": {
            "yes": 196608,
            "no": 0,
            "undecided": 65536,
            "unknown": 0,
            "pyes": 0.9102552399999401,
            "pno": 0.0,
            "pundecided": 0.08974475999999984,
            "punknown": 0.0,
            "time": 11090.757759094238,
            "delp_calls": 352,
            "percY": 81778234490.88,
            "percN": 0.0,
            "percU": 27259411496.96,
            "percUNK": 0.0,
            "l": 0.9102552399999401,
            "u": 1.0,
            "flag": "INTEREST"
        },
        "a_7": {
            "yes": 86016,
            "no": 110592,
            "undecided": 65536,
            "unknown": 0,
            "pyes": 0.5977887192561281,
            "pno": 0.3124665207438519,
            "pundecided": 0.08974475999999999,
            "punknown": 0.0,
            "time": 12063.38957977295,
            "delp_calls": 352,
            "percY": 35777977589.76,
            "percN": 46000256901.12,
            "percU": 27259411496.96,
            "percUNK": 0.0,
            "l": 0.5977887192561281,
            "u": 0.687533479256148,
            "flag": "INTEREST"
        },
        "a_8": {
            "yes": 53760,
            "no": 129024,
            "undecided": 79360,
            "unknown": 0,
            "pyes": 0.041110035145640704,
            "pno": 0.6439747739628369,
            "pundecided": 0.31491519089149306,
            "punknown": 0.0,
            "time": 13693.337341308594,
            "delp_calls": 352,
            "percY": 22361235993.6,
            "percN": 53666966384.64,
            "percU": 33009443609.6,
            "percUNK": 0.0,
            "l": 0.041110035145640704,
            "u": 0.35602522603716313,
            "flag": "INTEREST"
        }
    },
    "data": {
        "n_samples": 41594561,
        "time": 900.0000212192535,
        "repeated_worlds": 40808129,
        "repeated_progs": 41593505,
        "unique_progs": 1056,
        "delp_calls": 1056
    }
}