{
    "status": {
        "a_4": {
            "yes": 72293,
            "no": 0,
            "undecided": 0,
            "unknown": 0,
            "pyes": 0.20787347881155874,
            "pno": 0.0,
            "pundecided": 0.0,
            "punknown": 0.0,
            "time": 3467.548953294754,
            "delp_calls": 568,
            "percY": 117488414.81,
            "percN": 0.0,
            "percU": 0.0,
            "percUNK": 0.0,
            "l": 0.20787347881155874,
            "u": 1.0
        },
        "a_7": {
            "yes": 44613,
            "no": 5877,
            "undecided": 16838,
            "unknown": 0,
            "pyes": 0.07865631195826889,
            "pno": 0.09104838215579286,
            "pundecided": 0.02418958710753538,
            "punknown": 0.0,
            "time": 3332.5394332408905,
            "delp_calls": 568,
            "percY": 72503709.21,
            "percN": 9551124.09,
            "percU": 27364612.46,
            "percUNK": 0.0,
            "l": 0.07865631195826889,
            "u": 0.9089516178442072
        }
    },
    "data": {
        "n_samples": 162517,
        "time": 120.0006000995636,
        "repeated_worlds": 22896,
        "repeated_progs": 161381,
        "unique_progs": 1136,
        "delp_calls": 1136
    }
}