{
    "status": {
        "~a_8": {
            "yes": 65549,
            "no": 84949,
            "undecided": 150555,
            "unknown": 0,
            "pyes": 0.002910248492401742,
            "pno": 0.012119593783510041,
            "pundecided": 0.0045613647037087415,
            "punknown": 0.0,
            "time": 12489.050774335861,
            "delp_calls": 4096,
            "percY": 199105087.5,
            "percN": 258032587.5,
            "percU": 457310812.5,
            "percUNK": 0.0,
            "l": 0.002910248492401742,
            "u": 0.98788040621649
        }
    },
    "data": {
        "n_samples": 303750,
        "time": 300.00020694732666,
        "repeated_worlds": 2697,
        "repeated_progs": 299654,
        "unique_progs": 4096,
        "delp_calls": 4096
    }
}