{
    "status": {
        "d_34": {
            "yes": 2669,
            "no": 0,
            "undecided": 0,
            "unknown": 0,
            "pyes": 0.8178376375153509,
            "pno": 0.0,
            "pundecided": 0.0,
            "punknown": 0.0,
            "time": 106.49250531196594,
            "delp_calls": 5387,
            "percY": 143779.03,
            "percN": 0.0,
            "percU": 0.0,
            "percUNK": 0.0,
            "l": 0.8178376375153509,
            "u": 1.0,
            "flag": "INTEREST"
        }
    },
    "data": {
        "n_samples": 5387,
        "time": 300.0152449607849,
        "repeated_programs": 0,
        "inconsistent_programs": 2718,
        "worlds_consulted": 1512,
        "delp_calls": 5387
    }
}