{
    "status": {
        "d_67": {
            "yes": 1049,
            "no": 0,
            "undecided": 118,
            "unknown": 17,
            "pyes": 0.08855363830332579,
            "pno": 0.0,
            "pundecided": 0.0002241328328585779,
            "punknown": 9.813076127870403e-08,
            "time": 55.16473126411438,
            "delp_calls": 1184,
            "percY": 44561.52,
            "percN": 0.0,
            "percU": 5012.64,
            "percUNK": 722.16,
            "l": 0.08855363830332579,
            "u": 1.0
        },
        "a_13": {
            "yes": 47,
            "no": 0,
            "undecided": 1184,
            "unknown": 0,
            "pyes": 0.6467118692346904,
            "pno": 0.0,
            "pundecided": 0.08453537143855644,
            "punknown": 0.0,
            "time": 55.33643460273743,
            "delp_calls": 1231,
            "percY": 1996.56,
            "percN": 0.0,
            "percU": 50296.32,
            "percUNK": 0.0,
            "l": 0.6467118692346904,
            "u": 1.0,
            "flag": "INTEREST"
        },
        "a_16": {
            "yes": 292,
            "no": 75,
            "undecided": 829,
            "unknown": 0,
            "pyes": 0.025472365610104408,
            "pno": 0.0019418995860665516,
            "pundecided": 0.022956956613824835,
            "punknown": 0.0,
            "time": 55.318273305892944,
            "delp_calls": 1196,
            "percY": 12404.16,
            "percN": 3186.0,
            "percU": 35215.92,
            "percUNK": 0.0,
            "l": 0.025472365610104408,
            "u": 0.9980581004139335
        }
    },
    "data": {
        "n_samples": 4248,
        "time": 180.0419852733612,
        "repeated_worlds": 637,
        "repeated_progs": 637,
        "unique_progs": 3611,
        "delp_calls": 3611
    }
}