{
    "status": {
        "~d_10": {
            "yes": 4096,
            "no": 0,
            "undecided": 0,
            "unknown": 0,
            "pyes": 0.9999999999999999,
            "pno": 0.0,
            "pundecided": 0.0,
            "punknown": 0.0,
            "time": 158.86128044128418,
            "delp_calls": 138,
            "percY": 2621729628.16,
            "percN": 0.0,
            "percU": 0.0,
            "percUNK": 0.0,
            "l": 0.9999999999999999,
            "u": 1.0,
            "flag": "INTEREST"
        },
        "a_8": {
            "yes": 768,
            "no": 2560,
            "undecided": 768,
            "unknown": 0,
            "pyes": 0.07572625896000014,
            "pno": 0.9207046422400003,
            "pundecided": 0.003569098800000004,
            "punknown": 0.0,
            "time": 162.80724143981934,
            "delp_calls": 138,
            "percY": 491574305.28,
            "percN": 1638581017.6,
            "percU": 491574305.28,
            "percUNK": 0.0,
            "l": 0.07572625896000014,
            "u": 0.07929535775999974,
            "flag": "INTEREST"
        },
        "~a_8": {
            "yes": 2560,
            "no": 768,
            "undecided": 768,
            "unknown": 0,
            "pyes": 0.9207046422400015,
            "pno": 0.07572625895999999,
            "pundecided": 0.0035690988,
            "punknown": 0.0,
            "time": 163.1772747039795,
            "delp_calls": 138,
            "percY": 1638581017.6,
            "percN": 491574305.28,
            "percU": 491574305.28,
            "percUNK": 0.0,
            "l": 0.9207046422400015,
            "u": 0.92427374104,
            "flag": "INTEREST"
        }
    },
    "data": {
        "n_samples": 64007071,
        "time": 900.0000326633453,
        "repeated_worlds": 63994783,
        "repeated_progs": 64006657,
        "unique_progs": 414,
        "delp_calls": 414
    }
}