{
    "status": {
        "~d_53": {
            "yes": 7108,
            "no": 0,
            "undecided": 0,
            "unknown": 0,
            "pyes": 0.00897945771381941,
            "pno": 0.0,
            "pundecided": 0.0,
            "punknown": 0.0,
            "time": 294.8652379512787,
            "delp_calls": 6844,
            "percY": 1020282.32,
            "percN": 0.0,
            "percU": 0.0,
            "percUNK": 0.0,
            "l": 0.00897945771381941,
            "u": 1.0
        },
        "a_11": {
            "yes": 7051,
            "no": 0,
            "undecided": 0,
            "unknown": 0,
            "pyes": 0.010856034997655764,
            "pno": 0.0,
            "pundecided": 0.0,
            "punknown": 0.0,
            "time": 293.8656520843506,
            "delp_calls": 6811,
            "percY": 1012100.54,
            "percN": 0.0,
            "percU": 0.0,
            "percUNK": 0.0,
            "l": 0.010856034997655764,
            "u": 1.0
        }
    },
    "data": {
        "n_samples": 14354,
        "time": 600.0400652885437,
        "repeated_worlds": 195,
        "repeated_progs": 699,
        "unique_progs": 13655,
        "delp_calls": 13655
    }
}