{
    "status": {
        "~d_30": {
            "yes": 4096,
            "no": 0,
            "undecided": 0,
            "unknown": 0,
            "pyes": 0.9999999999999988,
            "pno": 0.0,
            "pundecided": 0.0,
            "punknown": 0.0,
            "time": 164.39064621925354,
            "delp_calls": 2440,
            "percY": 1503727329.28,
            "percN": 0.0,
            "percU": 0.0,
            "percUNK": 0.0,
            "l": 0.9999999999999988,
            "u": 1.0,
            "flag": "INTEREST"
        },
        "a_11": {
            "yes": 4096,
            "no": 0,
            "undecided": 0,
            "unknown": 0,
            "pyes": 0.9999999999999994,
            "pno": 0.0,
            "pundecided": 0.0,
            "punknown": 0.0,
            "time": 164.49299311637878,
            "delp_calls": 2440,
            "percY": 1503727329.28,
            "percN": 0.0,
            "percU": 0.0,
            "percUNK": 0.0,
            "l": 0.9999999999999994,
            "u": 1.0,
            "flag": "INTEREST"
        },
        "a_17": {
            "yes": 640,
            "no": 1216,
            "undecided": 2240,
            "unknown": 0,
            "pyes": 0.9137040027875885,
            "pno": 0.008058302561161633,
            "pundecided": 0.07823769465124955,
            "punknown": 0.0,
            "time": 232.5008988380432,
            "delp_calls": 2440,
            "percY": 234957395.2,
            "percN": 446419050.88,
            "percU": 822350883.2,
            "percUNK": 0.0,
            "l": 0.9137040027875885,
            "u": 0.9919416974388384,
            "flag": "INTEREST"
        }
    },
    "data": {
        "n_samples": 36712093,
        "time": 900.0000166893005,
        "repeated_worlds": 36699805,
        "repeated_progs": 36704773,
        "unique_progs": 7320,
        "delp_calls": 7320
    }
}