{
    "status": {
        "d_11": {
            "yes": 122436,
            "no": 0,
            "undecided": 0,
            "unknown": 0,
            "pyes": 0.6541980289317316,
            "pno": 0.0,
            "pundecided": 0.0,
            "punknown": 0.0,
            "time": 5755.478727817535,
            "delp_calls": 234,
            "percY": 600684483.96,
            "percN": 0.0,
            "percU": 0.0,
            "percUNK": 0.0,
            "l": 0.6541980289317316,
            "u": 1.0,
            "flag": "INTEREST"
        },
        "a_7": {
            "yes": 19270,
            "no": 11652,
            "undecided": 92421,
            "unknown": 0,
            "pyes": 0.6888614974934499,
            "pno": 0.02167299796103453,
            "pundecided": 0.03625181410980928,
            "punknown": 0.0,
            "time": 5558.8996324539185,
            "delp_calls": 234,
            "percY": 94540739.7,
            "percN": 57165993.72,
            "percU": 453427592.31,
            "percUNK": 0.0,
            "l": 0.6888614974934499,
            "u": 0.9783270020389655,
            "flag": "INTEREST"
        },
        "~a_7": {
            "yes": 11220,
            "no": 18665,
            "undecided": 89775,
            "unknown": 0,
            "pyes": 0.019255463420354047,
            "pno": 0.6811593696982962,
            "pundecided": 0.01916372626548321,
            "punknown": 0.0,
            "time": 6023.763794898987,
            "delp_calls": 234,
            "percY": 55046554.2,
            "percN": 91572543.15,
            "percU": 440446025.25,
            "percUNK": 0.0,
            "l": 0.019255463420354047,
            "u": 0.31884063030170384,
            "flag": "INTEREST"
        }
    },
    "data": {
        "n_samples": 490611,
        "time": 180.00063753128052,
        "repeated_worlds": 125172,
        "repeated_progs": 489909,
        "unique_progs": 702,
        "delp_calls": 702
    }
}