{
    "status": {
        "a_1": {
            "yes": 1230,
            "no": 0,
            "undecided": 0,
            "unknown": 1236,
            "pyes": 0.009406989999999999,
            "pno": 0.0,
            "pundecided": 0.0,
            "punknown": 0.0008930100000000002,
            "time": 138.3904585838318,
            "delp_calls": 4803,
            "percY": 177636.6,
            "percN": 0.0,
            "percU": 0.0,
            "percUNK": 178503.12,
            "l": 0.009406989999999999,
            "u": 1.0
        },
        "a_7": {
            "yes": 483,
            "no": 823,
            "undecided": 1221,
            "unknown": 15,
            "pyes": 0.0003011755235380119,
            "pno": 0.009895794940829953,
            "pundecided": 0.00010299999999999997,
            "punknown": 2.9535632036064002e-08,
            "time": 139.3521203994751,
            "delp_calls": 4901,
            "percY": 69754.86,
            "percN": 118857.66,
            "percU": 176336.82,
            "percUNK": 2166.3,
            "l": 0.0003011755235380119,
            "u": 0.9901042050591701
        },
        "~a_7": {
            "yes": 792,
            "no": 503,
            "undecided": 1178,
            "unknown": 15,
            "pyes": 0.009895794940829952,
            "pno": 0.0003011755235380119,
            "pundecided": 0.00010300000000000002,
            "punknown": 2.9535632036064002e-08,
            "time": 141.63104963302612,
            "delp_calls": 4738,
            "percY": 114380.64,
            "percN": 72643.26,
            "percU": 170126.76,
            "percUNK": 2166.3,
            "l": 0.009895794940829952,
            "u": 0.999698824476462
        }
    },
    "data": {
        "n_samples": 14442,
        "time": 900.1942579746246,
        "repeated_programs": 0,
        "inconsistent_programs": 6946,
        "worlds_consulted": 768,
        "delp_calls": 14442
    }
}