{
    "status": {
        "a_1": {
            "yes": 2048,
            "no": 0,
            "undecided": 0,
            "unknown": 2048,
            "pyes": 0.9132999999999996,
            "pno": 0.0,
            "pundecided": 0.0,
            "punknown": 0.08669999999999986,
            "time": 221.8498764038086,
            "delp_calls": 512,
            "percY": 937137807.36,
            "percN": 0.0,
            "percU": 0.0,
            "percUNK": 937137807.36,
            "l": 0.9132999999999996,
            "u": 1.0,
            "flag": "INTEREST"
        },
        "a_7": {
            "yes": 896,
            "no": 896,
            "undecided": 2304,
            "unknown": 0,
            "pyes": 0.9112539695670728,
            "pno": 0.024381785608868143,
            "pundecided": 0.06436424482405842,
            "punknown": 0.0,
            "time": 234.24893951416016,
            "delp_calls": 512,
            "percY": 409997790.72,
            "percN": 409997790.72,
            "percU": 1054280033.28,
            "percUNK": 0.0,
            "l": 0.9112539695670728,
            "u": 0.9756182143911318,
            "flag": "INTEREST"
        },
        "~a_7": {
            "yes": 896,
            "no": 896,
            "undecided": 2304,
            "unknown": 0,
            "pyes": 0.024381785608868164,
            "pno": 0.9112539695670734,
            "pundecided": 0.06436424482405845,
            "punknown": 0.0,
            "time": 236.98125839233398,
            "delp_calls": 512,
            "percY": 409997790.72,
            "percN": 409997790.72,
            "percU": 1054280033.28,
            "percUNK": 0.0,
            "l": 0.024381785608868164,
            "u": 0.08874603043292661,
            "flag": "INTEREST"
        }
    },
    "data": {
        "n_samples": 45758682,
        "time": 900.0000295639038,
        "repeated_worlds": 45746394,
        "repeated_progs": 45757146,
        "unique_progs": 1536,
        "delp_calls": 1536
    }
}