{
    "status": {
        "~d_18": {
            "yes": 4101,
            "no": 0,
            "undecided": 0,
            "unknown": 0,
            "pyes": 1.0000000000000007,
            "pno": 0.0,
            "pundecided": 0.0,
            "punknown": 0.0,
            "time": 193.36259055137634,
            "delp_calls": 4101,
            "percY": 522713.46,
            "percN": 0.0,
            "percU": 0.0,
            "percUNK": 0.0,
            "l": 1.0000000000000007,
            "u": 1.0,
            "flag": "INTEREST"
        },
        "a_6": {
            "yes": 4422,
            "no": 0,
            "undecided": 0,
            "unknown": 0,
            "pyes": 1.000000000000001,
            "pno": 0.0,
            "pundecided": 0.0,
            "punknown": 0.0,
            "time": 202.99220156669617,
            "delp_calls": 4422,
            "percY": 563628.12,
            "percN": 0.0,
            "percU": 0.0,
            "percUNK": 0.0,
            "l": 1.000000000000001,
            "u": 1.0,
            "flag": "INTEREST"
        },
        "a_9": {
            "yes": 4088,
            "no": 135,
            "undecided": 0,
            "unknown": 0,
            "pyes": 0.9999571385053394,
            "pno": 4.28614946610196e-05,
            "pundecided": 0.0,
            "punknown": 0.0,
            "time": 199.3855550289154,
            "delp_calls": 4223,
            "percY": 521056.48,
            "percN": 17207.1,
            "percU": 0.0,
            "percUNK": 0.0,
            "l": 0.9999571385053394,
            "u": 0.999957138505339,
            "flag": "INTEREST"
        }
    },
    "data": {
        "n_samples": 12746,
        "time": 900.1699233055115,
        "repeated_programs": 0,
        "inconsistent_programs": 0,
        "worlds_consulted": 24576,
        "delp_calls": 12746
    }
}