{
    "status": {
        "a_0": {
            "yes": 3072,
            "no": 0,
            "undecided": 0,
            "unknown": 1024,
            "pyes": 0.9975280000000005,
            "pno": 0.0,
            "pundecided": 0.0,
            "punknown": 0.002472000000000003,
            "time": 155.24822235107422,
            "delp_calls": 42,
            "percY": 566672087.04,
            "percN": 0.0,
            "percU": 0.0,
            "percUNK": 188890695.68,
            "l": 0.9975280000000005,
            "u": 1.0,
            "flag": "INTEREST"
        }
    },
    "data": {
        "n_samples": 18446357,
        "time": 300.0000078678131,
        "repeated_worlds": 18442261,
        "repeated_progs": 18446315,
        "unique_progs": 42,
        "delp_calls": 42
    }
}