{
    "status": {
        "d_35": {
            "yes": 3584,
            "no": 0,
            "undecided": 128,
            "unknown": 384,
            "pyes": 0.9999171999999973,
            "pno": 0.0,
            "pundecided": 1.6560000000000003e-07,
            "punknown": 8.263440000000004e-05,
            "time": 162.92434811592102,
            "delp_calls": 4076,
            "percY": 326126689.28,
            "percN": 0.0,
            "percU": 11647381.76,
            "percUNK": 34942145.28,
            "l": 0.9999171999999973,
            "u": 1.0,
            "flag": "INTEREST"
        }
    },
    "data": {
        "n_samples": 9099517,
        "time": 300.00000405311584,
        "repeated_worlds": 9095421,
        "repeated_progs": 9095441,
        "unique_progs": 4076,
        "delp_calls": 4076
    }
}