{
    "status": {
        "a_4": {
            "yes": 196608,
            "no": 0,
            "undecided": 0,
            "unknown": 65536,
            "pyes": 0.912076863770859,
            "pno": 0.0,
            "pundecided": 0.0,
            "punknown": 0.08792313622912849,
            "time": 16772.260620117188,
            "delp_calls": 68,
            "percY": 61718839296.0,
            "percN": 0.0,
            "percU": 0.0,
            "percUNK": 20572946432.0,
            "l": 0.912076863770859,
            "u": 1.0,
            "flag": "INTEREST"
        },
        "~a_8": {
            "yes": 143360,
            "no": 81920,
            "undecided": 36864,
            "unknown": 0,
            "pyes": 0.13727590106655868,
            "pno": 0.8578955787863487,
            "pundecided": 0.004828520147091891,
            "punknown": 0.0,
            "time": 16943.84912109375,
            "delp_calls": 68,
            "percY": 45003320320.0,
            "percN": 25716183040.0,
            "percU": 11572282368.0,
            "percUNK": 0.0,
            "l": 0.13727590106655868,
            "u": 0.1421044212136513,
            "flag": "INTEREST"
        },
        "~a_7": {
            "yes": 196608,
            "no": 65536,
            "undecided": 0,
            "unknown": 0,
            "pyes": 0.8550376228319915,
            "pno": 0.1449623771679982,
            "pundecided": 0.0,
            "punknown": 0.0,
            "time": 18355.098022460938,
            "delp_calls": 68,
            "percY": 61718839296.0,
            "percN": 20572946432.0,
            "percU": 0.0,
            "percUNK": 0.0,
            "l": 0.8550376228319915,
            "u": 0.8550376228320018,
            "flag": "INTEREST"
        }
    },
    "data": {
        "n_samples": 31391825,
        "time": 900.0000269412994,
        "repeated_worlds": 30605393,
        "repeated_progs": 31391621,
        "unique_progs": 204,
        "delp_calls": 204
    }
}