{
    "status": {
        "~d_16": {
            "yes": 631865,
            "no": 0,
            "undecided": 0,
            "unknown": 0,
            "pyes": 0.03523503387032435,
            "pno": 0.0,
            "pundecided": 0.0,
            "punknown": 0.0,
            "time": 28384.38506746292,
            "delp_calls": 330,
            "percY": 4068578735.0,
            "percN": 0.0,
            "percU": 0.0,
            "percUNK": 0.0,
            "l": 0.03523503387032435,
            "u": 1.0
        }
    },
    "data": {
        "n_samples": 643900,
        "time": 300.00041604042053,
        "repeated_worlds": 12035,
        "repeated_progs": 643570,
        "unique_progs": 330,
        "delp_calls": 330
    }
}