{
    "status": {
        "a_5": {
            "yes": 1866,
            "no": 0,
            "undecided": 1594,
            "unknown": 13,
            "pyes": 0.04599857012772791,
            "pno": 0.0,
            "pundecided": 0.004,
            "punknown": 1.4298722721275567e-06,
            "time": 142.17041087150574,
            "delp_calls": 6542,
            "percY": 122073.72,
            "percN": 0.0,
            "percU": 104279.48,
            "percUNK": 850.46,
            "l": 0.04599857012772791,
            "u": 1.0
        }
    },
    "data": {
        "n_samples": 6542,
        "time": 300.0272960662842,
        "repeated_programs": 0,
        "inconsistent_programs": 3069,
        "worlds_consulted": 256,
        "delp_calls": 6542
    }
}