{
    "status": {
        "a_5": {
            "yes": 131072,
            "no": 0,
            "undecided": 131072,
            "unknown": 0,
            "pyes": 0.9199999999999523,
            "pno": 0.0,
            "pundecided": 0.07999999999999569,
            "punknown": 0.0,
            "time": 10781.019775390625,
            "delp_calls": 512,
            "percY": 17833907978.24,
            "percN": 0.0,
            "percU": 17833907978.24,
            "percUNK": 0.0,
            "l": 0.9199999999999523,
            "u": 1.0,
            "flag": "INTEREST"
        }
    },
    "data": {
        "n_samples": 13606192,
        "time": 300.0000069141388,
        "repeated_worlds": 13344048,
        "repeated_progs": 13605680,
        "unique_progs": 512,
        "delp_calls": 512
    }
}