{
    "status": {
        "d_36": {
            "yes": 1403,
            "no": 0,
            "undecided": 140,
            "unknown": 79,
            "pyes": 0.21793365522800037,
            "pno": 0.0,
            "pundecided": 0.056550885997327445,
            "punknown": 0.01301370547186172,
            "time": 62.21637845039368,
            "delp_calls": 1622,
            "percY": 22756.66,
            "percN": 0.0,
            "percU": 2270.8,
            "percUNK": 1281.38,
            "l": 0.21793365522800037,
            "u": 1.0
        }
    },
    "data": {
        "n_samples": 1622,
        "time": 300.00467443466187,
        "repeated_programs": 0,
        "inconsistent_programs": 0,
        "worlds_consulted": 1349,
        "delp_calls": 1622
    }
}