{
    "status": {
        "d_36": {
            "yes": 3584,
            "no": 0,
            "undecided": 320,
            "unknown": 192,
            "pyes": 0.8959025327202635,
            "pno": 0.0,
            "pundecided": 0.09032186574308315,
            "punknown": 0.013775601536656589,
            "time": 159.6963906288147,
            "delp_calls": 4092,
            "percY": 339143418.88,
            "percN": 0.0,
            "percU": 30280662.4,
            "percUNK": 18168397.44,
            "l": 0.8959025327202635,
            "u": 1.0,
            "flag": "INTEREST"
        }
    },
    "data": {
        "n_samples": 9462707,
        "time": 300.00000190734863,
        "repeated_worlds": 9458611,
        "repeated_progs": 9458615,
        "unique_progs": 4092,
        "delp_calls": 4092
    }
}