{
    "status": {
        "d_67": {
            "yes": 2048,
            "no": 0,
            "undecided": 2048,
            "unknown": 0,
            "pyes": 0.9599999999999991,
            "pno": 0.0,
            "pundecided": 0.04,
            "punknown": 0.0,
            "time": 165.81026911735535,
            "delp_calls": 4096,
            "percY": 192993607.68,
            "percN": 0.0,
            "percU": 192993607.68,
            "percUNK": 0.0,
            "l": 0.9599999999999991,
            "u": 1.0,
            "flag": "INTEREST"
        }
    },
    "data": {
        "n_samples": 9423516,
        "time": 300.0000069141388,
        "repeated_worlds": 9419420,
        "repeated_progs": 9419420,
        "unique_progs": 4096,
        "delp_calls": 4096
    }
}