{
    "status": {
        "~d_54": {
            "yes": 2326,
            "no": 0,
            "undecided": 0,
            "unknown": 0,
            "pyes": 0.06646613875626976,
            "pno": 0.0,
            "pundecided": 0.0,
            "punknown": 0.0,
            "time": 93.10863137245178,
            "delp_calls": 3119,
            "percY": 123394.3,
            "percN": 0.0,
            "percU": 0.0,
            "percUNK": 0.0,
            "l": 0.06646613875626976,
            "u": 1.0
        },
        "~a_19": {
            "yes": 0,
            "no": 939,
            "undecided": 706,
            "unknown": 0,
            "pyes": 0.0,
            "pno": 0.04405111302825915,
            "pundecided": 0.00015294336960344933,
            "punknown": 0.0,
            "time": 138.98747897148132,
            "delp_calls": 2186,
            "percY": 0.0,
            "percN": 49813.95,
            "percU": 37453.3,
            "percUNK": 0.0,
            "l": 0.0,
            "u": 0.9559488869717409
        }
    },
    "data": {
        "n_samples": 5305,
        "time": 600.109292268753,
        "repeated_programs": 0,
        "inconsistent_programs": 1334,
        "worlds_consulted": 2968,
        "delp_calls": 5305
    }
}