{
    "status": {
        "~d_54": {
            "yes": 4096,
            "no": 0,
            "undecided": 0,
            "unknown": 0,
            "pyes": 1.0000000000000009,
            "pno": 0.0,
            "pundecided": 0.0,
            "punknown": 0.0,
            "time": 166.6016809940338,
            "delp_calls": 3992,
            "percY": 390439321.6,
            "percN": 0.0,
            "percU": 0.0,
            "percUNK": 0.0,
            "l": 1.0000000000000009,
            "u": 1.0,
            "flag": "INTEREST"
        },
        "~a_19": {
            "yes": 250,
            "no": 2450,
            "undecided": 1318,
            "unknown": 0,
            "pyes": 0.0025630841553604526,
            "pno": 0.994524109534558,
            "pundecided": 0.000940641838036536,
            "punknown": 0.0,
            "time": 298.92755675315857,
            "delp_calls": 3917,
            "percY": 23830525.0,
            "percN": 233539145.0,
            "percU": 125634527.8,
            "percUNK": 0.0,
            "l": 0.0025630841553604526,
            "u": 0.005475890465441946,
            "flag": "INTEREST"
        }
    },
    "data": {
        "n_samples": 9532210,
        "time": 600.0274200439453,
        "repeated_worlds": 9524096,
        "repeated_progs": 9524301,
        "unique_progs": 7909,
        "delp_calls": 7909
    }
}