{
    "status": {
        "a_3": {
            "yes": 330968,
            "no": 0,
            "undecided": 0,
            "unknown": 330757,
            "pyes": 0.02236180371004285,
            "pno": 0.0,
            "pundecided": 0.0,
            "punknown": 0.015318966499758042,
            "time": 27345.81502175331,
            "delp_calls": 512,
            "percY": 2234507284.24,
            "percN": 0.0,
            "percU": 0.0,
            "percUNK": 2233082732.51,
            "l": 0.02236180371004285,
            "u": 1.0
        }
    },
    "data": {
        "n_samples": 675143,
        "time": 300.00022888183594,
        "repeated_worlds": 13418,
        "repeated_progs": 674631,
        "unique_progs": 512,
        "delp_calls": 512
    }
}