{
    "status": {
        "d_33": {
            "yes": 1222,
            "no": 0,
            "undecided": 0,
            "unknown": 0,
            "pyes": 0.7063569792540358,
            "pno": 0.0,
            "pundecided": 0.0,
            "punknown": 0.0,
            "time": 57.94935703277588,
            "delp_calls": 1204,
            "percY": 36110.1,
            "percN": 0.0,
            "percU": 0.0,
            "percUNK": 0.0,
            "l": 0.7063569792540358,
            "u": 1.0,
            "flag": "INTEREST"
        },
        "~a_14": {
            "yes": 933,
            "no": 0,
            "undecided": 323,
            "unknown": 0,
            "pyes": 0.6004183379877867,
            "pno": 0.0,
            "pundecided": 0.029825620612318332,
            "punknown": 0.0,
            "time": 57.84372854232788,
            "delp_calls": 1241,
            "percY": 27570.15,
            "percN": 0.0,
            "percU": 9544.65,
            "percUNK": 0.0,
            "l": 0.6004183379877867,
            "u": 1.0,
            "flag": "INTEREST"
        }
    },
    "data": {
        "n_samples": 2955,
        "time": 120.0489764213562,
        "repeated_worlds": 477,
        "repeated_progs": 510,
        "unique_progs": 2445,
        "delp_calls": 2445
    }
}