{
    "status": {
        "d_33": {
            "yes": 537,
            "no": 0,
            "undecided": 0,
            "unknown": 0,
            "pyes": 0.06476885266378449,
            "pno": 0.0,
            "pundecided": 0.0,
            "punknown": 0.0,
            "time": 24.579779386520386,
            "delp_calls": 537,
            "percY": 5767.38,
            "percN": 0.0,
            "percU": 0.0,
            "percUNK": 0.0,
            "l": 0.06476885266378449,
            "u": 1.0
        },
        "~a_14": {
            "yes": 392,
            "no": 0,
            "undecided": 145,
            "unknown": 0,
            "pyes": 0.0102769227136763,
            "pno": 0.0,
            "pundecided": 0.00021411641575296063,
            "punknown": 0.0,
            "time": 24.461133241653442,
            "delp_calls": 537,
            "percY": 4210.08,
            "percN": 0.0,
            "percU": 1557.3,
            "percUNK": 0.0,
            "l": 0.0102769227136763,
            "u": 1.0
        }
    },
    "data": {
        "n_samples": 1074,
        "time": 120.1324737071991,
        "repeated_programs": 0,
        "inconsistent_programs": 0,
        "worlds_consulted": 1025,
        "delp_calls": 1074
    }
}