{
    "status": {
        "~a_15": {
            "yes": 2048,
            "no": 0,
            "undecided": 2048,
            "unknown": 0,
            "pyes": 0.9811242132999982,
            "pno": 0.0,
            "pundecided": 0.018875786699999956,
            "punknown": 0.0,
            "time": 164.21155452728271,
            "delp_calls": 2048,
            "percY": 320789688.32,
            "percN": 0.0,
            "percU": 320789688.32,
            "percUNK": 0.0,
            "l": 0.9811242132999982,
            "u": 1.0,
            "flag": "INTEREST"
        }
    },
    "data": {
        "n_samples": 15663559,
        "time": 300.0000014305115,
        "repeated_worlds": 15659463,
        "repeated_progs": 15661511,
        "unique_progs": 2048,
        "delp_calls": 2048
    }
}