{
    "status": {
        "a_18": {
            "yes": 1536,
            "no": 0,
            "undecided": 2560,
            "unknown": 0,
            "pyes": 0.9182100130714307,
            "pno": 0.0,
            "pundecided": 0.0817899869285698,
            "punknown": 0.0,
            "time": 164.7416877746582,
            "delp_calls": 4096,
            "percY": 147677399.04,
            "percN": 0.0,
            "percU": 246128998.4,
            "percUNK": 0.0,
            "l": 0.9182100130714307,
            "u": 1.0,
            "flag": "INTEREST"
        }
    },
    "data": {
        "n_samples": 9614414,
        "time": 300.00000500679016,
        "repeated_worlds": 9610318,
        "repeated_progs": 9610318,
        "unique_progs": 4096,
        "delp_calls": 4096
    }
}