{
    "status": {
        "a_18": {
            "yes": 929,
            "no": 0,
            "undecided": 1659,
            "unknown": 0,
            "pyes": 0.13436769088149203,
            "pno": 0.0,
            "pundecided": 0.020511698001921923,
            "punknown": 0.0,
            "time": 103.3500669002533,
            "delp_calls": 5110,
            "percY": 47471.9,
            "percN": 0.0,
            "percU": 84774.9,
            "percUNK": 0.0,
            "l": 0.13436769088149203,
            "u": 1.0
        }
    },
    "data": {
        "n_samples": 5110,
        "time": 300.01467180252075,
        "repeated_programs": 0,
        "inconsistent_programs": 2522,
        "worlds_consulted": 1471,
        "delp_calls": 5110
    }
}