{
    "status": {
        "a_19": {
            "yes": 241,
            "no": 153,
            "undecided": 1053,
            "unknown": 0,
            "pyes": 0.012448599052996157,
            "pno": 0.01539114945178199,
            "pundecided": 0.05231554034578821,
            "punknown": 0.0,
            "time": 69.4780445098877,
            "delp_calls": 1195,
            "percY": 4227.14,
            "percN": 2683.62,
            "percU": 18469.62,
            "percUNK": 0.0,
            "l": 0.012448599052996157,
            "u": 0.984608850548218
        }
    },
    "data": {
        "n_samples": 1754,
        "time": 60.03682470321655,
        "repeated_worlds": 307,
        "repeated_progs": 559,
        "unique_progs": 1195,
        "delp_calls": 1195
    }
}