{
    "status": {
        "d_17": {
            "yes": 668,
            "no": 0,
            "undecided": 0,
            "unknown": 0,
            "pyes": 0.1938709106966329,
            "pno": 0.0,
            "pundecided": 0.0,
            "punknown": 0.0,
            "time": 30.991149425506592,
            "delp_calls": 747,
            "percY": 10220.4,
            "percN": 0.0,
            "percU": 0.0,
            "percUNK": 0.0,
            "l": 0.1938709106966329,
            "u": 1.0
        },
        "a_8": {
            "yes": 249,
            "no": 351,
            "undecided": 87,
            "unknown": 0,
            "pyes": 0.004545411180116416,
            "pno": 0.16767254136570242,
            "pundecided": 0.05182894257045424,
            "punknown": 0.0,
            "time": 32.99052619934082,
            "delp_calls": 783,
            "percY": 3809.7,
            "percN": 5370.3,
            "percU": 1331.1,
            "percUNK": 0.0,
            "l": 0.004545411180116416,
            "u": 0.8323274586342976
        }
    },
    "data": {
        "n_samples": 1530,
        "time": 602.7157783508301,
        "repeated_programs": 0,
        "inconsistent_programs": 175,
        "worlds_consulted": 83310,
        "delp_calls": 1530
    }
}