{
    "status": {
        "a_3": {
            "yes": 3568,
            "no": 0,
            "undecided": 304,
            "unknown": 149,
            "pyes": 0.8706729898448361,
            "pno": 0.0,
            "pundecided": 0.0003103398530589456,
            "punknown": 0.014720046008154403,
            "time": 155.71350145339966,
            "delp_calls": 4021,
            "percY": 143469.28,
            "percN": 0.0,
            "percU": 12223.84,
            "percUNK": 5991.29,
            "l": 0.8706729898448361,
            "u": 1.0,
            "flag": "INTEREST"
        }
    },
    "data": {
        "n_samples": 4021,
        "time": 300.00990748405457,
        "repeated_programs": 0,
        "inconsistent_programs": 0,
        "worlds_consulted": 3179,
        "delp_calls": 4021
    }
}