{
    "status": {
        "~a_5": {
            "yes": 6571,
            "no": 0,
            "undecided": 0,
            "unknown": 0,
            "pyes": 0.9999999999999987,
            "pno": 0.0,
            "pundecided": 0.0,
            "punknown": 0.0,
            "time": 246.6740276813507,
            "delp_calls": 6571,
            "percY": 839905.22,
            "percN": 0.0,
            "percU": 0.0,
            "percUNK": 0.0,
            "l": 0.9999999999999987,
            "u": 1.0,
            "flag": "INTEREST"
        },
        "a_7": {
            "yes": 2907,
            "no": 3304,
            "undecided": 0,
            "unknown": 0,
            "pyes": 0.09163143844515838,
            "pno": 0.9083685615548411,
            "pundecided": 0.0,
            "punknown": 0.0,
            "time": 246.96897625923157,
            "delp_calls": 6211,
            "percY": 371572.74,
            "percN": 422317.28,
            "percU": 0.0,
            "percUNK": 0.0,
            "l": 0.09163143844515838,
            "u": 0.09163143844515886,
            "flag": "INTEREST"
        }
    },
    "data": {
        "n_samples": 12782,
        "time": 600.0465993881226,
        "repeated_programs": 0,
        "inconsistent_programs": 0,
        "worlds_consulted": 4096,
        "delp_calls": 12782
    }
}