{
    "status": {
        "~a_5": {
            "yes": 4096,
            "no": 0,
            "undecided": 0,
            "unknown": 0,
            "pyes": 1.0000000000000002,
            "pno": 0.0,
            "pundecided": 0.0,
            "punknown": 0.0,
            "time": 163.66855192184448,
            "delp_calls": 298,
            "percY": 1685144903.68,
            "percN": 0.0,
            "percU": 0.0,
            "percUNK": 0.0,
            "l": 1.0000000000000002,
            "u": 1.0,
            "flag": "INTEREST"
        },
        "a_7": {
            "yes": 2112,
            "no": 1984,
            "undecided": 0,
            "unknown": 0,
            "pyes": 0.0916314384451585,
            "pno": 0.9083685615548411,
            "pundecided": 0.0,
            "punknown": 0.0,
            "time": 164.53698682785034,
            "delp_calls": 298,
            "percY": 868902840.96,
            "percN": 816242062.72,
            "percU": 0.0,
            "percUNK": 0.0,
            "l": 0.0916314384451585,
            "u": 0.09163143844515886,
            "flag": "INTEREST"
        }
    },
    "data": {
        "n_samples": 41141233,
        "time": 600.0000202655792,
        "repeated_worlds": 41133041,
        "repeated_progs": 41140637,
        "unique_progs": 596,
        "delp_calls": 596
    }
}