{
    "status": {
        "~d_9": {
            "yes": 1804,
            "no": 0,
            "undecided": 1687,
            "unknown": 0,
            "pyes": 0.07388292642759006,
            "pno": 0.0,
            "pundecided": 0.006117073572409938,
            "punknown": 0.0,
            "time": 136.23430275917053,
            "delp_calls": 6944,
            "percY": 125269.76,
            "percN": 0.0,
            "percU": 117145.28,
            "percUNK": 0.0,
            "l": 0.07388292642759006,
            "u": 1.0
        }
    },
    "data": {
        "n_samples": 6944,
        "time": 300.0025849342346,
        "repeated_programs": 0,
        "inconsistent_programs": 3453,
        "worlds_consulted": 32,
        "delp_calls": 6944
    }
}