{
    "status": {
        "~a_2": {
            "yes": 1500,
            "no": 0,
            "undecided": 0,
            "unknown": 0,
            "pyes": 0.1978058257378952,
            "pno": 0.0,
            "pundecided": 0.0,
            "punknown": 0.0,
            "time": 61.64357662200928,
            "delp_calls": 1394,
            "percY": 75780.0,
            "percN": 0.0,
            "percU": 0.0,
            "percUNK": 0.0,
            "l": 0.1978058257378952,
            "u": 1.0
        },
        "~a_13": {
            "yes": 1524,
            "no": 0,
            "undecided": 0,
            "unknown": 0,
            "pyes": 0.029014791596058298,
            "pno": 0.0,
            "pundecided": 0.0,
            "punknown": 0.0,
            "time": 62.26164937019348,
            "delp_calls": 1400,
            "percY": 76992.48,
            "percN": 0.0,
            "percU": 0.0,
            "percUNK": 0.0,
            "l": 0.029014791596058298,
            "u": 1.0
        },
        "a_14": {
            "yes": 1026,
            "no": 0,
            "undecided": 91,
            "unknown": 0,
            "pyes": 0.653948408868864,
            "pno": 0.0,
            "pundecided": 0.00014173404595104662,
            "punknown": 0.0,
            "time": 62.00778245925903,
            "delp_calls": 1041,
            "percY": 51833.52,
            "percN": 0.0,
            "percU": 4597.32,
            "percUNK": 0.0,
            "l": 0.653948408868864,
            "u": 1.0,
            "flag": "INTEREST"
        }
    },
    "data": {
        "n_samples": 5052,
        "time": 180.08053708076477,
        "repeated_worlds": 911,
        "repeated_progs": 1217,
        "unique_progs": 3835,
        "delp_calls": 3835
    }
}