{
    "status": {
        "d_12": {
            "yes": 563678,
            "no": 0,
            "undecided": 0,
            "unknown": 0,
            "pyes": 0.03293581175363867,
            "pno": 0.0,
            "pundecided": 0.0,
            "punknown": 0.0,
            "time": 24700.248805761337,
            "delp_calls": 654,
            "percY": 9445338048.36,
            "percN": 0.0,
            "percU": 0.0,
            "percUNK": 0.0,
            "l": 0.03293581175363867,
            "u": 1.0
        },
        "~a_5": {
            "yes": 407699,
            "no": 0,
            "undecided": 136431,
            "unknown": 0,
            "pyes": 0.0248411463635233,
            "pno": 0.0,
            "pundecided": 0.00740954280898263,
            "punknown": 0.0,
            "time": 29059.898611307144,
            "delp_calls": 654,
            "percY": 6831657217.38,
            "percN": 0.0,
            "percU": 2286122423.22,
            "percUNK": 0.0,
            "l": 0.0248411463635233,
            "u": 1.0
        },
        "a_8": {
            "yes": 371394,
            "no": 33927,
            "undecided": 134933,
            "unknown": 0,
            "pyes": 0.024078351912670434,
            "pno": 0.00010698694575680555,
            "pundecided": 0.006618892508394806,
            "punknown": 0.0,
            "time": 33091.89658164978,
            "delp_calls": 654,
            "percY": 6223308128.28,
            "percN": 568501846.74,
            "percU": 2261021006.46,
            "percUNK": 0.0,
            "l": 0.024078351912670434,
            "u": 0.9998930130542432
        }
    },
    "data": {
        "n_samples": 1675662,
        "time": 900.0003499984741,
        "repeated_worlds": 27600,
        "repeated_progs": 1673700,
        "unique_progs": 1962,
        "delp_calls": 1962
    }
}