{
    "status": {
        "a_1": {
            "yes": 4943,
            "no": 0,
            "undecided": 0,
            "unknown": 3028,
            "pyes": 0.008571664815277618,
            "pno": 0.0,
            "pundecided": 0.0,
            "punknown": 4.284492096823628e-05,
            "time": 338.46448278427124,
            "delp_calls": 6718,
            "percY": 400531.29,
            "percN": 0.0,
            "percU": 0.0,
            "percUNK": 245358.84,
            "l": 0.008571664815277618,
            "u": 1.0
        }
    },
    "data": {
        "n_samples": 8103,
        "time": 300.00212049484253,
        "repeated_worlds": 132,
        "repeated_progs": 1385,
        "unique_progs": 6718,
        "delp_calls": 6718
    }
}