{
    "status": {
        "a_7": {
            "yes": 357,
            "no": 323,
            "undecided": 1722,
            "unknown": 14,
            "pyes": 0.07568105776218784,
            "pno": 0.005967840518612639,
            "pundecided": 0.005224310108983158,
            "punknown": 1.029877875995764e-05,
            "time": 99.55648946762085,
            "delp_calls": 2416,
            "percY": 8625.12,
            "percN": 7803.68,
            "percU": 41603.52,
            "percUNK": 338.24,
            "l": 0.07568105776218784,
            "u": 0.9940321594813873
        }
    },
    "data": {
        "n_samples": 2416,
        "time": 300.09862184524536,
        "repeated_programs": 0,
        "inconsistent_programs": 0,
        "worlds_consulted": 28582,
        "delp_calls": 2416
    }
}