{
    "status": {
        "a_7": {
            "yes": 2701,
            "no": 1785,
            "undecided": 7380,
            "unknown": 34,
            "pyes": 0.005434744109871555,
            "pno": 0.0005975698861028681,
            "pundecided": 0.02917024313567881,
            "punknown": 1.2193927905998309e-08,
            "time": 491.4196286201477,
            "delp_calls": 6858,
            "percY": 328225.52,
            "percN": 216913.2,
            "percU": 896817.6,
            "percUNK": 4131.68,
            "l": 0.005434744109871555,
            "u": 0.9994024301138972
        }
    },
    "data": {
        "n_samples": 12152,
        "time": 300.0322389602661,
        "repeated_worlds": 252,
        "repeated_progs": 5294,
        "unique_progs": 6858,
        "delp_calls": 6858
    }
}