{
    "status": {
        "d_14": {
            "yes": 2007,
            "no": 0,
            "undecided": 2126,
            "unknown": 122,
            "pyes": 0.16388677019999992,
            "pno": 0.0,
            "pundecided": 0.010851229799999999,
            "punknown": 0.0,
            "time": 167.47851586341858,
            "delp_calls": 6916,
            "percY": 271105.56,
            "percN": 0.0,
            "percU": 287180.08,
            "percUNK": 16479.76,
            "l": 0.16388677019999992,
            "u": 1.0
        },
        "a_8": {
            "yes": 1733,
            "no": 522,
            "undecided": 1629,
            "unknown": 108,
            "pyes": 0.07538620116384,
            "pno": 0.07778803468800001,
            "pundecided": 0.014722025976,
            "punknown": 0.006841738172160001,
            "time": 163.927800655365,
            "delp_calls": 6592,
            "percY": 234093.64,
            "percN": 70511.76,
            "percU": 220045.32,
            "percUNK": 14588.64,
            "l": 0.07538620116384,
            "u": 0.922211965312
        }
    },
    "data": {
        "n_samples": 13508,
        "time": 600.0417692661285,
        "repeated_programs": 0,
        "inconsistent_programs": 5261,
        "worlds_consulted": 128,
        "delp_calls": 13508
    }
}