{
    "status": {
        "d_24": {
            "yes": 918,
            "no": 0,
            "undecided": 205,
            "unknown": 81,
            "pyes": 0.0277519273758854,
            "pno": 0.0,
            "pundecided": 0.027928574351687607,
            "punknown": 0.00014189508094949942,
            "time": 57.54914093017578,
            "delp_calls": 1186,
            "percY": 13044.78,
            "percN": 0.0,
            "percU": 2913.05,
            "percUNK": 1151.01,
            "l": 0.0277519273758854,
            "u": 1.0
        }
    },
    "data": {
        "n_samples": 1421,
        "time": 60.043055295944214,
        "repeated_worlds": 217,
        "repeated_progs": 235,
        "unique_progs": 1186,
        "delp_calls": 1186
    }
}