{
    "status": {
        "d_24": {
            "yes": 396,
            "no": 0,
            "undecided": 116,
            "unknown": 32,
            "pyes": 0.07399392250401562,
            "pno": 0.0,
            "pundecided": 0.0010116319490888958,
            "punknown": 0.0013533008799677464,
            "time": 25.69399881362915,
            "delp_calls": 544,
            "percY": 2154.24,
            "percN": 0.0,
            "percU": 631.04,
            "percUNK": 174.08,
            "l": 0.07399392250401562,
            "u": 1.0
        }
    },
    "data": {
        "n_samples": 544,
        "time": 60.03410339355469,
        "repeated_programs": 0,
        "inconsistent_programs": 0,
        "worlds_consulted": 538,
        "delp_calls": 544
    }
}