{
    "status": {
        "d_11": {
            "yes": 7005,
            "no": 0,
            "undecided": 0,
            "unknown": 0,
            "pyes": 1.0000000000000002,
            "pno": 0.0,
            "pundecided": 0.0,
            "punknown": 0.0,
            "time": 264.257346868515,
            "delp_calls": 7005,
            "percY": 952539.9,
            "percN": 0.0,
            "percU": 0.0,
            "percUNK": 0.0,
            "l": 1.0000000000000002,
            "u": 1.0,
            "flag": "INTEREST"
        },
        "~a_8": {
            "yes": 3626,
            "no": 0,
            "undecided": 2967,
            "unknown": 0,
            "pyes": 0.7855548668303999,
            "pno": 0.0,
            "pundecided": 0.2144451331696,
            "punknown": 0.0,
            "time": 265.80449056625366,
            "delp_calls": 6593,
            "percY": 493063.48,
            "percN": 0.0,
            "percU": 403452.66,
            "percUNK": 0.0,
            "l": 0.7855548668303999,
            "u": 1.0,
            "flag": "INTEREST"
        }
    },
    "data": {
        "n_samples": 13598,
        "time": 600.0293316841125,
        "repeated_programs": 0,
        "inconsistent_programs": 0,
        "worlds_consulted": 512,
        "delp_calls": 13598
    }
}