{
    "status": {
        "d_47": {
            "yes": 4096,
            "no": 0,
            "undecided": 0,
            "unknown": 0,
            "pyes": 0.9999999999999976,
            "pno": 0.0,
            "pundecided": 0.0,
            "punknown": 0.0,
            "time": 165.7279908657074,
            "delp_calls": 2906,
            "percY": 939426078.72,
            "percN": 0.0,
            "percU": 0.0,
            "percUNK": 0.0,
            "l": 0.9999999999999976,
            "u": 1.0,
            "flag": "INTEREST"
        },
        "a_15": {
            "yes": 1824,
            "no": 1248,
            "undecided": 1024,
            "unknown": 0,
            "pyes": 0.7968216687914456,
            "pno": 0.08037536820855475,
            "pundecided": 0.12280296300000001,
            "punknown": 0.0,
            "time": 175.68879795074463,
            "delp_calls": 2906,
            "percY": 418338175.68,
            "percN": 286231383.36,
            "percU": 234856519.68,
            "percUNK": 0.0,
            "l": 0.7968216687914456,
            "u": 0.9196246317914453,
            "flag": "INTEREST"
        }
    },
    "data": {
        "n_samples": 22935207,
        "time": 600.0000085830688,
        "repeated_worlds": 22927015,
        "repeated_progs": 22929395,
        "unique_progs": 5812,
        "delp_calls": 5812
    }
}