{
    "status": {
        "d_21": {
            "yes": 91,
            "no": 0,
            "undecided": 36,
            "unknown": 6,
            "pyes": 0.004456475794302548,
            "pno": 0.0,
            "pundecided": 0.00037577875342188814,
            "punknown": 0.0,
            "time": 6.433035135269165,
            "delp_calls": 133,
            "percY": 121.03,
            "percN": 0.0,
            "percU": 47.88,
            "percUNK": 7.98,
            "l": 0.004456475794302548,
            "u": 1.0
        }
    },
    "data": {
        "n_samples": 133,
        "time": 60.545573472976685,
        "repeated_programs": 0,
        "inconsistent_programs": 0,
        "worlds_consulted": 131,
        "delp_calls": 133
    }
}