{
    "status": {
        "a_0": {
            "yes": 2560,
            "no": 0,
            "undecided": 0,
            "unknown": 1536,
            "pyes": 0.9962479999999999,
            "pno": 0.0,
            "pundecided": 0.0,
            "punknown": 0.003752,
            "time": 164.93923950195312,
            "delp_calls": 2698,
            "percY": 351724569.6,
            "percN": 0.0,
            "percU": 0.0,
            "percUNK": 211034741.76,
            "l": 0.9962479999999999,
            "u": 1.0,
            "flag": "INTEREST"
        }
    },
    "data": {
        "n_samples": 13739241,
        "time": 300.00001072883606,
        "repeated_worlds": 13735145,
        "repeated_progs": 13736543,
        "unique_progs": 2698,
        "delp_calls": 2698
    }
}