{
    "status": {
        "d_14": {
            "yes": 3269,
            "no": 0,
            "undecided": 1041,
            "unknown": 148,
            "pyes": 0.9982899999999996,
            "pno": 0.0,
            "pundecided": 0.0015732480273335998,
            "punknown": 0.00013675197266640007,
            "time": 228.12299394607544,
            "delp_calls": 4458,
            "percY": 145732.02,
            "percN": 0.0,
            "percU": 46407.78,
            "percUNK": 6597.84,
            "l": 0.9982899999999996,
            "u": 1.0,
            "flag": "INTEREST"
        }
    },
    "data": {
        "n_samples": 4458,
        "time": 300.0511736869812,
        "repeated_programs": 0,
        "inconsistent_programs": 0,
        "worlds_consulted": 4096,
        "delp_calls": 4458
    }
}