{
    "status": {
        "~a_6": {
            "yes": 10150,
            "no": 0,
            "undecided": 9909,
            "unknown": 0,
            "pyes": 0.02431039126350442,
            "pno": 0.0,
            "pundecided": 0.0047533902928135,
            "punknown": 0.0,
            "time": 753.9267439842224,
            "delp_calls": 7534,
            "percY": 3888972.5,
            "percN": 0.0,
            "percU": 3796633.35,
            "percUNK": 0.0,
            "l": 0.02431039126350442,
            "u": 1.0
        },
        "~a_7": {
            "yes": 1051,
            "no": 7476,
            "undecided": 8403,
            "unknown": 0,
            "pyes": 0.000209885066400858,
            "pno": 0.09585032806993779,
            "pundecided": 0.0007300662328625347,
            "punknown": 0.0,
            "time": 663.3139841556549,
            "delp_calls": 7247,
            "percY": 402690.65,
            "percN": 2864429.4,
            "percU": 3219609.45,
            "percUNK": 0.0,
            "l": 0.000209885066400858,
            "u": 0.9041496719300622
        }
    },
    "data": {
        "n_samples": 38315,
        "time": 600.0026364326477,
        "repeated_worlds": 1326,
        "repeated_progs": 23534,
        "unique_progs": 14781,
        "delp_calls": 14781
    }
}