{
    "status": {
        "a_0": {
            "yes": 7834,
            "no": 0,
            "undecided": 2819,
            "unknown": 1807,
            "pyes": 0.011053725525535452,
            "pno": 0.0,
            "pundecided": 0.0016088644672745964,
            "punknown": 0.0003388161960055683,
            "time": 486.4778633117676,
            "delp_calls": 7234,
            "percY": 2971436.2,
            "percN": 0.0,
            "percU": 1069246.7,
            "percUNK": 685395.1,
            "l": 0.011053725525535452,
            "u": 1.0
        },
        "a_5": {
            "yes": 4887,
            "no": 0,
            "undecided": 3030,
            "unknown": 4635,
            "pyes": 0.0039356910758081625,
            "pno": 0.0,
            "pundecided": 0.0006001549766222568,
            "punknown": 0.0019932728009677534,
            "time": 485.37569856643677,
            "delp_calls": 7280,
            "percY": 1853639.1,
            "percN": 0.0,
            "percU": 1149279.0,
            "percUNK": 1758055.5,
            "l": 0.0039356910758081625,
            "u": 1.0
        },
        "~a_7": {
            "yes": 5652,
            "no": 3273,
            "undecided": 3091,
            "unknown": 36,
            "pyes": 0.004000643141163467,
            "pno": 0.002065551852782644,
            "pundecided": 0.0054134681698368705,
            "punknown": 3.0637011508206906e-09,
            "time": 481.78397727012634,
            "delp_calls": 7094,
            "percY": 2143803.6,
            "percN": 1241448.9,
            "percU": 1172416.3,
            "percUNK": 13654.8,
            "l": 0.004000643141163467,
            "u": 0.9979344481472173
        }
    },
    "data": {
        "n_samples": 37930,
        "time": 900.0574867725372,
        "repeated_worlds": 866,
        "repeated_progs": 16322,
        "unique_progs": 21608,
        "delp_calls": 21608
    }
}