{
    "status": {
        "a_0": {
            "yes": 1374,
            "no": 0,
            "undecided": 601,
            "unknown": 644,
            "pyes": 0.04677902006737815,
            "pno": 0.0,
            "pundecided": 0.001534886296822324,
            "punknown": 0.00031796685164042326,
            "time": 105.13502955436707,
            "delp_calls": 2619,
            "percY": 107130.78,
            "percN": 0.0,
            "percU": 46859.97,
            "percUNK": 50212.68,
            "l": 0.04677902006737815,
            "u": 1.0
        },
        "a_5": {
            "yes": 751,
            "no": 0,
            "undecided": 592,
            "unknown": 1265,
            "pyes": 0.005993878244639282,
            "pno": 0.0,
            "pundecided": 0.004491518818354521,
            "punknown": 0.00960468394781212,
            "time": 107.5349509716034,
            "delp_calls": 2608,
            "percY": 58555.47,
            "percN": 0.0,
            "percU": 46158.24,
            "percUNK": 98632.05,
            "l": 0.005993878244639282,
            "u": 1.0
        },
        "~a_7": {
            "yes": 958,
            "no": 704,
            "undecided": 854,
            "unknown": 54,
            "pyes": 0.0479190220007242,
            "pno": 0.003339201100845894,
            "pundecided": 0.005205414081226954,
            "punknown": 9.928993948825355e-09,
            "time": 107.8999547958374,
            "delp_calls": 2570,
            "percY": 74695.26,
            "percN": 54890.88,
            "percU": 66586.38,
            "percUNK": 4210.38,
            "l": 0.0479190220007242,
            "u": 0.9966607988991542
        }
    },
    "data": {
        "n_samples": 7797,
        "time": 900.3670091629028,
        "repeated_programs": 0,
        "inconsistent_programs": 0,
        "worlds_consulted": 77709,
        "delp_calls": 7797
    }
}