{
    "status": {
        "~a_5": {
            "yes": 664,
            "no": 0,
            "undecided": 738,
            "unknown": 62,
            "pyes": 3.435094357039205e-05,
            "pno": 0.0,
            "pundecided": 0.000448788888232395,
            "punknown": 3.077074334510177e-05,
            "time": 64.19804000854492,
            "delp_calls": 1302,
            "percY": 19435.28,
            "percN": 0.0,
            "percU": 21601.26,
            "percUNK": 1814.74,
            "l": 3.435094357039205e-05,
            "u": 1.0
        },
        "~a_8": {
            "yes": 530,
            "no": 65,
            "undecided": 763,
            "unknown": 101,
            "pyes": 9.948480116797023e-05,
            "pno": 1.5798164503257912e-06,
            "pundecided": 0.00014248204326159177,
            "punknown": 8.936501393172456e-06,
            "time": 64.74677443504333,
            "delp_calls": 1287,
            "percY": 15513.1,
            "percN": 1902.55,
            "percU": 22333.01,
            "percUNK": 2956.27,
            "l": 9.948480116797023e-05,
            "u": 0.9999984201835497
        }
    },
    "data": {
        "n_samples": 2927,
        "time": 120.06192708015442,
        "repeated_worlds": 4,
        "repeated_progs": 338,
        "unique_progs": 2589,
        "delp_calls": 2589
    }
}