{
    "status": {
        "~d_17": {
            "yes": 2117,
            "no": 0,
            "undecided": 627,
            "unknown": 566,
            "pyes": 0.05763415387190947,
            "pno": 0.0,
            "pundecided": 0.0010383543412098826,
            "punknown": 0.0020640551336555514,
            "time": 132.80911421775818,
            "delp_calls": 3310,
            "percY": 209667.68,
            "percN": 0.0,
            "percU": 62098.08,
            "percUNK": 56056.64,
            "l": 0.05763415387190947,
            "u": 1.0
        },
        "a_7": {
            "yes": 520,
            "no": 753,
            "undecided": 1931,
            "unknown": 126,
            "pyes": 0.02240484744296182,
            "pno": 0.004834525519220273,
            "pundecided": 0.0052860490502363595,
            "punknown": 0.004003311916774267,
            "time": 135.88355207443237,
            "delp_calls": 3330,
            "percY": 51500.8,
            "percN": 74577.12,
            "percU": 191246.24,
            "percUNK": 12479.04,
            "l": 0.02240484744296182,
            "u": 0.9951654744807797
        },
        "~a_8": {
            "yes": 958,
            "no": 594,
            "undecided": 1706,
            "unknown": 6,
            "pyes": 0.04106345082990619,
            "pno": 0.0031823716534495152,
            "pundecided": 0.009773360212211877,
            "punknown": 2.1385113130370658e-10,
            "time": 134.5340929031372,
            "delp_calls": 3264,
            "percY": 94880.32,
            "percN": 58829.76,
            "percU": 168962.24,
            "percUNK": 594.24,
            "l": 0.04106345082990619,
            "u": 0.9968176283465505
        }
    },
    "data": {
        "n_samples": 9904,
        "time": 900.0717108249664,
        "repeated_programs": 0,
        "inconsistent_programs": 0,
        "worlds_consulted": 52357,
        "delp_calls": 9904
    }
}