{
    "status": {
        "~d_18": {
            "yes": 131072,
            "no": 0,
            "undecided": 131072,
            "unknown": 0,
            "pyes": 0.8259999999999705,
            "pno": 0.0,
            "pundecided": 0.17399999999999693,
            "punknown": 0.0,
            "time": 10724.175231933594,
            "delp_calls": 2048,
            "percY": 34031711027.2,
            "percN": 0.0,
            "percU": 34031711027.2,
            "percUNK": 0.0,
            "l": 0.8259999999999705,
            "u": 1.0,
            "flag": "INTEREST"
        },
        "a_7": {
            "yes": 86016,
            "no": 45056,
            "undecided": 131072,
            "unknown": 0,
            "pyes": 0.11723718291430682,
            "pno": 0.8004149532293887,
            "pundecided": 0.0823478638563011,
            "punknown": 0.0,
            "time": 12029.706237792969,
            "delp_calls": 2048,
            "percY": 22333310361.6,
            "percN": 11698400665.6,
            "percU": 34031711027.2,
            "percUNK": 0.0,
            "l": 0.11723718291430682,
            "u": 0.19958504677061129,
            "flag": "INTEREST"
        },
        "~a_7": {
            "yes": 45056,
            "no": 86016,
            "undecided": 131072,
            "unknown": 0,
            "pyes": 0.8004149532293763,
            "pno": 0.11723718291430614,
            "pundecided": 0.08234786385630166,
            "punknown": 0.0,
            "time": 13125.968353271484,
            "delp_calls": 2048,
            "percY": 11698400665.6,
            "percN": 22333310361.6,
            "percU": 34031711027.2,
            "percUNK": 0.0,
            "l": 0.8004149532293763,
            "u": 0.8827628170856938,
            "flag": "INTEREST"
        }
    },
    "data": {
        "n_samples": 25964135,
        "time": 900.0000200271606,
        "repeated_worlds": 25177703,
        "repeated_progs": 25957991,
        "unique_progs": 6144,
        "delp_calls": 6144
    }
}