{
    "status": {
        "d_44": {
            "yes": 2048,
            "no": 0,
            "undecided": 2048,
            "unknown": 0,
            "pyes": 0.9122508034399999,
            "pno": 0.0,
            "pundecided": 0.08774919656000015,
            "punknown": 0.0,
            "time": 164.5271816253662,
            "delp_calls": 4096,
            "percY": 372240343.04,
            "percN": 0.0,
            "percU": 372240343.04,
            "percUNK": 0.0,
            "l": 0.9122508034399999,
            "u": 1.0,
            "flag": "INTEREST"
        },
        "~a_19": {
            "yes": 1088,
            "no": 960,
            "undecided": 2048,
            "unknown": 0,
            "pyes": 0.07971160342430006,
            "pno": 0.8637912220756998,
            "pundecided": 0.05649717449999998,
            "punknown": 0.0,
            "time": 175.09604597091675,
            "delp_calls": 4096,
            "percY": 197752682.24,
            "percN": 174487660.8,
            "percU": 372240343.04,
            "percUNK": 0.0,
            "l": 0.07971160342430006,
            "u": 0.1362087779243002,
            "flag": "INTEREST"
        }
    },
    "data": {
        "n_samples": 18175798,
        "time": 600.0000126361847,
        "repeated_worlds": 18167606,
        "repeated_progs": 18167606,
        "unique_progs": 8192,
        "delp_calls": 8192
    }
}