{
    "status": {
        "a_0": {
            "yes": 654609,
            "no": 0,
            "undecided": 0,
            "unknown": 0,
            "pyes": 0.04087171644964851,
            "pno": 0.0,
            "pundecided": 0.0,
            "punknown": 0.0,
            "time": 27876.299046993256,
            "delp_calls": 240,
            "percY": 12796591306.05,
            "percN": 0.0,
            "percU": 0.0,
            "percUNK": 0.0,
            "l": 0.04087171644964851,
            "u": 1.0
        },
        "a_6": {
            "yes": 518267,
            "no": 0,
            "undecided": 120083,
            "unknown": 0,
            "pyes": 0.024039389840490682,
            "pno": 0.0,
            "pundecided": 0.012604765249030576,
            "punknown": 0.0,
            "time": 34117.40325498581,
            "delp_calls": 240,
            "percY": 10131316536.15,
            "percN": 0.0,
            "percU": 2347436521.35,
            "percUNK": 0.0,
            "l": 0.024039389840490682,
            "u": 1.0
        },
        "a_8": {
            "yes": 95201,
            "no": 319530,
            "undecided": 209916,
            "unknown": 0,
            "pyes": 0.001313514697607881,
            "pno": 0.02395877133022556,
            "pundecided": 0.012861760803604001,
            "punknown": 0.0,
            "time": 40270.28977370262,
            "delp_calls": 240,
            "percY": 1861031988.45,
            "percN": 6246316228.5,
            "percU": 4103532430.2,
            "percUNK": 0.0,
            "l": 0.001313514697607881,
            "u": 0.9760412286697744
        }
    },
    "data": {
        "n_samples": 1954845,
        "time": 900.0007212162018,
        "repeated_worlds": 37239,
        "repeated_progs": 1954125,
        "unique_progs": 720,
        "delp_calls": 720
    }
}