{
    "status": {
        "~d_12": {
            "yes": 343825,
            "no": 0,
            "undecided": 344315,
            "unknown": 0,
            "pyes": 0.026966039923345016,
            "pno": 0.0,
            "pundecided": 0.011363558154997025,
            "punknown": 0.0,
            "time": 28787.12583398819,
            "delp_calls": 512,
            "percY": 2416171737.25,
            "percN": 0.0,
            "percU": 2419615128.95,
            "percUNK": 0.0,
            "l": 0.026966039923345016,
            "u": 1.0
        }
    },
    "data": {
        "n_samples": 702733,
        "time": 300.0001404285431,
        "repeated_worlds": 14593,
        "repeated_progs": 702221,
        "unique_progs": 512,
        "delp_calls": 512
    }
}