{
    "status": {
        "~d_12": {
            "yes": 1652,
            "no": 0,
            "undecided": 1599,
            "unknown": 0,
            "pyes": 0.15026952508192404,
            "pno": 0.0,
            "pundecided": 0.08053047491807595,
            "punknown": 0.0,
            "time": 136.4345064163208,
            "delp_calls": 6345,
            "percY": 104819.4,
            "percN": 0.0,
            "percU": 101456.55,
            "percUNK": 0.0,
            "l": 0.15026952508192404,
            "u": 1.0
        }
    },
    "data": {
        "n_samples": 6345,
        "time": 300.00223684310913,
        "repeated_programs": 0,
        "inconsistent_programs": 3094,
        "worlds_consulted": 256,
        "delp_calls": 6345
    }
}