{
    "status": {
        "a_5": {
            "yes": 124327,
            "no": 0,
            "undecided": 0,
            "unknown": 0,
            "pyes": 0.52564423719929,
            "pno": 0.0,
            "pundecided": 0.0,
            "punknown": 0.0,
            "time": 6115.942793607712,
            "delp_calls": 216,
            "percY": 209528293.1,
            "percN": 0.0,
            "percU": 0.0,
            "percUNK": 0.0,
            "l": 0.52564423719929,
            "u": 1.0,
            "flag": "INTEREST"
        }
    },
    "data": {
        "n_samples": 168530,
        "time": 60.00033950805664,
        "repeated_worlds": 44203,
        "repeated_progs": 168314,
        "unique_progs": 216,
        "delp_calls": 216
    }
}