{
    "status": {
        "~d_29": {
            "yes": 616,
            "no": 0,
            "undecided": 607,
            "unknown": 0,
            "pyes": 0.6625652889668721,
            "pno": 0.0,
            "pundecided": 0.01351576327616791,
            "punknown": 0.0,
            "time": 57.2194607257843,
            "delp_calls": 1223,
            "percY": 17488.24,
            "percN": 0.0,
            "percU": 17232.73,
            "percUNK": 0.0,
            "l": 0.6625652889668721,
            "u": 1.0,
            "flag": "INTEREST"
        },
        "a_18": {
            "yes": 437,
            "no": 0,
            "undecided": 737,
            "unknown": 0,
            "pyes": 0.1323326539192253,
            "pno": 0.0,
            "pundecided": 0.007841351117514517,
            "punknown": 0.0,
            "time": 57.29934024810791,
            "delp_calls": 1174,
            "percY": 12406.43,
            "percN": 0.0,
            "percU": 20923.43,
            "percUNK": 0.0,
            "l": 0.1323326539192253,
            "u": 1.0
        }
    },
    "data": {
        "n_samples": 2839,
        "time": 120.06293225288391,
        "repeated_worlds": 442,
        "repeated_progs": 442,
        "unique_progs": 2397,
        "delp_calls": 2397
    }
}