{
    "status": {
        "a_4": {
            "yes": 386,
            "no": 0,
            "undecided": 251,
            "unknown": 18,
            "pyes": 0.008521458283007193,
            "pno": 0.0,
            "pundecided": 2.536130485449219e-05,
            "punknown": 2.3329974279135747e-08,
            "time": 29.766791343688965,
            "delp_calls": 655,
            "percY": 2528.3,
            "percN": 0.0,
            "percU": 1644.05,
            "percUNK": 117.9,
            "l": 0.008521458283007193,
            "u": 1.0
        }
    },
    "data": {
        "n_samples": 655,
        "time": 60.08508110046387,
        "repeated_programs": 0,
        "inconsistent_programs": 0,
        "worlds_consulted": 4161,
        "delp_calls": 655
    }
}