{
    "status": {
        "d_12": {
            "yes": 1653,
            "no": 0,
            "undecided": 1555,
            "unknown": 9,
            "pyes": 0.45080811008089106,
            "pno": 0.0,
            "pundecided": 0.027716038583692672,
            "punknown": 3.4860207799897827e-07,
            "time": 136.5669083595276,
            "delp_calls": 6184,
            "percY": 102221.52,
            "percN": 0.0,
            "percU": 96161.2,
            "percUNK": 556.56,
            "l": 0.45080811008089106,
            "u": 1.0
        }
    },
    "data": {
        "n_samples": 6184,
        "time": 300.0035984516144,
        "repeated_programs": 0,
        "inconsistent_programs": 2967,
        "worlds_consulted": 509,
        "delp_calls": 6184
    }
}