{
    "status": {
        "d_12": {
            "yes": 299836,
            "no": 0,
            "undecided": 300322,
            "unknown": 0,
            "pyes": 0.03418877168724171,
            "pno": 0.0,
            "pundecided": 0.002020131283396315,
            "punknown": 0.0,
            "time": 24583.349251508713,
            "delp_calls": 1024,
            "percY": 1832642607.4,
            "percN": 0.0,
            "percU": 1835613112.3,
            "percUNK": 0.0,
            "l": 0.03418877168724171,
            "u": 1.0
        }
    },
    "data": {
        "n_samples": 611215,
        "time": 300.00016927719116,
        "repeated_worlds": 11057,
        "repeated_progs": 610191,
        "unique_progs": 1024,
        "delp_calls": 1024
    }
}