{
    "status": {
        "d_13": {
            "yes": 1914,
            "no": 0,
            "undecided": 1421,
            "unknown": 0,
            "pyes": 0.8462199200000001,
            "pno": 0.0,
            "pundecided": 0.06378007999999999,
            "punknown": 0.0,
            "time": 181.9996054172516,
            "delp_calls": 5060,
            "percY": 96848.4,
            "percN": 0.0,
            "percU": 71902.6,
            "percUNK": 0.0,
            "l": 0.8462199200000001,
            "u": 1.0,
            "flag": "INTEREST"
        }
    },
    "data": {
        "n_samples": 5060,
        "time": 300.01854610443115,
        "repeated_programs": 0,
        "inconsistent_programs": 1725,
        "worlds_consulted": 128,
        "delp_calls": 5060
    }
}