{
    "status": {
        "d_38": {
            "yes": 1228,
            "no": 0,
            "undecided": 435,
            "unknown": 0,
            "pyes": 0.6672774995805963,
            "pno": 0.0,
            "pundecided": 0.007720502531151612,
            "punknown": 0.0,
            "time": 68.30658316612244,
            "delp_calls": 1394,
            "percY": 25702.04,
            "percN": 0.0,
            "percU": 9104.55,
            "percUNK": 0.0,
            "l": 0.6672774995805963,
            "u": 1.0,
            "flag": "INTEREST"
        }
    },
    "data": {
        "n_samples": 2093,
        "time": 60.03492259979248,
        "repeated_worlds": 430,
        "repeated_progs": 699,
        "unique_progs": 1394,
        "delp_calls": 1394
    }
}