{
    "status": {
        "d_38": {
            "yes": 178,
            "no": 0,
            "undecided": 66,
            "unknown": 0,
            "pyes": 0.0012571275934532328,
            "pno": 0.0,
            "pundecided": 0.001340818074831372,
            "punknown": 0.0,
            "time": 9.977077007293701,
            "delp_calls": 904,
            "percY": 1609.12,
            "percN": 0.0,
            "percU": 596.64,
            "percUNK": 0.0,
            "l": 0.0012571275934532328,
            "u": 1.0
        }
    },
    "data": {
        "n_samples": 904,
        "time": 60.02287149429321,
        "repeated_programs": 0,
        "inconsistent_programs": 660,
        "worlds_consulted": 272,
        "delp_calls": 904
    }
}