{
    "status": {
        "~d_38": {
            "yes": 796,
            "no": 0,
            "undecided": 254,
            "unknown": 0,
            "pyes": 0.0763158131863699,
            "pno": 0.0,
            "pundecided": 0.03042860262247492,
            "punknown": 0.0,
            "time": 41.84250211715698,
            "delp_calls": 3958,
            "percY": 60663.16,
            "percN": 0.0,
            "percU": 19357.34,
            "percUNK": 0.0,
            "l": 0.0763158131863699,
            "u": 1.0
        },
        "a_16": {
            "yes": 358,
            "no": 285,
            "undecided": 273,
            "unknown": 0,
            "pyes": 0.004959907474828938,
            "pno": 0.060175106418183154,
            "pundecided": 0.0050027414948263784,
            "punknown": 0.0,
            "time": 45.52054214477539,
            "delp_calls": 3663,
            "percY": 27283.18,
            "percN": 21719.85,
            "percU": 20805.33,
            "percUNK": 0.0,
            "l": 0.004959907474828938,
            "u": 0.9398248935818169
        }
    },
    "data": {
        "n_samples": 7621,
        "time": 600.1049008369446,
        "repeated_programs": 0,
        "inconsistent_programs": 5655,
        "worlds_consulted": 1343,
        "delp_calls": 7621
    }
}