{
    "status": {
        "~d_12": {
            "yes": 1351,
            "no": 0,
            "undecided": 0,
            "unknown": 0,
            "pyes": 0.3944194586196029,
            "pno": 0.0,
            "pundecided": 0.0,
            "punknown": 0.0,
            "time": 71.30591940879822,
            "delp_calls": 1351,
            "percY": 55526.1,
            "percN": 0.0,
            "percU": 0.0,
            "percUNK": 0.0,
            "l": 0.3944194586196029,
            "u": 1.0
        },
        "a_7": {
            "yes": 647,
            "no": 742,
            "undecided": 0,
            "unknown": 0,
            "pyes": 0.021243456453731463,
            "pno": 0.5326813266086192,
            "pundecided": 0.0,
            "punknown": 0.0,
            "time": 74.72930479049683,
            "delp_calls": 1389,
            "percY": 26591.7,
            "percN": 30496.2,
            "percU": 0.0,
            "percUNK": 0.0,
            "l": 0.021243456453731463,
            "u": 0.4673186733913808,
            "flag": "INTEREST"
        },
        "~a_7": {
            "yes": 735,
            "no": 635,
            "undecided": 0,
            "unknown": 0,
            "pyes": 0.46825139503556545,
            "pno": 0.01635540948441553,
            "pundecided": 0.0,
            "punknown": 0.0,
            "time": 74.35264444351196,
            "delp_calls": 1370,
            "percY": 30208.5,
            "percN": 26098.5,
            "percU": 0.0,
            "percUNK": 0.0,
            "l": 0.46825139503556545,
            "u": 0.9836445905155845
        }
    },
    "data": {
        "n_samples": 4110,
        "time": 900.9503901004791,
        "repeated_programs": 0,
        "inconsistent_programs": 0,
        "worlds_consulted": 94784,
        "delp_calls": 4110
    }
}