{
    "status": {
        "~d_15": {
            "yes": 4096,
            "no": 0,
            "undecided": 0,
            "unknown": 0,
            "pyes": 1.0000000000000013,
            "pno": 0.0,
            "pundecided": 0.0,
            "punknown": 0.0,
            "time": 157.45264720916748,
            "delp_calls": 426,
            "percY": 827207024.64,
            "percN": 0.0,
            "percU": 0.0,
            "percUNK": 0.0,
            "l": 1.0000000000000013,
            "u": 1.0,
            "flag": "INTEREST"
        }
    },
    "data": {
        "n_samples": 20195484,
        "time": 300.0000123977661,
        "repeated_worlds": 20191388,
        "repeated_progs": 20195058,
        "unique_progs": 426,
        "delp_calls": 426
    }
}