{
    "status": {
        "d_76": {
            "yes": 4096,
            "no": 0,
            "undecided": 0,
            "unknown": 0,
            "pyes": 0.999999999999998,
            "pno": 0.0,
            "pundecided": 0.0,
            "punknown": 0.0,
            "time": 168.57602262496948,
            "delp_calls": 4096,
            "percY": 378031472.64,
            "percN": 0.0,
            "percU": 0.0,
            "percUNK": 0.0,
            "l": 0.999999999999998,
            "u": 1.0,
            "flag": "INTEREST"
        }
    },
    "data": {
        "n_samples": 9229284,
        "time": 300.0000081062317,
        "repeated_worlds": 9225188,
        "repeated_progs": 9225188,
        "unique_progs": 4096,
        "delp_calls": 4096
    }
}