{
    "status": {
        "d_76": {
            "yes": 2273,
            "no": 0,
            "undecided": 0,
            "unknown": 0,
            "pyes": 0.7417828268341103,
            "pno": 0.0,
            "pundecided": 0.0,
            "punknown": 0.0,
            "time": 92.24012327194214,
            "delp_calls": 4523,
            "percY": 102807.79,
            "percN": 0.0,
            "percU": 0.0,
            "percUNK": 0.0,
            "l": 0.7417828268341103,
            "u": 1.0,
            "flag": "INTEREST"
        }
    },
    "data": {
        "n_samples": 4523,
        "time": 300.0314791202545,
        "repeated_programs": 0,
        "inconsistent_programs": 2250,
        "worlds_consulted": 1368,
        "delp_calls": 4523
    }
}