{
    "status": {
        "a_5": {
            "yes": 327,
            "no": 0,
            "undecided": 333,
            "unknown": 0,
            "pyes": 0.07130978453755929,
            "pno": 0.0,
            "pundecided": 0.0028031683035886195,
            "punknown": 0.0,
            "time": 25.35569405555725,
            "delp_calls": 1351,
            "percY": 8789.76,
            "percN": 0.0,
            "percU": 8951.04,
            "percUNK": 0.0,
            "l": 0.07130978453755929,
            "u": 1.0
        },
        "~a_7": {
            "yes": 313,
            "no": 41,
            "undecided": 313,
            "unknown": 2,
            "pyes": 0.02128151502839073,
            "pno": 0.0558166643712,
            "pundecided": 0.0028727098096277587,
            "punknown": 0.0,
            "time": 26.122536659240723,
            "delp_calls": 1337,
            "percY": 8413.44,
            "percN": 1102.08,
            "percU": 8413.44,
            "percUNK": 53.76,
            "l": 0.02128151502839073,
            "u": 0.9441833356288
        }
    },
    "data": {
        "n_samples": 2688,
        "time": 120.06341123580933,
        "repeated_programs": 0,
        "inconsistent_programs": 1359,
        "worlds_consulted": 479,
        "delp_calls": 2688
    }
}