{
    "status": {
        "~d_15": {
            "yes": 2048,
            "no": 0,
            "undecided": 2048,
            "unknown": 0,
            "pyes": 0.8340038048256003,
            "pno": 0.0,
            "pundecided": 0.16599619517439979,
            "punknown": 0.0,
            "time": 230.37511444091797,
            "delp_calls": 256,
            "percY": 314460774.4,
            "percN": 0.0,
            "percU": 314460774.4,
            "percUNK": 0.0,
            "l": 0.8340038048256003,
            "u": 1.0,
            "flag": "INTEREST"
        }
    },
    "data": {
        "n_samples": 15354530,
        "time": 300.00000286102295,
        "repeated_worlds": 15350434,
        "repeated_progs": 15354274,
        "unique_progs": 256,
        "delp_calls": 256
    }
}