{
    "status": {
        "d_12": {
            "yes": 4096,
            "no": 0,
            "undecided": 0,
            "unknown": 0,
            "pyes": 0.999999999999995,
            "pno": 0.0,
            "pundecided": 0.0,
            "punknown": 0.0,
            "time": 182.2085361480713,
            "delp_calls": 134,
            "percY": 280984125.44,
            "percN": 0.0,
            "percU": 0.0,
            "percUNK": 0.0,
            "l": 0.999999999999995,
            "u": 1.0,
            "flag": "INTEREST"
        },
        "a_7": {
            "yes": 2816,
            "no": 384,
            "undecided": 896,
            "unknown": 0,
            "pyes": 0.034876383263000424,
            "pno": 0.8603837123341664,
            "pundecided": 0.10473990440283153,
            "punknown": 0.0,
            "time": 190.1798324584961,
            "delp_calls": 134,
            "percY": 193176586.24,
            "percN": 26342261.76,
            "percU": 61465277.44,
            "percUNK": 0.0,
            "l": 0.034876383263000424,
            "u": 0.13961628766583356,
            "flag": "INTEREST"
        }
    },
    "data": {
        "n_samples": 6859964,
        "time": 120.00001215934753,
        "repeated_worlds": 6851772,
        "repeated_progs": 6859696,
        "unique_progs": 268,
        "delp_calls": 268
    }
}