{
    "status": {
        "~a_4": {
            "yes": 2048,
            "no": 0,
            "undecided": 2048,
            "unknown": 0,
            "pyes": 0.8901196789116399,
            "pno": 0.0,
            "pundecided": 0.10988032108835988,
            "punknown": 0.0,
            "time": 160.88594818115234,
            "delp_calls": 512,
            "percY": 106608005.12,
            "percN": 0.0,
            "percU": 106608005.12,
            "percUNK": 0.0,
            "l": 0.8901196789116399,
            "u": 1.0,
            "flag": "INTEREST"
        },
        "~a_7": {
            "yes": 2048,
            "no": 0,
            "undecided": 2048,
            "unknown": 0,
            "pyes": 0.92,
            "pno": 0.0,
            "pundecided": 0.07999999999999989,
            "punknown": 0.0,
            "time": 163.0699462890625,
            "delp_calls": 512,
            "percY": 106608005.12,
            "percN": 0.0,
            "percU": 106608005.12,
            "percUNK": 0.0,
            "l": 0.92,
            "u": 1.0,
            "flag": "INTEREST"
        }
    },
    "data": {
        "n_samples": 5205469,
        "time": 120.00002574920654,
        "repeated_worlds": 5197277,
        "repeated_progs": 5204445,
        "unique_progs": 1024,
        "delp_calls": 1024
    }
}