{
    "status": {
        "~d_12": {
            "yes": 1607,
            "no": 0,
            "undecided": 763,
            "unknown": 253,
            "pyes": 0.8296997149116356,
            "pno": 0.0,
            "pundecided": 0.030658143908768268,
            "punknown": 0.0018336169020942003,
            "time": 110.92184734344482,
            "delp_calls": 1327,
            "percY": 190879.46,
            "percN": 0.0,
            "percU": 90629.14,
            "percUNK": 30051.34,
            "l": 0.8296997149116356,
            "u": 1.0,
            "flag": "INTEREST"
        },
        "~a_5": {
            "yes": 1081,
            "no": 0,
            "undecided": 1416,
            "unknown": 6,
            "pyes": 0.1288488712314262,
            "pno": 0.0,
            "pundecided": 0.06345237707812516,
            "punknown": 1.9968094079999998e-07,
            "time": 108.54571843147278,
            "delp_calls": 1304,
            "percY": 128401.18,
            "percN": 0.0,
            "percU": 168192.48,
            "percUNK": 712.68,
            "l": 0.1288488712314262,
            "u": 1.0
        },
        "a_8": {
            "yes": 773,
            "no": 20,
            "undecided": 1606,
            "unknown": 44,
            "pyes": 0.7606817488405428,
            "pno": 0.0,
            "pundecided": 0.14819556094241987,
            "punknown": 5.54422356e-06,
            "time": 105.86103701591492,
            "delp_calls": 1307,
            "percY": 91816.94,
            "percN": 2375.6,
            "percU": 190760.68,
            "percUNK": 5226.32,
            "l": 0.7606817488405428,
            "u": 1.0,
            "flag": "INTEREST"
        }
    },
    "data": {
        "n_samples": 11878,
        "time": 180.01573848724365,
        "repeated_worlds": 4309,
        "repeated_progs": 7940,
        "unique_progs": 3938,
        "delp_calls": 3938
    }
}