{
    "status": {
        "~d_12": {
            "yes": 457,
            "no": 0,
            "undecided": 277,
            "unknown": 135,
            "pyes": 0.0719309128702931,
            "pno": 0.0,
            "pundecided": 0.002391242022031199,
            "punknown": 0.0015942325338235996,
            "time": 37.04151248931885,
            "delp_calls": 869,
            "percY": 12115.07,
            "percN": 0.0,
            "percU": 7343.27,
            "percUNK": 3578.85,
            "l": 0.0719309128702931,
            "u": 1.0
        },
        "~a_5": {
            "yes": 320,
            "no": 0,
            "undecided": 562,
            "unknown": 4,
            "pyes": 0.08265966066838001,
            "pno": 0.0,
            "pundecided": 0.00477386631282756,
            "punknown": 2.0169791999999999e-07,
            "time": 37.248647689819336,
            "delp_calls": 886,
            "percY": 8483.2,
            "percN": 0.0,
            "percU": 14898.62,
            "percUNK": 106.04,
            "l": 0.08265966066838001,
            "u": 1.0
        },
        "a_8": {
            "yes": 183,
            "no": 21,
            "undecided": 660,
            "unknown": 32,
            "pyes": 0.031048411641867994,
            "pno": 0.0,
            "pundecided": 0.13350994578451286,
            "punknown": 1.4254814220000003e-06,
            "time": 37.17158269882202,
            "delp_calls": 896,
            "percY": 4851.33,
            "percN": 556.71,
            "percU": 17496.6,
            "percUNK": 848.32,
            "l": 0.031048411641867994,
            "u": 1.0
        }
    },
    "data": {
        "n_samples": 2651,
        "time": 180.11472487449646,
        "repeated_programs": 0,
        "inconsistent_programs": 0,
        "worlds_consulted": 4848,
        "delp_calls": 2651
    }
}