{
    "status": {
        "d_58": {
            "yes": 554,
            "no": 0,
            "undecided": 256,
            "unknown": 74,
            "pyes": 0.046783705075707976,
            "pno": 0.0,
            "pundecided": 0.005131774471248473,
            "punknown": 0.0003436819225136189,
            "time": 34.43038773536682,
            "delp_calls": 884,
            "percY": 14620.06,
            "percN": 0.0,
            "percU": 6755.84,
            "percUNK": 1952.86,
            "l": 0.046783705075707976,
            "u": 1.0
        },
        "a_19": {
            "yes": 88,
            "no": 282,
            "undecided": 508,
            "unknown": 0,
            "pyes": 0.05047051815001517,
            "pno": 0.03952267533278083,
            "pundecided": 0.012607595188486679,
            "punknown": 0.0,
            "time": 35.153491258621216,
            "delp_calls": 878,
            "percY": 2322.32,
            "percN": 7441.98,
            "percU": 13406.12,
            "percUNK": 0.0,
            "l": 0.05047051815001517,
            "u": 0.9604773246672191
        },
        "~a_17": {
            "yes": 137,
            "no": 244,
            "undecided": 496,
            "unknown": 0,
            "pyes": 0.06404554854182365,
            "pno": 0.019089940144757768,
            "pundecided": 0.0026197154027057567,
            "punknown": 0.0,
            "time": 34.640275955200195,
            "delp_calls": 877,
            "percY": 3615.43,
            "percN": 6439.16,
            "percU": 13089.44,
            "percUNK": 0.0,
            "l": 0.06404554854182365,
            "u": 0.9809100598552423
        }
    },
    "data": {
        "n_samples": 2639,
        "time": 900.6970491409302,
        "repeated_programs": 0,
        "inconsistent_programs": 0,
        "worlds_consulted": 2361,
        "delp_calls": 2639
    }
}