{
    "status": {
        "d_27": {
            "yes": 4096,
            "no": 0,
            "undecided": 0,
            "unknown": 0,
            "pyes": 0.9999999999999989,
            "pno": 0.0,
            "pundecided": 0.0,
            "punknown": 0.0,
            "time": 164.36554598808289,
            "delp_calls": 3759,
            "percY": 1009326653.44,
            "percN": 0.0,
            "percU": 0.0,
            "percUNK": 0.0,
            "l": 0.9999999999999989,
            "u": 1.0,
            "flag": "INTEREST"
        },
        "~a_11": {
            "yes": 4096,
            "no": 0,
            "undecided": 0,
            "unknown": 0,
            "pyes": 1.0,
            "pno": 0.0,
            "pundecided": 0.0,
            "punknown": 0.0,
            "time": 164.79947924613953,
            "delp_calls": 3759,
            "percY": 1009326653.44,
            "percN": 0.0,
            "percU": 0.0,
            "percUNK": 0.0,
            "l": 1.0,
            "u": 1.0,
            "flag": "INTEREST"
        },
        "~a_15": {
            "yes": 0,
            "no": 4096,
            "undecided": 0,
            "unknown": 0,
            "pyes": 0.0,
            "pno": 1.0,
            "pundecided": 0.0,
            "punknown": 0.0,
            "time": 236.75523352622986,
            "delp_calls": 3759,
            "percY": 0.0,
            "percN": 1009326653.44,
            "percU": 0.0,
            "percUNK": 0.0,
            "l": 0.0,
            "u": 0.0,
            "flag": "INTEREST"
        }
    },
    "data": {
        "n_samples": 24641764,
        "time": 900.0000200271606,
        "repeated_worlds": 24629476,
        "repeated_progs": 24630487,
        "unique_progs": 11277,
        "delp_calls": 11277
    }
}