{
    "status": {
        "a_3": {
            "yes": 121838,
            "no": 0,
            "undecided": 0,
            "unknown": 0,
            "pyes": 0.007111766957064758,
            "pno": 0.0,
            "pundecided": 0.0,
            "punknown": 0.0,
            "time": 5524.5505340099335,
            "delp_calls": 120,
            "percY": 148978632.88,
            "percN": 0.0,
            "percU": 0.0,
            "percUNK": 0.0,
            "l": 0.007111766957064758,
            "u": 1.0
        }
    },
    "data": {
        "n_samples": 122276,
        "time": 60.0001335144043,
        "repeated_worlds": 438,
        "repeated_progs": 122156,
        "unique_progs": 120,
        "delp_calls": 120
    }
}