{
    "status": {
        "d_29": {
            "yes": 2048,
            "no": 0,
            "undecided": 2048,
            "unknown": 0,
            "pyes": 0.9615999999999992,
            "pno": 0.0,
            "pundecided": 0.0384,
            "punknown": 0.0,
            "time": 165.33821892738342,
            "delp_calls": 4096,
            "percY": 181710131.2,
            "percN": 0.0,
            "percU": 181710131.2,
            "percUNK": 0.0,
            "l": 0.9615999999999992,
            "u": 1.0,
            "flag": "INTEREST"
        }
    },
    "data": {
        "n_samples": 8872565,
        "time": 300.0000035762787,
        "repeated_worlds": 8868469,
        "repeated_progs": 8868469,
        "unique_progs": 4096,
        "delp_calls": 4096
    }
}