{
    "status": {
        "a_1": {
            "yes": 405,
            "no": 0,
            "undecided": 0,
            "unknown": 418,
            "pyes": 0.4849122239999999,
            "pno": 0.0,
            "pundecided": 0.0,
            "punknown": 0.27508777599999995,
            "time": 35.59606909751892,
            "delp_calls": 1271,
            "percY": 10035.9,
            "percN": 0.0,
            "percU": 0.0,
            "percUNK": 10358.04,
            "l": 0.4849122239999999,
            "u": 1.0
        },
        "~a_8": {
            "yes": 396,
            "no": 385,
            "undecided": 0,
            "unknown": 0,
            "pyes": 0.5244000000000001,
            "pno": 0.23559999999999998,
            "pundecided": 0.0,
            "punknown": 0.0,
            "time": 35.597747564315796,
            "delp_calls": 1207,
            "percY": 9812.88,
            "percN": 9540.3,
            "percU": 0.0,
            "percUNK": 0.0,
            "l": 0.5244000000000001,
            "u": 0.7644,
            "flag": "INTEREST"
        }
    },
    "data": {
        "n_samples": 2478,
        "time": 120.02343654632568,
        "repeated_programs": 0,
        "inconsistent_programs": 874,
        "worlds_consulted": 128,
        "delp_calls": 2478
    }
}