{
    "status": {
        "d_49": {
            "yes": 4096,
            "no": 0,
            "undecided": 0,
            "unknown": 0,
            "pyes": 0.9999999999999989,
            "pno": 0.0,
            "pundecided": 0.0,
            "punknown": 0.0,
            "time": 166.5581874847412,
            "delp_calls": 3530,
            "percY": 1155128238.08,
            "percN": 0.0,
            "percU": 0.0,
            "percUNK": 0.0,
            "l": 0.9999999999999989,
            "u": 1.0,
            "flag": "INTEREST"
        },
        "a_14": {
            "yes": 4096,
            "no": 0,
            "undecided": 0,
            "unknown": 0,
            "pyes": 0.9999999999999999,
            "pno": 0.0,
            "pundecided": 0.0,
            "punknown": 0.0,
            "time": 165.6848907470703,
            "delp_calls": 3530,
            "percY": 1155128238.08,
            "percN": 0.0,
            "percU": 0.0,
            "percUNK": 0.0,
            "l": 0.9999999999999999,
            "u": 1.0,
            "flag": "INTEREST"
        },
        "a_19": {
            "yes": 0,
            "no": 3072,
            "undecided": 1024,
            "unknown": 0,
            "pyes": 0.0,
            "pno": 0.9525200000000005,
            "pundecided": 0.04748000000000001,
            "punknown": 0.0,
            "time": 193.2339587211609,
            "delp_calls": 3530,
            "percY": 0.0,
            "percN": 866346178.56,
            "percU": 288782059.52,
            "percUNK": 0.0,
            "l": 0.0,
            "u": 0.04747999999999952,
            "flag": "INTEREST"
        }
    },
    "data": {
        "n_samples": 28201373,
        "time": 900.0000281333923,
        "repeated_worlds": 28189085,
        "repeated_progs": 28190783,
        "unique_progs": 10590,
        "delp_calls": 10590
    }
}