{
    "status": {
        "d_49": {
            "yes": 3548,
            "no": 0,
            "undecided": 0,
            "unknown": 0,
            "pyes": 0.2040773746375324,
            "pno": 0.0,
            "pundecided": 0.0,
            "punknown": 0.0,
            "time": 143.17122077941895,
            "delp_calls": 3548,
            "percY": 369098.44,
            "percN": 0.0,
            "percU": 0.0,
            "percUNK": 0.0,
            "l": 0.2040773746375324,
            "u": 1.0
        },
        "a_14": {
            "yes": 3583,
            "no": 0,
            "undecided": 0,
            "unknown": 0,
            "pyes": 0.7796489786179797,
            "pno": 0.0,
            "pundecided": 0.0,
            "punknown": 0.0,
            "time": 143.54458212852478,
            "delp_calls": 3583,
            "percY": 372739.49,
            "percN": 0.0,
            "percU": 0.0,
            "percUNK": 0.0,
            "l": 0.7796489786179797,
            "u": 1.0,
            "flag": "INTEREST"
        },
        "a_19": {
            "yes": 0,
            "no": 2447,
            "undecided": 825,
            "unknown": 0,
            "pyes": 0.0,
            "pno": 0.7557987950303736,
            "pundecided": 0.040906726113587456,
            "punknown": 0.0,
            "time": 155.23896980285645,
            "delp_calls": 3272,
            "percY": 0.0,
            "percN": 254561.41,
            "percU": 85824.75,
            "percUNK": 0.0,
            "l": 0.0,
            "u": 0.24420120496962638,
            "flag": "INTEREST"
        }
    },
    "data": {
        "n_samples": 10403,
        "time": 900.1850538253784,
        "repeated_programs": 0,
        "inconsistent_programs": 0,
        "worlds_consulted": 7682,
        "delp_calls": 10403
    }
}