{
    "status": {
        "d_10": {
            "yes": 2048,
            "no": 0,
            "undecided": 2048,
            "unknown": 0,
            "pyes": 0.8295975687199991,
            "pno": 0.0,
            "pundecided": 0.17040243128,
            "punknown": 0.0,
            "time": 254.1380615234375,
            "delp_calls": 256,
            "percY": 1195133091.84,
            "percN": 0.0,
            "percU": 1195133091.84,
            "percUNK": 0.0,
            "l": 0.8295975687199991,
            "u": 1.0,
            "flag": "INTEREST"
        },
        "a_6": {
            "yes": 2048,
            "no": 0,
            "undecided": 2048,
            "unknown": 0,
            "pyes": 0.8125008612000001,
            "pno": 0.0,
            "pundecided": 0.1874991388,
            "punknown": 0.0,
            "time": 178.2561492919922,
            "delp_calls": 256,
            "percY": 1195133091.84,
            "percN": 0.0,
            "percU": 1195133091.84,
            "percUNK": 0.0,
            "l": 0.8125008612000001,
            "u": 1.0,
            "flag": "INTEREST"
        },
        "~a_8": {
            "yes": 1408,
            "no": 640,
            "undecided": 2048,
            "unknown": 0,
            "pyes": 0.8788149070079997,
            "pno": 0.05118509299199997,
            "pundecided": 0.0700000000000001,
            "punknown": 0.0,
            "time": 176.50653839111328,
            "delp_calls": 256,
            "percY": 821654000.64,
            "percN": 373479091.2,
            "percU": 1195133091.84,
            "percUNK": 0.0,
            "l": 0.8788149070079997,
            "u": 0.9488149070080001,
            "flag": "INTEREST"
        }
    },
    "data": {
        "n_samples": 58356108,
        "time": 900.0000123977661,
        "repeated_worlds": 58343820,
        "repeated_progs": 58355340,
        "unique_progs": 768,
        "delp_calls": 768
    }
}