{
    "status": {
        "d_10": {
            "yes": 1795,
            "no": 0,
            "undecided": 1852,
            "unknown": 0,
            "pyes": 0.8230509315200001,
            "pno": 0.0,
            "pundecided": 0.12368106847999999,
            "punknown": 0.0,
            "time": 141.98015999794006,
            "delp_calls": 6854,
            "percY": 362033.55,
            "percN": 0.0,
            "percU": 373529.88,
            "percUNK": 0.0,
            "l": 0.8230509315200001,
            "u": 1.0,
            "flag": "INTEREST"
        },
        "a_6": {
            "yes": 1683,
            "no": 0,
            "undecided": 1921,
            "unknown": 0,
            "pyes": 0.8100238991999998,
            "pno": 0.0,
            "pundecided": 0.13670810080000007,
            "punknown": 0.0,
            "time": 141.6803777217865,
            "delp_calls": 6803,
            "percY": 339444.27,
            "percN": 0.0,
            "percU": 387446.49,
            "percUNK": 0.0,
            "l": 0.8100238991999998,
            "u": 1.0,
            "flag": "INTEREST"
        },
        "~a_8": {
            "yes": 1407,
            "no": 190,
            "undecided": 1865,
            "unknown": 0,
            "pyes": 0.875599219968,
            "pno": 0.0030647800320000003,
            "pundecided": 0.068068,
            "punknown": 0.0,
            "time": 142.42415523529053,
            "delp_calls": 6512,
            "percY": 283777.83,
            "percN": 38321.1,
            "percU": 376151.85,
            "percUNK": 0.0,
            "l": 0.875599219968,
            "u": 0.996935219968,
            "flag": "INTEREST"
        }
    },
    "data": {
        "n_samples": 20169,
        "time": 900.0632572174072,
        "repeated_programs": 0,
        "inconsistent_programs": 9456,
        "worlds_consulted": 384,
        "delp_calls": 20169
    }
}