{
    "status": {
        "d_73": {
            "yes": 2560,
            "no": 0,
            "undecided": 192,
            "unknown": 1344,
            "pyes": 0.9418076512000013,
            "pno": 0.0,
            "pundecided": 0.004917285941752856,
            "punknown": 0.053275062858247194,
            "time": 165.8447299003601,
            "delp_calls": 4096,
            "percY": 232375142.4,
            "percN": 0.0,
            "percU": 17428135.68,
            "percUNK": 121996949.76,
            "l": 0.9418076512000013,
            "u": 1.0,
            "flag": "INTEREST"
        }
    },
    "data": {
        "n_samples": 9077154,
        "time": 300.00000071525574,
        "repeated_worlds": 9073058,
        "repeated_progs": 9073058,
        "unique_progs": 4096,
        "delp_calls": 4096
    }
}