{
    "status": {
        "d_73": {
            "yes": 455,
            "no": 0,
            "undecided": 31,
            "unknown": 219,
            "pyes": 0.04535425720258674,
            "pno": 0.0,
            "pundecided": 0.004038291229548232,
            "punknown": 0.0024862778852349767,
            "time": 27.988773345947266,
            "delp_calls": 705,
            "percY": 3207.75,
            "percN": 0.0,
            "percU": 218.55,
            "percUNK": 1543.95,
            "l": 0.04535425720258674,
            "u": 1.0
        }
    },
    "data": {
        "n_samples": 705,
        "time": 300.33406615257263,
        "repeated_programs": 0,
        "inconsistent_programs": 0,
        "worlds_consulted": 638,
        "delp_calls": 705
    }
}