{
    "status": {
        "a_7": {
            "yes": 1108,
            "no": 863,
            "undecided": 1536,
            "unknown": 0,
            "pyes": 0.14766179930053025,
            "pno": 0.3075316850402447,
            "pundecided": 0.317879552577865,
            "punknown": 0.0,
            "time": 149.01689791679382,
            "delp_calls": 6161,
            "percY": 68263.88,
            "percN": 53169.43,
            "percU": 94632.96,
            "percUNK": 0.0,
            "l": 0.14766179930053025,
            "u": 0.6924683149597552
        }
    },
    "data": {
        "n_samples": 6161,
        "time": 300.0271186828613,
        "repeated_programs": 0,
        "inconsistent_programs": 2654,
        "worlds_consulted": 972,
        "delp_calls": 6161
    }
}