{
    "status": {
        "d_80": {
            "yes": 6856,
            "no": 0,
            "undecided": 0,
            "unknown": 0,
            "pyes": 0.005734035455253516,
            "pno": 0.0,
            "pundecided": 0.0,
            "punknown": 0.0,
            "time": 292.67472100257874,
            "delp_calls": 6624,
            "percY": 925902.8,
            "percN": 0.0,
            "percU": 0.0,
            "percUNK": 0.0,
            "l": 0.005734035455253516,
            "u": 1.0
        },
        "a_17": {
            "yes": 3804,
            "no": 59,
            "undecided": 2602,
            "unknown": 0,
            "pyes": 0.003165072326763738,
            "pno": 1.967318646158584e-09,
            "pundecided": 0.00011571248232600282,
            "punknown": 0.0,
            "time": 292.465003490448,
            "delp_calls": 6274,
            "percY": 513730.2,
            "percN": 7967.95,
            "percU": 351400.1,
            "percUNK": 0.0,
            "l": 0.003165072326763738,
            "u": 0.9999999980326814
        }
    },
    "data": {
        "n_samples": 13505,
        "time": 600.0213260650635,
        "repeated_worlds": 184,
        "repeated_progs": 607,
        "unique_progs": 12898,
        "delp_calls": 12898
    }
}