{
    "status": {
        "d_80": {
            "yes": 639,
            "no": 0,
            "undecided": 0,
            "unknown": 0,
            "pyes": 1.1820062730764135e-05,
            "pno": 0.0,
            "pundecided": 0.0,
            "punknown": 0.0,
            "time": 27.8538339138031,
            "delp_calls": 2721,
            "percY": 34263.18,
            "percN": 0.0,
            "percU": 0.0,
            "percUNK": 0.0,
            "l": 1.1820062730764135e-05,
            "u": 1.0
        },
        "a_17": {
            "yes": 386,
            "no": 8,
            "undecided": 259,
            "unknown": 0,
            "pyes": 0.0004805638800525974,
            "pno": 2.243152903664999e-09,
            "pundecided": 3.927714064899107e-05,
            "punknown": 0.0,
            "time": 30.179771423339844,
            "delp_calls": 2641,
            "percY": 20697.32,
            "percN": 428.96,
            "percU": 13887.58,
            "percUNK": 0.0,
            "l": 0.0004805638800525974,
            "u": 0.9999999977568471
        }
    },
    "data": {
        "n_samples": 5362,
        "time": 600.078253030777,
        "repeated_programs": 0,
        "inconsistent_programs": 4070,
        "worlds_consulted": 1823,
        "delp_calls": 5362
    }
}