{
    "status": {
        "a_5": {
            "yes": 131072,
            "no": 0,
            "undecided": 131072,
            "unknown": 0,
            "pyes": 0.8493491135999792,
            "pno": 0.0,
            "pundecided": 0.15065088639999938,
            "punknown": 0.0,
            "time": 10428.528015136719,
            "delp_calls": 1024,
            "percY": 14875726970.88,
            "percN": 0.0,
            "percU": 14875726970.88,
            "percUNK": 0.0,
            "l": 0.8493491135999792,
            "u": 1.0,
            "flag": "INTEREST"
        }
    },
    "data": {
        "n_samples": 11349279,
        "time": 300.00001096725464,
        "repeated_worlds": 11087135,
        "repeated_progs": 11348255,
        "unique_progs": 1024,
        "delp_calls": 1024
    }
}