{
    "status": {
        "~d_15": {
            "yes": 1265,
            "no": 0,
            "undecided": 1180,
            "unknown": 0,
            "pyes": 0.0035561087999999986,
            "pno": 0.0,
            "pundecided": 0.08534661119999996,
            "punknown": 0.0,
            "time": 143.1693274974823,
            "delp_calls": 4700,
            "percY": 59455.0,
            "percN": 0.0,
            "percU": 55460.0,
            "percUNK": 0.0,
            "l": 0.0035561087999999986,
            "u": 1.0
        }
    },
    "data": {
        "n_samples": 4700,
        "time": 300.0326933860779,
        "repeated_programs": 0,
        "inconsistent_programs": 2255,
        "worlds_consulted": 64,
        "delp_calls": 4700
    }
}