{
    "status": {
        "~a_3": {
            "yes": 196608,
            "no": 0,
            "undecided": 0,
            "unknown": 65536,
            "pyes": 0.9479686922465823,
            "pno": 0.0,
            "pundecided": 0.0,
            "punknown": 0.052031307753331146,
            "time": 15169.953842163086,
            "delp_calls": 192,
            "percY": 40899581706.24,
            "percN": 0.0,
            "percU": 0.0,
            "percUNK": 13633193902.08,
            "l": 0.9479686922465823,
            "u": 1.0,
            "flag": "INTEREST"
        },
        "~a_9": {
            "yes": 0,
            "no": 221184,
            "undecided": 40960,
            "unknown": 0,
            "pyes": 0.0,
            "pno": 0.9752395183096075,
            "pundecided": 0.024760481690325256,
            "punknown": 0.0,
            "time": 17436.39175415039,
            "delp_calls": 192,
            "percY": 0.0,
            "percN": 46012029419.52,
            "percU": 8520746188.8,
            "percUNK": 0.0,
            "l": 0.0,
            "u": 0.024760481690392466,
            "flag": "INTEREST"
        }
    },
    "data": {
        "n_samples": 20802603,
        "time": 600.0000200271606,
        "repeated_worlds": 20278315,
        "repeated_progs": 20802219,
        "unique_progs": 384,
        "delp_calls": 384
    }
}