{
    "status": {
        "~a_3": {
            "yes": 2560,
            "no": 0,
            "undecided": 0,
            "unknown": 1536,
            "pyes": 0.9608409327408447,
            "pno": 0.0,
            "pundecided": 0.0,
            "punknown": 0.03915906725915517,
            "time": 163.22108817100525,
            "delp_calls": 1392,
            "percY": 471241241.6,
            "percN": 0.0,
            "percU": 0.0,
            "percUNK": 282744744.96,
            "l": 0.9608409327408447,
            "u": 1.0,
            "flag": "INTEREST"
        }
    },
    "data": {
        "n_samples": 18407861,
        "time": 300.00000047683716,
        "repeated_worlds": 18403765,
        "repeated_progs": 18406469,
        "unique_progs": 1392,
        "delp_calls": 1392
    }
}