{
    "status": {
        "~a_3": {
            "yes": 2861,
            "no": 0,
            "undecided": 0,
            "unknown": 1700,
            "pyes": 0.9323709968650337,
            "pno": 0.0,
            "pundecided": 0.0,
            "punknown": 0.03915664374723833,
            "time": 182.37436723709106,
            "delp_calls": 4561,
            "percY": 130490.21,
            "percN": 0.0,
            "percU": 0.0,
            "percUNK": 77537.0,
            "l": 0.9323709968650337,
            "u": 1.0,
            "flag": "INTEREST"
        }
    },
    "data": {
        "n_samples": 4561,
        "time": 300.0371434688568,
        "repeated_programs": 0,
        "inconsistent_programs": 0,
        "worlds_consulted": 3963,
        "delp_calls": 4561
    }
}