{
    "status": {
        "a_3": {
            "yes": 31456,
            "no": 0,
            "undecided": 4054,
            "unknown": 444,
            "pyes": 0.10063075747228772,
            "pno": 0.0,
            "pundecided": 1.3839997911359207e-05,
            "punknown": 1.8165899296491492e-07,
            "time": 1512.4813346862793,
            "delp_calls": 6371,
            "percY": 24091206.72,
            "percN": 0.0,
            "percU": 3104836.98,
            "percUNK": 340046.28,
            "l": 0.10063075747228772,
            "u": 1.0
        },
        "a_7": {
            "yes": 9124,
            "no": 16468,
            "undecided": 9274,
            "unknown": 455,
            "pyes": 0.0002261000786047128,
            "pno": 0.05915240876779702,
            "pundecided": 0.00215134275754103,
            "punknown": 1.3293399375781663e-10,
            "time": 1499.6856858730316,
            "delp_calls": 6338,
            "percY": 6987797.88,
            "percN": 12612347.16,
            "percU": 7102678.38,
            "percUNK": 348470.85,
            "l": 0.0002261000786047128,
            "u": 0.940847591232203
        }
    },
    "data": {
        "n_samples": 76587,
        "time": 600.0264329910278,
        "repeated_worlds": 5312,
        "repeated_progs": 63878,
        "unique_progs": 12709,
        "delp_calls": 12709
    }
}