{
    "status": {
        "d_17": {
            "yes": 5237,
            "no": 0,
            "undecided": 0,
            "unknown": 0,
            "pyes": 0.7958353629018882,
            "pno": 0.0,
            "pundecided": 0.0,
            "punknown": 0.0,
            "time": 228.9296751022339,
            "delp_calls": 5237,
            "percY": 825927.27,
            "percN": 0.0,
            "percU": 0.0,
            "percUNK": 0.0,
            "l": 0.7958353629018882,
            "u": 1.0,
            "flag": "INTEREST"
        },
        "~a_5": {
            "yes": 4319,
            "no": 0,
            "undecided": 1070,
            "unknown": 0,
            "pyes": 0.7771379257445221,
            "pno": 0.0,
            "pundecided": 0.018697437157366457,
            "punknown": 0.0,
            "time": 230.19307112693787,
            "delp_calls": 5389,
            "percY": 681149.49,
            "percN": 0.0,
            "percU": 168749.7,
            "percUNK": 0.0,
            "l": 0.7771379257445221,
            "u": 1.0,
            "flag": "INTEREST"
        },
        "a_7": {
            "yes": 2839,
            "no": 936,
            "undecided": 1370,
            "unknown": 0,
            "pyes": 0.19295485838230111,
            "pno": 0.5512477572105424,
            "pundecided": 0.05163274730904454,
            "punknown": 0.0,
            "time": 227.5228750705719,
            "delp_calls": 5145,
            "percY": 447738.69,
            "percN": 147616.56,
            "percU": 216062.7,
            "percUNK": 0.0,
            "l": 0.19295485838230111,
            "u": 0.4487522427894576,
            "flag": "INTEREST"
        }
    },
    "data": {
        "n_samples": 15771,
        "time": 900.0792827606201,
        "repeated_programs": 0,
        "inconsistent_programs": 0,
        "worlds_consulted": 9216,
        "delp_calls": 15771
    }
}