{
    "status": {
        "d_17": {
            "yes": 693913,
            "no": 0,
            "undecided": 0,
            "unknown": 0,
            "pyes": 0.04237274035403215,
            "pno": 0.0,
            "pundecided": 0.0,
            "punknown": 0.0,
            "time": 27392.12408876419,
            "delp_calls": 160,
            "percY": 14625069987.99,
            "percN": 0.0,
            "percU": 0.0,
            "percUNK": 0.0,
            "l": 0.04237274035403215,
            "u": 1.0
        },
        "~a_5": {
            "yes": 513020,
            "no": 0,
            "undecided": 171274,
            "unknown": 0,
            "pyes": 0.03848616892814651,
            "pno": 0.0,
            "pundecided": 0.002665612649769744,
            "punknown": 0.0,
            "time": 36606.3307557106,
            "delp_calls": 160,
            "percY": 10812527514.6,
            "percN": 0.0,
            "percU": 3609810217.02,
            "percUNK": 0.0,
            "l": 0.03848616892814651,
            "u": 1.0
        },
        "a_7": {
            "yes": 209316,
            "no": 235239,
            "undecided": 241598,
            "unknown": 0,
            "pyes": 0.01032745104990622,
            "pno": 0.026012426032624148,
            "pundecided": 0.004028993645377807,
            "punknown": 0.0,
            "time": 43027.71532082558,
            "delp_calls": 160,
            "percY": 4411592158.68,
            "percN": 4957951268.97,
            "percU": 5091975015.54,
            "percUNK": 0.0,
            "l": 0.01032745104990622,
            "u": 0.9739875739673759
        }
    },
    "data": {
        "n_samples": 2107623,
        "time": 900.0007100105286,
        "repeated_worlds": 43263,
        "repeated_progs": 2107143,
        "unique_progs": 480,
        "delp_calls": 480
    }
}