{
    "status": {
        "d_55": {
            "yes": 3072,
            "no": 0,
            "undecided": 1024,
            "unknown": 0,
            "pyes": 0.9604000000000049,
            "pno": 0.0,
            "pundecided": 0.03959999999999997,
            "punknown": 0.0,
            "time": 167.05163192749023,
            "delp_calls": 3920,
            "percY": 279916093.44,
            "percN": 0.0,
            "percU": 93305364.48,
            "percUNK": 0.0,
            "l": 0.9604000000000049,
            "u": 1.0,
            "flag": "INTEREST"
        }
    },
    "data": {
        "n_samples": 9111852,
        "time": 300.0000021457672,
        "repeated_worlds": 9107756,
        "repeated_progs": 9107932,
        "unique_progs": 3920,
        "delp_calls": 3920
    }
}