{
    "status": {
        "~a_1": {
            "yes": 1792,
            "no": 0,
            "undecided": 0,
            "unknown": 1187,
            "pyes": 0.05762883080359704,
            "pno": 0.0,
            "pundecided": 0.0,
            "punknown": 0.002965145992075169,
            "time": 121.37862825393677,
            "delp_calls": 2979,
            "percY": 107054.08,
            "percN": 0.0,
            "percU": 0.0,
            "percUNK": 70911.38,
            "l": 0.05762883080359704,
            "u": 1.0
        },
        "~a_9": {
            "yes": 759,
            "no": 471,
            "undecided": 1579,
            "unknown": 186,
            "pyes": 0.014740646774005847,
            "pno": 0.009038935050589541,
            "pundecided": 0.0013844604485856225,
            "punknown": 4.330443922471429e-05,
            "time": 123.60599184036255,
            "delp_calls": 2995,
            "percY": 45342.66,
            "percN": 28137.54,
            "percU": 94329.46,
            "percUNK": 11111.64,
            "l": 0.014740646774005847,
            "u": 0.9909610649494105
        }
    },
    "data": {
        "n_samples": 5974,
        "time": 600.0944087505341,
        "repeated_programs": 0,
        "inconsistent_programs": 0,
        "worlds_consulted": 41408,
        "delp_calls": 5974
    }
}