{
    "status": {
        "~a_1": {
            "yes": 5491,
            "no": 0,
            "undecided": 0,
            "unknown": 3342,
            "pyes": 0.010715182194618724,
            "pno": 0.0,
            "pundecided": 0.0,
            "punknown": 0.014805121743323022,
            "time": 358.7912938594818,
            "delp_calls": 6999,
            "percY": 983328.28,
            "percN": 0.0,
            "percU": 0.0,
            "percUNK": 598485.36,
            "l": 0.010715182194618724,
            "u": 1.0
        },
        "~a_9": {
            "yes": 2868,
            "no": 1828,
            "undecided": 3600,
            "unknown": 479,
            "pyes": 0.0007473674332879266,
            "pno": 0.007221503191695892,
            "pundecided": 0.0023468663456374136,
            "punknown": 3.413045320387647e-05,
            "time": 361.81255769729614,
            "delp_calls": 6901,
            "percY": 513601.44,
            "percN": 327358.24,
            "percU": 644688.0,
            "percUNK": 85779.32,
            "l": 0.0007473674332879266,
            "u": 0.9927784968083041
        }
    },
    "data": {
        "n_samples": 17908,
        "time": 600.0405533313751,
        "repeated_worlds": 300,
        "repeated_progs": 4008,
        "unique_progs": 13900,
        "delp_calls": 13900
    }
}