{
    "status": {
        "d_14": {
            "yes": 637809,
            "no": 0,
            "undecided": 0,
            "unknown": 0,
            "pyes": 0.03733532816021061,
            "pno": 0.0,
            "pundecided": 0.0,
            "punknown": 0.0,
            "time": 29420.876195430756,
            "delp_calls": 168,
            "percY": 12368475043.17,
            "percN": 0.0,
            "percU": 0.0,
            "percUNK": 0.0,
            "l": 0.03733532816021061,
            "u": 1.0
        },
        "a_5": {
            "yes": 643041,
            "no": 0,
            "undecided": 0,
            "unknown": 0,
            "pyes": 0.036896021750379406,
            "pno": 0.0,
            "pundecided": 0.0,
            "punknown": 0.0,
            "time": 35410.66429018974,
            "delp_calls": 168,
            "percY": 12469934667.33,
            "percN": 0.0,
            "percU": 0.0,
            "percUNK": 0.0,
            "l": 0.036896021750379406,
            "u": 1.0
        },
        "~a_8": {
            "yes": 0,
            "no": 621759,
            "undecided": 0,
            "unknown": 0,
            "pyes": 0.0,
            "pno": 0.039413888203476924,
            "pundecided": 0.0,
            "punknown": 0.0,
            "time": 41882.9214258194,
            "delp_calls": 168,
            "percY": 0.0,
            "percN": 12057231356.67,
            "percU": 0.0,
            "percUNK": 0.0,
            "l": 0.0,
            "u": 0.9605861117965231
        }
    },
    "data": {
        "n_samples": 1939213,
        "time": 900.0006356239319,
        "repeated_worlds": 36604,
        "repeated_progs": 1938709,
        "unique_progs": 504,
        "delp_calls": 504
    }
}