{
    "status": {
        "~d_23": {
            "yes": 3438,
            "no": 0,
            "undecided": 320,
            "unknown": 925,
            "pyes": 0.9413804416624558,
            "pno": 0.0,
            "pundecided": 0.003031253120345873,
            "punknown": 0.045764254195112514,
            "time": 187.50592017173767,
            "delp_calls": 4683,
            "percY": 314508.24,
            "percN": 0.0,
            "percU": 29273.6,
            "percUNK": 84619.0,
            "l": 0.9413804416624558,
            "u": 1.0,
            "flag": "INTEREST"
        },
        "a_14": {
            "yes": 4465,
            "no": 0,
            "undecided": 0,
            "unknown": 0,
            "pyes": 0.9408430331774196,
            "pno": 0.0,
            "pundecided": 0.0,
            "punknown": 0.0,
            "time": 192.85751008987427,
            "delp_calls": 4465,
            "percY": 408458.2,
            "percN": 0.0,
            "percU": 0.0,
            "percUNK": 0.0,
            "l": 0.9408430331774196,
            "u": 1.0,
            "flag": "INTEREST"
        }
    },
    "data": {
        "n_samples": 9148,
        "time": 600.0739140510559,
        "repeated_programs": 0,
        "inconsistent_programs": 0,
        "worlds_consulted": 7049,
        "delp_calls": 9148
    }
}