{
    "status": {
        "~d_23": {
            "yes": 3072,
            "no": 0,
            "undecided": 256,
            "unknown": 768,
            "pyes": 0.9489039225545004,
            "pno": 0.0,
            "pundecided": 0.0033854364750248002,
            "punknown": 0.04771064097047517,
            "time": 164.7571563720703,
            "delp_calls": 2304,
            "percY": 815084820.48,
            "percN": 0.0,
            "percU": 67923735.04,
            "percUNK": 203771205.12,
            "l": 0.9489039225545004,
            "u": 1.0,
            "flag": "INTEREST"
        },
        "a_14": {
            "yes": 4096,
            "no": 0,
            "undecided": 0,
            "unknown": 0,
            "pyes": 1.0000000000000007,
            "pno": 0.0,
            "pundecided": 0.0,
            "punknown": 0.0,
            "time": 175.78578925132751,
            "delp_calls": 2304,
            "percY": 1086779760.64,
            "percN": 0.0,
            "percU": 0.0,
            "percUNK": 0.0,
            "l": 1.0000000000000007,
            "u": 1.0,
            "flag": "INTEREST"
        }
    },
    "data": {
        "n_samples": 26532709,
        "time": 600.000013589859,
        "repeated_worlds": 26524517,
        "repeated_progs": 26528101,
        "unique_progs": 4608,
        "delp_calls": 4608
    }
}