{
    "status": {
        "a_4": {
            "yes": 49365,
            "no": 0,
            "undecided": 0,
            "unknown": 29470,
            "pyes": 0.5807122547092037,
            "pno": 0.0,
            "pundecided": 0.0,
            "punknown": 0.0026632894675410624,
            "time": 3309.1958808898926,
            "delp_calls": 5931,
            "percY": 87848473.05,
            "percN": 0.0,
            "percU": 0.0,
            "percUNK": 52443927.9,
            "l": 0.5807122547092037,
            "u": 1.0,
            "flag": "INTEREST"
        },
        "~a_8": {
            "yes": 5782,
            "no": 30428,
            "undecided": 33393,
            "unknown": 2295,
            "pyes": 0.075714628393859,
            "pno": 0.017729655118344817,
            "pundecided": 0.024014138619212914,
            "punknown": 0.00017498243778071087,
            "time": 3068.472769021988,
            "delp_calls": 5929,
            "percY": 10289473.74,
            "percN": 54148755.96,
            "percU": 59425181.01,
            "percUNK": 4084113.15,
            "l": 0.075714628393859,
            "u": 0.9822703448816552
        }
    },
    "data": {
        "n_samples": 177957,
        "time": 600.0286638736725,
        "repeated_worlds": 27224,
        "repeated_progs": 166097,
        "unique_progs": 11860,
        "delp_calls": 11860
    }
}