{
    "status": {
        "d_36": {
            "yes": 827,
            "no": 0,
            "undecided": 2659,
            "unknown": 0,
            "pyes": 0.8218357491042992,
            "pno": 0.0,
            "pundecided": 0.06599917700456291,
            "punknown": 0.0,
            "time": 140.47303342819214,
            "delp_calls": 3486,
            "percY": 85131.38,
            "percN": 0.0,
            "percU": 273717.46,
            "percUNK": 0.0,
            "l": 0.8218357491042992,
            "u": 1.0,
            "flag": "INTEREST"
        },
        "a_12": {
            "yes": 3493,
            "no": 0,
            "undecided": 0,
            "unknown": 0,
            "pyes": 0.3437246397005605,
            "pno": 0.0,
            "pundecided": 0.0,
            "punknown": 0.0,
            "time": 140.33659505844116,
            "delp_calls": 3493,
            "percY": 359569.42,
            "percN": 0.0,
            "percU": 0.0,
            "percUNK": 0.0,
            "l": 0.3437246397005605,
            "u": 1.0
        },
        "~a_19": {
            "yes": 1607,
            "no": 773,
            "undecided": 935,
            "unknown": 0,
            "pyes": 0.18001940170046493,
            "pno": 0.035333980322296885,
            "pundecided": 0.04123309466274882,
            "punknown": 0.0,
            "time": 146.91699743270874,
            "delp_calls": 3315,
            "percY": 165424.58,
            "percN": 79572.62,
            "percU": 96248.9,
            "percUNK": 0.0,
            "l": 0.18001940170046493,
            "u": 0.9646660196777032
        }
    },
    "data": {
        "n_samples": 10294,
        "time": 900.1920237541199,
        "repeated_programs": 0,
        "inconsistent_programs": 0,
        "worlds_consulted": 7498,
        "delp_calls": 10294
    }
}