{
    "status": {
        "d_9": {
            "yes": 4096,
            "no": 0,
            "undecided": 0,
            "unknown": 0,
            "pyes": 1.0000000000000009,
            "pno": 0.0,
            "pundecided": 0.0,
            "punknown": 0.0,
            "time": 213.54159688949585,
            "delp_calls": 531,
            "percY": 2156998696.96,
            "percN": 0.0,
            "percU": 0.0,
            "percUNK": 0.0,
            "l": 1.0000000000000009,
            "u": 1.0,
            "flag": "INTEREST"
        },
        "~a_5": {
            "yes": 3072,
            "no": 0,
            "undecided": 1024,
            "unknown": 0,
            "pyes": 0.7776913587999995,
            "pno": 0.0,
            "pundecided": 0.22230864119999982,
            "punknown": 0.0,
            "time": 212.81901454925537,
            "delp_calls": 531,
            "percY": 1617749022.72,
            "percN": 0.0,
            "percU": 539249674.24,
            "percUNK": 0.0,
            "l": 0.7776913587999995,
            "u": 1.0,
            "flag": "INTEREST"
        },
        "~a_7": {
            "yes": 288,
            "no": 3712,
            "undecided": 96,
            "unknown": 0,
            "pyes": 0.011912520711645136,
            "pno": 0.9863410795759838,
            "pundecided": 0.0017463997123718389,
            "punknown": 0.0,
            "time": 168.20544266700745,
            "delp_calls": 531,
            "percY": 151663970.88,
            "percN": 1954780069.12,
            "percU": 50554656.96,
            "percUNK": 0.0,
            "l": 0.011912520711645136,
            "u": 0.013658920424016174,
            "flag": "INTEREST"
        }
    },
    "data": {
        "n_samples": 52661101,
        "time": 900.0000331401825,
        "repeated_worlds": 52648813,
        "repeated_progs": 52659508,
        "unique_progs": 1593,
        "delp_calls": 1593
    }
}