{
    "status": {
        "~d_34": {
            "yes": 1319,
            "no": 0,
            "undecided": 1280,
            "unknown": 0,
            "pyes": 0.07072357160023725,
            "pno": 0.0,
            "pundecided": 0.0009465750855988796,
            "punknown": 0.0,
            "time": 103.43578910827637,
            "delp_calls": 5179,
            "percY": 132519.93,
            "percN": 0.0,
            "percU": 128601.6,
            "percUNK": 0.0,
            "l": 0.07072357160023725,
            "u": 1.0
        },
        "~a_16": {
            "yes": 1079,
            "no": 80,
            "undecided": 1266,
            "unknown": 0,
            "pyes": 0.08135770411002237,
            "pno": 7.746345088245792e-05,
            "pundecided": 0.0012452035150746785,
            "punknown": 0.0,
            "time": 104.47971630096436,
            "delp_calls": 4868,
            "percY": 108407.13,
            "percN": 8037.6,
            "percU": 127195.02,
            "percUNK": 0.0,
            "l": 0.08135770411002237,
            "u": 0.9999225365491176
        }
    },
    "data": {
        "n_samples": 10047,
        "time": 600.0605111122131,
        "repeated_programs": 0,
        "inconsistent_programs": 5023,
        "worlds_consulted": 2881,
        "delp_calls": 10047
    }
}