{
    "status": {
        "a_5": {
            "yes": 1329,
            "no": 0,
            "undecided": 1261,
            "unknown": 0,
            "pyes": 0.8832,
            "pno": 0.0,
            "pundecided": 0.07679999999999998,
            "punknown": 0.0,
            "time": 140.2077353000641,
            "delp_calls": 4895,
            "percY": 128633.91,
            "percN": 0.0,
            "percU": 122052.19,
            "percUNK": 0.0,
            "l": 0.8832,
            "u": 1.0,
            "flag": "INTEREST"
        },
        "a_8": {
            "yes": 991,
            "no": 280,
            "undecided": 1194,
            "unknown": 0,
            "pyes": 0.89717472,
            "pno": 0.05812128000000001,
            "pundecided": 0.004704000000000001,
            "punknown": 0.0,
            "time": 136.2955882549286,
            "delp_calls": 4784,
            "percY": 95918.89,
            "percN": 27101.2,
            "percU": 115567.26,
            "percUNK": 0.0,
            "l": 0.89717472,
            "u": 0.94187872,
            "flag": "INTEREST"
        }
    },
    "data": {
        "n_samples": 9679,
        "time": 600.0486650466919,
        "repeated_programs": 0,
        "inconsistent_programs": 4624,
        "worlds_consulted": 512,
        "delp_calls": 9679
    }
}