{
    "status": {
        "a_2": {
            "yes": 1466,
            "no": 0,
            "undecided": 0,
            "unknown": 0,
            "pyes": 7.320407203089684e-05,
            "pno": 0.0,
            "pundecided": 0.0,
            "punknown": 0.0,
            "time": 62.145702600479126,
            "delp_calls": 1349,
            "percY": 61718.6,
            "percN": 0.0,
            "percU": 0.0,
            "percUNK": 0.0,
            "l": 7.320407203089684e-05,
            "u": 1.0
        },
        "~a_7": {
            "yes": 531,
            "no": 133,
            "undecided": 696,
            "unknown": 0,
            "pyes": 2.2957447876816852e-05,
            "pno": 4.329314511977535e-06,
            "pundecided": 3.1833447714131514e-05,
            "punknown": 0.0,
            "time": 61.14580011367798,
            "delp_calls": 1271,
            "percY": 22355.1,
            "percN": 5599.3,
            "percU": 29301.6,
            "percUNK": 0.0,
            "l": 2.2957447876816852e-05,
            "u": 0.999995670685488
        },
        "a_8": {
            "yes": 286,
            "no": 401,
            "undecided": 696,
            "unknown": 0,
            "pyes": 1.3570872334518938e-05,
            "pno": 1.477058274076625e-05,
            "pundecided": 3.617072674174835e-05,
            "punknown": 0.0,
            "time": 62.196019649505615,
            "delp_calls": 1271,
            "percY": 12040.6,
            "percN": 16882.1,
            "percU": 29301.6,
            "percUNK": 0.0,
            "l": 1.3570872334518938e-05,
            "u": 0.9999852294172592
        }
    },
    "data": {
        "n_samples": 4210,
        "time": 180.0831162929535,
        "repeated_worlds": 1,
        "repeated_progs": 319,
        "unique_progs": 3891,
        "delp_calls": 3891
    }
}