{
    "status": {
        "~d_14": {
            "yes": 453519,
            "no": 0,
            "undecided": 151042,
            "unknown": 0,
            "pyes": 0.02185508877024905,
            "pno": 0.0,
            "pundecided": 0.015231194629257932,
            "punknown": 0.0,
            "time": 25414.44888830185,
            "delp_calls": 504,
            "percY": 2792797213.14,
            "percN": 0.0,
            "percU": 930125698.52,
            "percUNK": 0.0,
            "l": 0.02185508877024905,
            "u": 1.0
        }
    },
    "data": {
        "n_samples": 615806,
        "time": 300.0003011226654,
        "repeated_worlds": 11245,
        "repeated_progs": 615302,
        "unique_progs": 504,
        "delp_calls": 504
    }
}