{
    "status": {
        "~d_16": {
            "yes": 9122,
            "no": 0,
            "undecided": 682,
            "unknown": 4771,
            "pyes": 0.014718909388282924,
            "pno": 0.0,
            "pundecided": 7.54978067773187e-06,
            "punknown": 0.008612207389134072,
            "time": 598.9217321872711,
            "delp_calls": 6819,
            "percY": 1366110.72,
            "percN": 0.0,
            "percU": 102136.32,
            "percUNK": 714504.96,
            "l": 0.014718909388282924,
            "u": 1.0
        }
    },
    "data": {
        "n_samples": 14976,
        "time": 300.0090973377228,
        "repeated_worlds": 401,
        "repeated_progs": 8157,
        "unique_progs": 6819,
        "delp_calls": 6819
    }
}