{
    "status": {
        "~a_5": {
            "yes": 1194,
            "no": 0,
            "undecided": 23,
            "unknown": 591,
            "pyes": 0.03556487904030622,
            "pno": 0.0,
            "pundecided": 2.2484513471287833e-06,
            "punknown": 0.0006086419430683353,
            "time": 111.7009539604187,
            "delp_calls": 3558,
            "percY": 84845.64,
            "percN": 0.0,
            "percU": 1634.38,
            "percUNK": 41996.46,
            "l": 0.03556487904030622,
            "u": 1.0
        },
        "~a_7": {
            "yes": 1398,
            "no": 295,
            "undecided": 112,
            "unknown": 0,
            "pyes": 0.038488547455848524,
            "pno": 0.002084328044038797,
            "pundecided": 2.6436383374536055e-05,
            "punknown": 0.0,
            "time": 111.25334930419922,
            "delp_calls": 3548,
            "percY": 99341.88,
            "percN": 20962.7,
            "percU": 7958.72,
            "percUNK": 0.0,
            "l": 0.038488547455848524,
            "u": 0.9979156719559612
        }
    },
    "data": {
        "n_samples": 7106,
        "time": 600.1366229057312,
        "repeated_programs": 0,
        "inconsistent_programs": 3493,
        "worlds_consulted": 22884,
        "delp_calls": 7106
    }
}