{
    "status": {
        "a_0": {
            "yes": 303251,
            "no": 0,
            "undecided": 0,
            "unknown": 302579,
            "pyes": 0.020712083896611173,
            "pno": 0.0,
            "pundecided": 0.0,
            "punknown": 0.015345270634170535,
            "time": 24506.244584560394,
            "delp_calls": 1024,
            "percY": 1871713692.16,
            "percN": 0.0,
            "percU": 0.0,
            "percUNK": 1867566000.64,
            "l": 0.020712083896611173,
            "u": 1.0
        }
    },
    "data": {
        "n_samples": 617216,
        "time": 300.00009274482727,
        "repeated_worlds": 11386,
        "repeated_progs": 616192,
        "unique_progs": 1024,
        "delp_calls": 1024
    }
}