{
    "status": {
        "a_0": {
            "yes": 1670,
            "no": 0,
            "undecided": 0,
            "unknown": 1640,
            "pyes": 0.16507815721240807,
            "pno": 0.0,
            "pundecided": 0.0,
            "punknown": 0.1276177762058318,
            "time": 135.72780013084412,
            "delp_calls": 6444,
            "percY": 107614.8,
            "percN": 0.0,
            "percU": 0.0,
            "percUNK": 105681.6,
            "l": 0.16507815721240807,
            "u": 1.0
        }
    },
    "data": {
        "n_samples": 6444,
        "time": 300.0366220474243,
        "repeated_programs": 0,
        "inconsistent_programs": 3134,
        "worlds_consulted": 512,
        "delp_calls": 6444
    }
}