{
    "status": {
        "a_4": {
            "yes": 6884,
            "no": 0,
            "undecided": 0,
            "unknown": 0,
            "pyes": 1.0,
            "pno": 0.0,
            "pundecided": 0.0,
            "punknown": 0.0,
            "time": 262.975652217865,
            "delp_calls": 6884,
            "percY": 1437723.4,
            "percN": 0.0,
            "percU": 0.0,
            "percUNK": 0.0,
            "l": 1.0,
            "u": 1.0,
            "flag": "INTEREST"
        },
        "a_6": {
            "yes": 2728,
            "no": 0,
            "undecided": 4425,
            "unknown": 0,
            "pyes": 0.86431095,
            "pno": 0.0,
            "pundecided": 0.13568905000000003,
            "punknown": 0.0,
            "time": 263.22567343711853,
            "delp_calls": 7153,
            "percY": 569742.8,
            "percN": 0.0,
            "percU": 924161.25,
            "percUNK": 0.0,
            "l": 0.86431095,
            "u": 1.0,
            "flag": "INTEREST"
        },
        "a_8": {
            "yes": 578,
            "no": 2051,
            "undecided": 4219,
            "unknown": 0,
            "pyes": 0.054008475117696006,
            "pno": 0.810302474882304,
            "pundecided": 0.13568905,
            "punknown": 0.0,
            "time": 263.4803605079651,
            "delp_calls": 6848,
            "percY": 120715.3,
            "percN": 428351.35,
            "percU": 881138.15,
            "percUNK": 0.0,
            "l": 0.054008475117696006,
            "u": 0.189697525117696,
            "flag": "INTEREST"
        }
    },
    "data": {
        "n_samples": 20885,
        "time": 900.0903115272522,
        "repeated_programs": 0,
        "inconsistent_programs": 0,
        "worlds_consulted": 1536,
        "delp_calls": 20885
    }
}