{
    "status": {
        "a_4": {
            "yes": 4096,
            "no": 0,
            "undecided": 0,
            "unknown": 0,
            "pyes": 0.999999999999996,
            "pno": 0.0,
            "pundecided": 0.0,
            "punknown": 0.0,
            "time": 158.16949081420898,
            "delp_calls": 70,
            "percY": 2705091256.32,
            "percN": 0.0,
            "percU": 0.0,
            "percUNK": 0.0,
            "l": 0.999999999999996,
            "u": 1.0,
            "flag": "INTEREST"
        },
        "a_6": {
            "yes": 1024,
            "no": 0,
            "undecided": 3072,
            "unknown": 0,
            "pyes": 0.8643109499999991,
            "pno": 0.0,
            "pundecided": 0.13568904999999987,
            "punknown": 0.0,
            "time": 156.47389602661133,
            "delp_calls": 70,
            "percY": 676272814.08,
            "percN": 0.0,
            "percU": 2028818442.24,
            "percUNK": 0.0,
            "l": 0.8643109499999991,
            "u": 1.0,
            "flag": "INTEREST"
        },
        "a_8": {
            "yes": 128,
            "no": 896,
            "undecided": 3072,
            "unknown": 0,
            "pyes": 0.054008475117696,
            "pno": 0.8103024748823037,
            "pundecided": 0.13568905000000006,
            "punknown": 0.0,
            "time": 158.73461532592773,
            "delp_calls": 70,
            "percY": 84534101.76,
            "percN": 591738712.32,
            "percU": 2028818442.24,
            "percUNK": 0.0,
            "l": 0.054008475117696,
            "u": 0.18969752511769633,
            "flag": "INTEREST"
        }
    },
    "data": {
        "n_samples": 66042267,
        "time": 900.0000259876251,
        "repeated_worlds": 66029979,
        "repeated_progs": 66042057,
        "unique_progs": 210,
        "delp_calls": 210
    }
}