{
    "status": {
        "a_4": {
            "yes": 3584,
            "no": 0,
            "undecided": 512,
            "unknown": 0,
            "pyes": 0.9993927595100923,
            "pno": 0.0,
            "pundecided": 0.0006072404899072004,
            "punknown": 0.0,
            "time": 164.94379115104675,
            "delp_calls": 3007,
            "percY": 466605117.44,
            "percN": 0.0,
            "percU": 66657873.92,
            "percUNK": 0.0,
            "l": 0.9993927595100923,
            "u": 1.0,
            "flag": "INTEREST"
        }
    },
    "data": {
        "n_samples": 13019116,
        "time": 300.00000619888306,
        "repeated_worlds": 13015020,
        "repeated_progs": 13016109,
        "unique_progs": 3007,
        "delp_calls": 3007
    }
}