{
    "status": {
        "d_28": {
            "yes": 561,
            "no": 0,
            "undecided": 0,
            "unknown": 0,
            "pyes": 0.11959096992820194,
            "pno": 0.0,
            "pundecided": 0.0,
            "punknown": 0.0,
            "time": 26.034308671951294,
            "delp_calls": 561,
            "percY": 9419.19,
            "percN": 0.0,
            "percU": 0.0,
            "percUNK": 0.0,
            "l": 0.11959096992820194,
            "u": 1.0
        },
        "a_12": {
            "yes": 447,
            "no": 0,
            "undecided": 136,
            "unknown": 0,
            "pyes": 0.03372531125567891,
            "pno": 0.0,
            "pundecided": 0.0014639035675055331,
            "punknown": 0.0,
            "time": 26.196277618408203,
            "delp_calls": 583,
            "percY": 7505.13,
            "percN": 0.0,
            "percU": 2283.44,
            "percUNK": 0.0,
            "l": 0.03372531125567891,
            "u": 1.0
        },
        "a_16": {
            "yes": 307,
            "no": 23,
            "undecided": 205,
            "unknown": 0,
            "pyes": 0.09595573212766911,
            "pno": 0.005409749742236844,
            "pundecided": 0.00860845513252128,
            "punknown": 0.0,
            "time": 27.098472833633423,
            "delp_calls": 535,
            "percY": 5154.53,
            "percN": 386.17,
            "percU": 3441.95,
            "percUNK": 0.0,
            "l": 0.09595573212766911,
            "u": 0.9945902502577632
        }
    },
    "data": {
        "n_samples": 1679,
        "time": 180.14942359924316,
        "repeated_programs": 0,
        "inconsistent_programs": 0,
        "worlds_consulted": 1608,
        "delp_calls": 1679
    }
}