{
    "status": {
        "d_28": {
            "yes": 1243,
            "no": 0,
            "undecided": 0,
            "unknown": 0,
            "pyes": 0.08285535265650738,
            "pno": 0.0,
            "pundecided": 0.0,
            "punknown": 0.0,
            "time": 57.36619472503662,
            "delp_calls": 1229,
            "percY": 53237.69,
            "percN": 0.0,
            "percU": 0.0,
            "percUNK": 0.0,
            "l": 0.08285535265650738,
            "u": 1.0
        },
        "a_12": {
            "yes": 936,
            "no": 0,
            "undecided": 303,
            "unknown": 0,
            "pyes": 0.17040863539586062,
            "pno": 0.0,
            "pundecided": 0.008485965660540542,
            "punknown": 0.0,
            "time": 56.92349076271057,
            "delp_calls": 1234,
            "percY": 40088.88,
            "percN": 0.0,
            "percU": 12977.49,
            "percUNK": 0.0,
            "l": 0.17040863539586062,
            "u": 1.0
        },
        "a_16": {
            "yes": 646,
            "no": 50,
            "undecided": 401,
            "unknown": 0,
            "pyes": 0.6638574224070024,
            "pno": 0.002791066722373634,
            "pundecided": 0.0029736602288037814,
            "punknown": 0.0,
            "time": 57.25255608558655,
            "delp_calls": 1093,
            "percY": 27668.18,
            "percN": 2141.5,
            "percU": 17174.83,
            "percUNK": 0.0,
            "l": 0.6638574224070024,
            "u": 0.9972089332776264,
            "flag": "INTEREST"
        }
    },
    "data": {
        "n_samples": 4283,
        "time": 180.07510042190552,
        "repeated_worlds": 704,
        "repeated_progs": 727,
        "unique_progs": 3556,
        "delp_calls": 3556
    }
}