{
    "status": {
        "d_9": {
            "yes": 324,
            "no": 0,
            "undecided": 322,
            "unknown": 0,
            "pyes": 0.001632292263091998,
            "pno": 0.0,
            "pundecided": 6.890985191567443e-05,
            "punknown": 0.0,
            "time": 26.06964945793152,
            "delp_calls": 1285,
            "percY": 4163.4,
            "percN": 0.0,
            "percU": 4137.7,
            "percUNK": 0.0,
            "l": 0.001632292263091998,
            "u": 1.0
        }
    },
    "data": {
        "n_samples": 1285,
        "time": 60.04112982749939,
        "repeated_programs": 0,
        "inconsistent_programs": 639,
        "worlds_consulted": 477,
        "delp_calls": 1285
    }
}