{
    "status": {
        "d_9": {
            "yes": 907,
            "no": 0,
            "undecided": 906,
            "unknown": 0,
            "pyes": 0.24821152293964135,
            "pno": 0.0,
            "pundecided": 0.02436126114996254,
            "punknown": 0.0,
            "time": 73.60938715934753,
            "delp_calls": 1416,
            "percY": 21858.7,
            "percN": 0.0,
            "percU": 21834.6,
            "percUNK": 0.0,
            "l": 0.24821152293964135,
            "u": 1.0
        }
    },
    "data": {
        "n_samples": 2410,
        "time": 60.002436876297,
        "repeated_worlds": 597,
        "repeated_progs": 994,
        "unique_progs": 1416,
        "delp_calls": 1416
    }
}