{
    "status": {
        "d_11": {
            "yes": 3710,
            "no": 0,
            "undecided": 792,
            "unknown": 0,
            "pyes": 0.1508104112221485,
            "pno": 0.0,
            "pundecided": 0.013465298601851555,
            "punknown": 0.0,
            "time": 196.96196174621582,
            "delp_calls": 5966,
            "percY": 221338.6,
            "percN": 0.0,
            "percU": 47250.72,
            "percUNK": 0.0,
            "l": 0.1508104112221485,
            "u": 1.0
        }
    },
    "data": {
        "n_samples": 5966,
        "time": 300.03779339790344,
        "repeated_programs": 0,
        "inconsistent_programs": 1464,
        "worlds_consulted": 1024,
        "delp_calls": 5966
    }
}