{
    "status": {
        "d_10": {
            "yes": 486,
            "no": 0,
            "undecided": 309,
            "unknown": 65,
            "pyes": 0.6391147363182991,
            "pno": 0.0,
            "pundecided": 0.000359856423120382,
            "punknown": 0.0002875349431110824,
            "time": 33.9344322681427,
            "delp_calls": 860,
            "percY": 12903.3,
            "percN": 0.0,
            "percU": 8203.95,
            "percUNK": 1725.75,
            "l": 0.6391147363182991,
            "u": 1.0,
            "flag": "INTEREST"
        },
        "a_5": {
            "yes": 86,
            "no": 0,
            "undecided": 789,
            "unknown": 25,
            "pyes": 0.566427168868688,
            "pno": 0.0,
            "pundecided": 0.09737335025410798,
            "punknown": 1.3308071753021219e-05,
            "time": 34.132797718048096,
            "delp_calls": 900,
            "percY": 2283.3,
            "percN": 0.0,
            "percU": 20947.95,
            "percUNK": 663.75,
            "l": 0.566427168868688,
            "u": 1.0,
            "flag": "INTEREST"
        },
        "a_7": {
            "yes": 271,
            "no": 308,
            "undecided": 311,
            "unknown": 5,
            "pyes": 0.10521296656310249,
            "pno": 0.180302980187417,
            "pundecided": 0.003829568245580089,
            "punknown": 1.54046592e-08,
            "time": 34.321321964263916,
            "delp_calls": 895,
            "percY": 7195.05,
            "percN": 8177.4,
            "percU": 8257.05,
            "percUNK": 132.75,
            "l": 0.10521296656310249,
            "u": 0.819697019812583
        }
    },
    "data": {
        "n_samples": 2655,
        "time": 180.14762163162231,
        "repeated_programs": 0,
        "inconsistent_programs": 0,
        "worlds_consulted": 3387,
        "delp_calls": 2655
    }
}