{
    "status": {
        "d_48": {
            "yes": 2214,
            "no": 0,
            "undecided": 0,
            "unknown": 0,
            "pyes": 0.9555985558382215,
            "pno": 0.0,
            "pundecided": 0.0,
            "punknown": 0.0,
            "time": 90.34136724472046,
            "delp_calls": 4402,
            "percY": 97460.28,
            "percN": 0.0,
            "percU": 0.0,
            "percUNK": 0.0,
            "l": 0.9555985558382215,
            "u": 1.0,
            "flag": "INTEREST"
        }
    },
    "data": {
        "n_samples": 4402,
        "time": 300.00277972221375,
        "repeated_programs": 0,
        "inconsistent_programs": 2188,
        "worlds_consulted": 1348,
        "delp_calls": 4402
    }
}