{
    "status": {
        "a_19": {
            "yes": 154,
            "no": 61,
            "undecided": 818,
            "unknown": 0,
            "pyes": 0.00010439987658473091,
            "pno": 5.231395078362195e-07,
            "pundecided": 0.0010019286426031795,
            "punknown": 0.0,
            "time": 56.66685700416565,
            "delp_calls": 1024,
            "percY": 1593.9,
            "percN": 631.35,
            "percU": 8466.3,
            "percUNK": 0.0,
            "l": 0.00010439987658473091,
            "u": 0.9999994768604922
        }
    },
    "data": {
        "n_samples": 1035,
        "time": 60.010281801223755,
        "repeated_worlds": 2,
        "repeated_progs": 11,
        "unique_progs": 1024,
        "delp_calls": 1024
    }
}