{
    "status": {
        "~d_11": {
            "yes": 17732,
            "no": 0,
            "undecided": 7872,
            "unknown": 2686,
            "pyes": 0.10321488257890905,
            "pno": 0.0,
            "pundecided": 0.00012945103004792787,
            "punknown": 4.1808988941093096e-05,
            "time": 1177.3484251499176,
            "delp_calls": 6531,
            "percY": 15805063.56,
            "percN": 0.0,
            "percU": 7016549.76,
            "percUNK": 2394112.38,
            "l": 0.10321488257890905,
            "u": 1.0
        },
        "~a_8": {
            "yes": 10036,
            "no": 3982,
            "undecided": 13630,
            "unknown": 111,
            "pyes": 0.015525005505441803,
            "pno": 0.016819470736306647,
            "pundecided": 0.00891525652059064,
            "punknown": 1.0478963775221397e-06,
            "time": 1172.0804843902588,
            "delp_calls": 6493,
            "percY": 8945387.88,
            "percN": 3549276.06,
            "percU": 12148827.9,
            "percUNK": 98937.63,
            "l": 0.015525005505441803,
            "u": 0.9831805292636934
        },
        "a_8": {
            "yes": 3832,
            "no": 10465,
            "undecided": 13927,
            "unknown": 119,
            "pyes": 0.03255974531827834,
            "pno": 0.007958598185083099,
            "pundecided": 0.005504341473723426,
            "punknown": 6.3364608585945785e-06,
            "time": 1209.6513047218323,
            "delp_calls": 6445,
            "percY": 3415576.56,
            "percN": 9327768.45,
            "percU": 12413552.91,
            "percUNK": 106068.27,
            "l": 0.03255974531827834,
            "u": 0.9920414018149168
        }
    },
    "data": {
        "n_samples": 89133,
        "time": 900.0864067077637,
        "repeated_worlds": 4741,
        "repeated_progs": 69664,
        "unique_progs": 19469,
        "delp_calls": 19469
    }
}