{
    "status": {
        "a_17": {
            "yes": 1843,
            "no": 167,
            "undecided": 2078,
            "unknown": 8,
            "pyes": 0.8257693449514237,
            "pno": 0.002314772400466782,
            "pundecided": 0.17186946605201134,
            "punknown": 4.6416596097863044e-05,
            "time": 172.67724657058716,
            "delp_calls": 4096,
            "percY": 162971606.05,
            "percN": 14767367.45,
            "percU": 183752033.3,
            "percUNK": 707418.8,
            "l": 0.8257693449514237,
            "u": 0.9976852275995333,
            "flag": "INTEREST"
        }
    },
    "data": {
        "n_samples": 8842735,
        "time": 300.00000834465027,
        "repeated_worlds": 8838639,
        "repeated_progs": 8838639,
        "unique_progs": 4096,
        "delp_calls": 4096
    }
}