{
    "status": {
        "a_17": {
            "yes": 424,
            "no": 32,
            "undecided": 462,
            "unknown": 1,
            "pyes": 0.06111422980227681,
            "pno": 6.90190831344733e-05,
            "pundecided": 0.011834017380654234,
            "punknown": 4.957760354863681e-07,
            "time": 38.31767988204956,
            "delp_calls": 919,
            "percY": 3896.56,
            "percN": 294.08,
            "percU": 4245.78,
            "percUNK": 9.19,
            "l": 0.06111422980227681,
            "u": 0.9999309809168655
        }
    },
    "data": {
        "n_samples": 919,
        "time": 300.0906488895416,
        "repeated_programs": 0,
        "inconsistent_programs": 0,
        "worlds_consulted": 833,
        "delp_calls": 919
    }
}