{
    "status": {
        "d_30": {
            "yes": 3072,
            "no": 0,
            "undecided": 1024,
            "unknown": 0,
            "pyes": 0.9329148917957627,
            "pno": 0.0,
            "pundecided": 0.06708510820423565,
            "punknown": 0.0,
            "time": 165.69158697128296,
            "delp_calls": 2898,
            "percY": 1053046794.24,
            "percN": 0.0,
            "percU": 351015598.08,
            "percUNK": 0.0,
            "l": 0.9329148917957627,
            "u": 1.0,
            "flag": "INTEREST"
        },
        "~a_11": {
            "yes": 4096,
            "no": 0,
            "undecided": 0,
            "unknown": 0,
            "pyes": 0.9999999999999992,
            "pno": 0.0,
            "pundecided": 0.0,
            "punknown": 0.0,
            "time": 165.1589457988739,
            "delp_calls": 2898,
            "percY": 1404062392.32,
            "percN": 0.0,
            "percU": 0.0,
            "percUNK": 0.0,
            "l": 0.9999999999999992,
            "u": 1.0,
            "flag": "INTEREST"
        },
        "~a_16": {
            "yes": 3072,
            "no": 0,
            "undecided": 1024,
            "unknown": 0,
            "pyes": 0.9136000000000005,
            "pno": 0.0,
            "pundecided": 0.08639999999999992,
            "punknown": 0.0,
            "time": 211.8287901878357,
            "delp_calls": 2898,
            "percY": 1053046794.24,
            "percN": 0.0,
            "percU": 351015598.08,
            "percUNK": 0.0,
            "l": 0.9136000000000005,
            "u": 1.0,
            "flag": "INTEREST"
        }
    },
    "data": {
        "n_samples": 34278867,
        "time": 900.000025510788,
        "repeated_worlds": 34266579,
        "repeated_progs": 34270173,
        "unique_progs": 8694,
        "delp_calls": 8694
    }
}