{
    "status": {
        "~a_3": {
            "yes": 3153,
            "no": 0,
            "undecided": 0,
            "unknown": 2385,
            "pyes": 0.7826928443960002,
            "pno": 0.0,
            "pundecided": 0.0,
            "punknown": 0.21730715560399996,
            "time": 249.2766556739807,
            "delp_calls": 5538,
            "percY": 527969.85,
            "percN": 0.0,
            "percU": 0.0,
            "percUNK": 399368.25,
            "l": 0.7826928443960002,
            "u": 1.0,
            "flag": "INTEREST"
        },
        "a_7": {
            "yes": 995,
            "no": 952,
            "undecided": 3731,
            "unknown": 0,
            "pyes": 0.6993667087255785,
            "pno": 0.019410415831917032,
            "pundecided": 0.2812228754425046,
            "punknown": 0.0,
            "time": 249.76415634155273,
            "delp_calls": 5678,
            "percY": 166612.75,
            "percN": 159412.4,
            "percU": 624755.95,
            "percUNK": 0.0,
            "l": 0.6993667087255785,
            "u": 0.980589584168083,
            "flag": "INTEREST"
        },
        "~a_8": {
            "yes": 710,
            "no": 1304,
            "undecided": 3515,
            "unknown": 0,
            "pyes": 0.0015902323176325154,
            "pno": 0.715112418068215,
            "pundecided": 0.2832973496141523,
            "punknown": 0.0,
            "time": 249.2789604663849,
            "delp_calls": 5529,
            "percY": 118889.5,
            "percN": 218354.8,
            "percU": 588586.75,
            "percUNK": 0.0,
            "l": 0.0015902323176325154,
            "u": 0.284887581931785,
            "flag": "INTEREST"
        }
    },
    "data": {
        "n_samples": 16745,
        "time": 900.0931825637817,
        "repeated_programs": 0,
        "inconsistent_programs": 0,
        "worlds_consulted": 6144,
        "delp_calls": 16745
    }
}