{
    "status": {
        "a_0": {
            "yes": 2543,
            "no": 0,
            "undecided": 0,
            "unknown": 606,
            "pyes": 0.4881625843892536,
            "pno": 0.0,
            "pundecided": 0.0,
            "punknown": 5.160997437856504e-05,
            "time": 133.17515659332275,
            "delp_calls": 3149,
            "percY": 80079.07,
            "percN": 0.0,
            "percU": 0.0,
            "percUNK": 19082.94,
            "l": 0.4881625843892536,
            "u": 1.0
        }
    },
    "data": {
        "n_samples": 3149,
        "time": 300.0274453163147,
        "repeated_programs": 0,
        "inconsistent_programs": 0,
        "worlds_consulted": 14499,
        "delp_calls": 3149
    }
}