{
    "status": {
        "~a_8": {
            "yes": 1211,
            "no": 0,
            "undecided": 0,
            "unknown": 1154,
            "pyes": 0.7563423569760803,
            "pno": 0.0,
            "pundecided": 0.0,
            "punknown": 0.06023036367993258,
            "time": 95.85149621963501,
            "delp_calls": 4700,
            "percY": 170242.38,
            "percN": 0.0,
            "percU": 0.0,
            "percUNK": 162229.32,
            "l": 0.7563423569760803,
            "u": 1.0,
            "flag": "INTEREST"
        },
        "a_10": {
            "yes": 1181,
            "no": 0,
            "undecided": 1152,
            "unknown": 0,
            "pyes": 0.8287357307382185,
            "pno": 0.0,
            "pundecided": 0.07668841074514607,
            "punknown": 0.0,
            "time": 93.66679072380066,
            "delp_calls": 4767,
            "percY": 166024.98,
            "percN": 0.0,
            "percU": 161948.16,
            "percUNK": 0.0,
            "l": 0.8287357307382185,
            "u": 1.0,
            "flag": "INTEREST"
        },
        "a_19": {
            "yes": 1051,
            "no": 0,
            "undecided": 1220,
            "unknown": 0,
            "pyes": 0.32611671011120674,
            "pno": 0.0,
            "pundecided": 0.031233898544085266,
            "punknown": 0.0,
            "time": 95.37749338150024,
            "delp_calls": 4591,
            "percY": 147749.58,
            "percN": 0.0,
            "percU": 171507.6,
            "percUNK": 0.0,
            "l": 0.32611671011120674,
            "u": 1.0
        }
    },
    "data": {
        "n_samples": 14058,
        "time": 900.0429992675781,
        "repeated_programs": 0,
        "inconsistent_programs": 7089,
        "worlds_consulted": 4176,
        "delp_calls": 14058
    }
}