{
    "status": {
        "~d_17": {
            "yes": 72029,
            "no": 0,
            "undecided": 0,
            "unknown": 0,
            "pyes": 0.005070919820690337,
            "pno": 0.0,
            "pundecided": 0.0,
            "punknown": 0.0,
            "time": 3091.844536781311,
            "delp_calls": 575,
            "percY": 96064357.01,
            "percN": 0.0,
            "percU": 0.0,
            "percUNK": 0.0,
            "l": 0.005070919820690337,
            "u": 1.0
        },
        "a_5": {
            "yes": 61070,
            "no": 0,
            "undecided": 0,
            "unknown": 0,
            "pyes": 0.004071908579157016,
            "pno": 0.0,
            "pundecided": 0.0,
            "punknown": 0.0,
            "time": 2869.162737607956,
            "delp_calls": 576,
            "percY": 81448448.3,
            "percN": 0.0,
            "percU": 0.0,
            "percUNK": 0.0,
            "l": 0.004071908579157016,
            "u": 1.0
        }
    },
    "data": {
        "n_samples": 133369,
        "time": 120.00047636032104,
        "repeated_worlds": 270,
        "repeated_progs": 132218,
        "unique_progs": 1151,
        "delp_calls": 1151
    }
}