{
    "status": {
        "~a_2": {
            "yes": 2048,
            "no": 0,
            "undecided": 0,
            "unknown": 2048,
            "pyes": 0.8420399999999969,
            "pno": 0.0,
            "pundecided": 0.0,
            "punknown": 0.15795999999999985,
            "time": 226.7361888885498,
            "delp_calls": 512,
            "percY": 896624373.76,
            "percN": 0.0,
            "percU": 0.0,
            "percUNK": 896624373.76,
            "l": 0.8420399999999969,
            "u": 1.0,
            "flag": "INTEREST"
        },
        "a_5": {
            "yes": 2048,
            "no": 0,
            "undecided": 2048,
            "unknown": 0,
            "pyes": 0.930999999999998,
            "pno": 0.0,
            "pundecided": 0.06899999999999999,
            "punknown": 0.0,
            "time": 228.00543403625488,
            "delp_calls": 512,
            "percY": 896624373.76,
            "percN": 0.0,
            "percU": 896624373.76,
            "percUNK": 0.0,
            "l": 0.930999999999998,
            "u": 1.0,
            "flag": "INTEREST"
        },
        "~a_7": {
            "yes": 1344,
            "no": 704,
            "undecided": 2048,
            "unknown": 0,
            "pyes": 0.7901294104628727,
            "pno": 0.14087058953712636,
            "pundecided": 0.06899999999999999,
            "punknown": 0.0,
            "time": 234.78244400024414,
            "delp_calls": 512,
            "percY": 588409745.28,
            "percN": 308214628.48,
            "percU": 896624373.76,
            "percUNK": 0.0,
            "l": 0.7901294104628727,
            "u": 0.8591294104628736,
            "flag": "INTEREST"
        }
    },
    "data": {
        "n_samples": 43780487,
        "time": 900.0000207424164,
        "repeated_worlds": 43768199,
        "repeated_progs": 43778951,
        "unique_progs": 1536,
        "delp_calls": 1536
    }
}