{
    "status": {
        "d_17": {
            "yes": 2048,
            "no": 0,
            "undecided": 2048,
            "unknown": 0,
            "pyes": 0.914200000000001,
            "pno": 0.0,
            "pundecided": 0.08580000000000002,
            "punknown": 0.0,
            "time": 247.1817283630371,
            "delp_calls": 256,
            "percY": 824701767.68,
            "percN": 0.0,
            "percU": 824701767.68,
            "percUNK": 0.0,
            "l": 0.914200000000001,
            "u": 1.0,
            "flag": "INTEREST"
        },
        "~a_5": {
            "yes": 2048,
            "no": 0,
            "undecided": 2048,
            "unknown": 0,
            "pyes": 0.9700000000000003,
            "pno": 0.0,
            "pundecided": 0.030000000000000072,
            "punknown": 0.0,
            "time": 249.16104125976562,
            "delp_calls": 256,
            "percY": 824701767.68,
            "percN": 0.0,
            "percU": 824701767.68,
            "percUNK": 0.0,
            "l": 0.9700000000000003,
            "u": 1.0,
            "flag": "INTEREST"
        },
        "~a_8": {
            "yes": 0,
            "no": 2048,
            "undecided": 2048,
            "unknown": 0,
            "pyes": 0.0,
            "pno": 0.8055000000000019,
            "pundecided": 0.19450000000000003,
            "punknown": 0.0,
            "time": 253.21974182128906,
            "delp_calls": 256,
            "percY": 0.0,
            "percN": 824701767.68,
            "percU": 824701767.68,
            "percUNK": 0.0,
            "l": 0.0,
            "u": 0.19449999999999812,
            "flag": "INTEREST"
        }
    },
    "data": {
        "n_samples": 40268641,
        "time": 900.0000429153442,
        "repeated_worlds": 40256353,
        "repeated_progs": 40267873,
        "unique_progs": 768,
        "delp_calls": 768
    }
}