{
    "status": {
        "a_1": {
            "yes": 2687,
            "no": 0,
            "undecided": 0,
            "unknown": 0,
            "pyes": 0.824859821048652,
            "pno": 0.0,
            "pundecided": 0.0,
            "punknown": 0.0,
            "time": 107.99923777580261,
            "delp_calls": 3567,
            "percY": 272515.54,
            "percN": 0.0,
            "percU": 0.0,
            "percUNK": 0.0,
            "l": 0.824859821048652,
            "u": 1.0,
            "flag": "INTEREST"
        },
        "~a_13": {
            "yes": 2012,
            "no": 0,
            "undecided": 672,
            "unknown": 0,
            "pyes": 0.144037075846731,
            "pno": 0.0,
            "pundecided": 0.07631853435429052,
            "punknown": 0.0,
            "time": 108.17498517036438,
            "delp_calls": 3560,
            "percY": 204057.04,
            "percN": 0.0,
            "percU": 68154.24,
            "percUNK": 0.0,
            "l": 0.144037075846731,
            "u": 1.0
        },
        "a_15": {
            "yes": 2234,
            "no": 52,
            "undecided": 0,
            "unknown": 0,
            "pyes": 0.7844490133438761,
            "pno": 1.39372276029168e-05,
            "pundecided": 0.0,
            "punknown": 0.0,
            "time": 131.75785613059998,
            "delp_calls": 3015,
            "percY": 226572.28,
            "percN": 5273.84,
            "percU": 0.0,
            "percUNK": 0.0,
            "l": 0.7844490133438761,
            "u": 0.9999860627723971,
            "flag": "INTEREST"
        }
    },
    "data": {
        "n_samples": 10142,
        "time": 900.0911061763763,
        "repeated_programs": 0,
        "inconsistent_programs": 2485,
        "worlds_consulted": 5287,
        "delp_calls": 10142
    }
}