{
    "status": {
        "d_28": {
            "yes": 776,
            "no": 0,
            "undecided": 227,
            "unknown": 204,
            "pyes": 0.2012254120995457,
            "pno": 0.0,
            "pundecided": 0.01819436820262912,
            "punknown": 0.006230666392561988,
            "time": 55.80626440048218,
            "delp_calls": 1207,
            "percY": 33833.6,
            "percN": 0.0,
            "percU": 9897.2,
            "percUNK": 8894.4,
            "l": 0.2012254120995457,
            "u": 1.0
        },
        "a_10": {
            "yes": 80,
            "no": 0,
            "undecided": 1159,
            "unknown": 2,
            "pyes": 0.5454210004057358,
            "pno": 0.0,
            "pundecided": 0.10187641786941376,
            "punknown": 3.5859267013312513e-07,
            "time": 55.94963359832764,
            "delp_calls": 1241,
            "percY": 3488.0,
            "percN": 0.0,
            "percU": 50532.4,
            "percUNK": 87.2,
            "l": 0.5454210004057358,
            "u": 1.0,
            "flag": "INTEREST"
        },
        "~a_17": {
            "yes": 97,
            "no": 41,
            "undecided": 1096,
            "unknown": 3,
            "pyes": 0.05912610042416903,
            "pno": 0.0013996093897961851,
            "pundecided": 0.15369122746159933,
            "punknown": 4.9137980714495996e-11,
            "time": 55.90419840812683,
            "delp_calls": 1237,
            "percY": 4229.2,
            "percN": 1787.6,
            "percU": 47785.6,
            "percUNK": 130.8,
            "l": 0.05912610042416903,
            "u": 0.9986003906102038
        }
    },
    "data": {
        "n_samples": 4360,
        "time": 180.0780918598175,
        "repeated_worlds": 675,
        "repeated_progs": 675,
        "unique_progs": 3685,
        "delp_calls": 3685
    }
}