{
    "status": {
        "a_3": {
            "yes": 596,
            "no": 0,
            "undecided": 0,
            "unknown": 2430,
            "pyes": 0.012719624556705573,
            "pno": 0.0,
            "pundecided": 0.0,
            "punknown": 0.00429775470054105,
            "time": 126.11383247375488,
            "delp_calls": 3026,
            "percY": 18034.96,
            "percN": 0.0,
            "percU": 0.0,
            "percUNK": 73531.8,
            "l": 0.012719624556705573,
            "u": 1.0
        }
    },
    "data": {
        "n_samples": 3026,
        "time": 300.04148054122925,
        "repeated_programs": 0,
        "inconsistent_programs": 0,
        "worlds_consulted": 18208,
        "delp_calls": 3026
    }
}