{
    "status": {
        "d_18": {
            "yes": 4331,
            "no": 0,
            "undecided": 577,
            "unknown": 0,
            "pyes": 0.9979561767092306,
            "pno": 0.0,
            "pundecided": 4.706170040862865e-07,
            "punknown": 0.0,
            "time": 187.58113718032837,
            "delp_calls": 6569,
            "percY": 868582.05,
            "percN": 0.0,
            "percU": 115717.35,
            "percUNK": 0.0,
            "l": 0.9979561767092306,
            "u": 1.0,
            "flag": "INTEREST"
        },
        "a_6": {
            "yes": 4640,
            "no": 0,
            "undecided": 362,
            "unknown": 0,
            "pyes": 0.9979566473262351,
            "pno": 0.0,
            "pundecided": 0.0,
            "punknown": 0.0,
            "time": 186.5087695121765,
            "delp_calls": 6772,
            "percY": 930552.0,
            "percN": 0.0,
            "percU": 72599.1,
            "percUNK": 0.0,
            "l": 0.9979566473262351,
            "u": 1.0,
            "flag": "INTEREST"
        },
        "~a_7": {
            "yes": 3759,
            "no": 0,
            "undecided": 1241,
            "unknown": 0,
            "pyes": 0.9976470811182351,
            "pno": 0.0,
            "pundecided": 0.0003095662079999998,
            "punknown": 0.0,
            "time": 187.36134696006775,
            "delp_calls": 6714,
            "percY": 753867.45,
            "percN": 0.0,
            "percU": 248882.55,
            "percUNK": 0.0,
            "l": 0.9976470811182351,
            "u": 1.0,
            "flag": "INTEREST"
        }
    },
    "data": {
        "n_samples": 20055,
        "time": 900.0448725223541,
        "repeated_programs": 0,
        "inconsistent_programs": 5145,
        "worlds_consulted": 4734,
        "delp_calls": 20055
    }
}