{
    "status": {
        "d_36": {
            "yes": 604,
            "no": 0,
            "undecided": 280,
            "unknown": 83,
            "pyes": 0.06285513488023746,
            "pno": 0.0,
            "pundecided": 0.006272499778542167,
            "punknown": 5.678006140734827e-05,
            "time": 38.36493945121765,
            "delp_calls": 967,
            "percY": 11663.24,
            "percN": 0.0,
            "percU": 5406.8,
            "percUNK": 1602.73,
            "l": 0.06285513488023746,
            "u": 1.0
        },
        "~a_19": {
            "yes": 313,
            "no": 39,
            "undecided": 612,
            "unknown": 0,
            "pyes": 0.029335256553914554,
            "pno": 5.3221825544003125e-06,
            "pundecided": 0.004051595253558139,
            "punknown": 0.0,
            "time": 38.85696005821228,
            "delp_calls": 964,
            "percY": 6044.03,
            "percN": 753.09,
            "percU": 11817.72,
            "percUNK": 0.0,
            "l": 0.029335256553914554,
            "u": 0.9999946778174456
        }
    },
    "data": {
        "n_samples": 1931,
        "time": 600.2918386459351,
        "repeated_programs": 0,
        "inconsistent_programs": 0,
        "worlds_consulted": 1722,
        "delp_calls": 1931
    }
}