{
    "status": {
        "a_4": {
            "yes": 14105,
            "no": 0,
            "undecided": 0,
            "unknown": 0,
            "pyes": 0.0004786926019959229,
            "pno": 0.0,
            "pundecided": 0.0,
            "punknown": 0.0,
            "time": 628.874361038208,
            "delp_calls": 1123,
            "percY": 1990920.75,
            "percN": 0.0,
            "percU": 0.0,
            "percUNK": 0.0,
            "l": 0.0004786926019959229,
            "u": 1.0
        }
    },
    "data": {
        "n_samples": 14115,
        "time": 60.01016330718994,
        "repeated_worlds": 10,
        "repeated_progs": 12992,
        "unique_progs": 1123,
        "delp_calls": 1123
    }
}