{
    "status": {
        "d_65": {
            "yes": 1324,
            "no": 0,
            "undecided": 0,
            "unknown": 0,
            "pyes": 0.10894703190818299,
            "pno": 0.0,
            "pundecided": 0.0,
            "punknown": 0.0,
            "time": 59.57445216178894,
            "delp_calls": 1266,
            "percY": 56428.88,
            "percN": 0.0,
            "percU": 0.0,
            "percUNK": 0.0,
            "l": 0.10894703190818299,
            "u": 1.0
        },
        "~a_14": {
            "yes": 1110,
            "no": 0,
            "undecided": 0,
            "unknown": 0,
            "pyes": 0.6933209267413608,
            "pno": 0.0,
            "pundecided": 0.0,
            "punknown": 0.0,
            "time": 60.26021432876587,
            "delp_calls": 1064,
            "percY": 47308.2,
            "percN": 0.0,
            "percU": 0.0,
            "percUNK": 0.0,
            "l": 0.6933209267413608,
            "u": 1.0,
            "flag": "INTEREST"
        },
        "a_16": {
            "yes": 1010,
            "no": 0,
            "undecided": 160,
            "unknown": 0,
            "pyes": 0.09614775701182315,
            "pno": 0.0,
            "pundecided": 0.04981939616726155,
            "punknown": 0.0,
            "time": 59.35655093193054,
            "delp_calls": 1129,
            "percY": 43046.2,
            "percN": 0.0,
            "percU": 6819.2,
            "percUNK": 0.0,
            "l": 0.09614775701182315,
            "u": 1.0
        }
    },
    "data": {
        "n_samples": 4262,
        "time": 180.04219460487366,
        "repeated_worlds": 658,
        "repeated_progs": 803,
        "unique_progs": 3459,
        "delp_calls": 3459
    }
}