{
    "status": {
        "d_65": {
            "yes": 763,
            "no": 0,
            "undecided": 0,
            "unknown": 0,
            "pyes": 0.08261871227305113,
            "pno": 0.0,
            "pundecided": 0.0,
            "punknown": 0.0,
            "time": 31.387693881988525,
            "delp_calls": 763,
            "percY": 16602.88,
            "percN": 0.0,
            "percU": 0.0,
            "percUNK": 0.0,
            "l": 0.08261871227305113,
            "u": 1.0
        },
        "~a_14": {
            "yes": 696,
            "no": 0,
            "undecided": 0,
            "unknown": 0,
            "pyes": 0.09115461623446838,
            "pno": 0.0,
            "pundecided": 0.0,
            "punknown": 0.0,
            "time": 33.92155838012695,
            "delp_calls": 696,
            "percY": 15144.96,
            "percN": 0.0,
            "percU": 0.0,
            "percUNK": 0.0,
            "l": 0.09115461623446838,
            "u": 1.0
        },
        "a_16": {
            "yes": 613,
            "no": 0,
            "undecided": 104,
            "unknown": 0,
            "pyes": 0.04286634410618891,
            "pno": 0.0,
            "pundecided": 0.006674253096788069,
            "punknown": 0.0,
            "time": 32.71327757835388,
            "delp_calls": 717,
            "percY": 13338.88,
            "percN": 0.0,
            "percU": 2263.04,
            "percUNK": 0.0,
            "l": 0.04286634410618891,
            "u": 1.0
        }
    },
    "data": {
        "n_samples": 2176,
        "time": 180.11143732070923,
        "repeated_programs": 0,
        "inconsistent_programs": 0,
        "worlds_consulted": 2272,
        "delp_calls": 2176
    }
}