{
    "status": {
        "d_20": {
            "yes": 7548,
            "no": 0,
            "undecided": 7442,
            "unknown": 0,
            "pyes": 0.0003965722439005744,
            "pno": 0.0,
            "pundecided": 0.00032995326807818293,
            "punknown": 0.0,
            "time": 620.3598821163177,
            "delp_calls": 6845,
            "percY": 2189750.28,
            "percN": 0.0,
            "percU": 2158998.62,
            "percUNK": 0.0,
            "l": 0.0003965722439005744,
            "u": 1.0
        },
        "~a_10": {
            "yes": 3997,
            "no": 3019,
            "undecided": 6991,
            "unknown": 0,
            "pyes": 0.00024897562885090475,
            "pno": 0.00021774115298088276,
            "pundecided": 0.00018521041017592239,
            "punknown": 0.0,
            "time": 590.663492679596,
            "delp_calls": 6714,
            "percY": 1159569.67,
            "percN": 875842.09,
            "percU": 2028159.01,
            "percUNK": 0.0,
            "l": 0.00024897562885090475,
            "u": 0.9997822588470191
        }
    },
    "data": {
        "n_samples": 29011,
        "time": 600.0129702091217,
        "repeated_worlds": 14,
        "repeated_progs": 15452,
        "unique_progs": 13559,
        "delp_calls": 13559
    }
}