{
    "status": {
        "~d_16": {
            "yes": 2866,
            "no": 0,
            "undecided": 0,
            "unknown": 1661,
            "pyes": 0.34085899087069066,
            "pno": 0.0,
            "pundecided": 0.0,
            "punknown": 0.04940312849682083,
            "time": 177.486891746521,
            "delp_calls": 4527,
            "percY": 389432.08,
            "percN": 0.0,
            "percU": 0.0,
            "percUNK": 225696.68,
            "l": 0.34085899087069066,
            "u": 1.0
        },
        "a_7": {
            "yes": 1219,
            "no": 527,
            "undecided": 2785,
            "unknown": 18,
            "pyes": 0.8362456631021284,
            "pno": 0.07684015454189139,
            "pundecided": 0.04458191486770566,
            "punknown": 5.982319137484801e-09,
            "time": 177.43449234962463,
            "delp_calls": 4549,
            "percY": 165637.72,
            "percN": 71608.76,
            "percU": 378425.8,
            "percUNK": 2445.84,
            "l": 0.8362456631021284,
            "u": 0.9231598454581086,
            "flag": "INTEREST"
        },
        "~a_7": {
            "yes": 504,
            "no": 1251,
            "undecided": 2739,
            "unknown": 18,
            "pyes": 0.07716078533099045,
            "pno": 0.7967956872498337,
            "pundecided": 0.044394055180315646,
            "punknown": 4.404955920076801e-09,
            "time": 177.40805888175964,
            "delp_calls": 4512,
            "percY": 68483.52,
            "percN": 169985.88,
            "percU": 372175.32,
            "percUNK": 2445.84,
            "l": 0.07716078533099045,
            "u": 0.20320431275016626,
            "flag": "INTEREST"
        }
    },
    "data": {
        "n_samples": 13588,
        "time": 900.0798692703247,
        "repeated_programs": 0,
        "inconsistent_programs": 0,
        "worlds_consulted": 10874,
        "delp_calls": 13588
    }
}