{
    "status": {
        "a_17": {
            "yes": 762,
            "no": 0,
            "undecided": 486,
            "unknown": 171,
            "pyes": 0.1734731511874998,
            "pno": 0.0,
            "pundecided": 0.0016795971622103913,
            "punknown": 0.05277317107572312,
            "time": 57.177549839019775,
            "delp_calls": 1406,
            "percY": 13357.86,
            "percN": 0.0,
            "percU": 8519.58,
            "percUNK": 2997.63,
            "l": 0.1734731511874998,
            "u": 1.0
        }
    },
    "data": {
        "n_samples": 1753,
        "time": 60.03132605552673,
        "repeated_worlds": 334,
        "repeated_progs": 347,
        "unique_progs": 1406,
        "delp_calls": 1406
    }
}