{
    "status": {
        "a_17": {
            "yes": 191,
            "no": 0,
            "undecided": 116,
            "unknown": 58,
            "pyes": 0.06800974831432219,
            "pno": 0.0,
            "pundecided": 2.3584784814567416e-05,
            "punknown": 0.002821299916226135,
            "time": 14.536776542663574,
            "delp_calls": 365,
            "percY": 697.15,
            "percN": 0.0,
            "percU": 423.4,
            "percUNK": 211.7,
            "l": 0.06800974831432219,
            "u": 1.0
        }
    },
    "data": {
        "n_samples": 365,
        "time": 60.12391924858093,
        "repeated_programs": 0,
        "inconsistent_programs": 0,
        "worlds_consulted": 360,
        "delp_calls": 365
    }
}