{
    "status": {
        "d_10": {
            "yes": 3584,
            "no": 0,
            "undecided": 384,
            "unknown": 128,
            "pyes": 0.922643690319997,
            "pno": 0.0,
            "pundecided": 0.07678113243839998,
            "punknown": 0.0005751772415999997,
            "time": 166.48160696029663,
            "delp_calls": 2683,
            "percY": 1447095408.64,
            "percN": 0.0,
            "percU": 155045936.64,
            "percUNK": 51681978.88,
            "l": 0.922643690319997,
            "u": 1.0,
            "flag": "INTEREST"
        },
        "a_6": {
            "yes": 384,
            "no": 0,
            "undecided": 3584,
            "unknown": 128,
            "pyes": 0.8392556193407991,
            "pno": 0.0,
            "pundecided": 0.1607382709098169,
            "punknown": 6.109749382695839e-06,
            "time": 166.1667606830597,
            "delp_calls": 2683,
            "percY": 155045936.64,
            "percN": 0.0,
            "percU": 1447095408.64,
            "percUNK": 51681978.88,
            "l": 0.8392556193407991,
            "u": 1.0,
            "flag": "INTEREST"
        },
        "a_7": {
            "yes": 78,
            "no": 2594,
            "undecided": 1392,
            "unknown": 32,
            "pyes": 0.02859912956118226,
            "pno": 0.8502073246899865,
            "pundecided": 0.1211726570746911,
            "punknown": 2.088867413952e-05,
            "time": 167.55794882774353,
            "delp_calls": 2683,
            "percY": 31493705.88,
            "percN": 1047367603.24,
            "percU": 562041520.32,
            "percUNK": 12920494.72,
            "l": 0.02859912956118226,
            "u": 0.1497926753100135,
            "flag": "INTEREST"
        }
    },
    "data": {
        "n_samples": 40376546,
        "time": 900.0000185966492,
        "repeated_worlds": 40364258,
        "repeated_progs": 40368497,
        "unique_progs": 8049,
        "delp_calls": 8049
    }
}