{
    "status": {
        "d_18": {
            "yes": 321,
            "no": 0,
            "undecided": 259,
            "unknown": 44,
            "pyes": 0.087091116639996,
            "pno": 0.0,
            "pundecided": 0.0566390840991957,
            "punknown": 0.0004107598776764732,
            "time": 29.543375968933105,
            "delp_calls": 1104,
            "percY": 3543.84,
            "percN": 0.0,
            "percU": 2859.36,
            "percUNK": 485.76,
            "l": 0.087091116639996,
            "u": 1.0
        }
    },
    "data": {
        "n_samples": 1104,
        "time": 60.03179907798767,
        "repeated_programs": 0,
        "inconsistent_programs": 480,
        "worlds_consulted": 353,
        "delp_calls": 1104
    }
}