{
    "status": {
        "d_15": {
            "yes": 425,
            "no": 0,
            "undecided": 49,
            "unknown": 311,
            "pyes": 0.00046849219112407456,
            "pno": 0.0,
            "pundecided": 2.592275339982159e-05,
            "punknown": 0.007715156364980784,
            "time": 33.31276178359985,
            "delp_calls": 785,
            "percY": 3336.25,
            "percN": 0.0,
            "percU": 384.65,
            "percUNK": 2441.35,
            "l": 0.00046849219112407456,
            "u": 1.0
        }
    },
    "data": {
        "n_samples": 785,
        "time": 60.03577184677124,
        "repeated_programs": 0,
        "inconsistent_programs": 0,
        "worlds_consulted": 5125,
        "delp_calls": 785
    }
}