{
    "status": {
        "~d_22": {
            "yes": 1246,
            "no": 0,
            "undecided": 1281,
            "unknown": 0,
            "pyes": 0.6987107279574329,
            "pno": 0.0,
            "pundecided": 0.11156691655496404,
            "punknown": 0.0,
            "time": 101.03016638755798,
            "delp_calls": 5015,
            "percY": 62486.9,
            "percN": 0.0,
            "percU": 64242.15,
            "percUNK": 0.0,
            "l": 0.6987107279574329,
            "u": 1.0,
            "flag": "INTEREST"
        }
    },
    "data": {
        "n_samples": 5015,
        "time": 300.0517110824585,
        "repeated_programs": 0,
        "inconsistent_programs": 2488,
        "worlds_consulted": 1436,
        "delp_calls": 5015
    }
}