{
    "status": {
        "a_1": {
            "yes": 77187,
            "no": 0,
            "undecided": 0,
            "unknown": 25814,
            "pyes": 0.1313344220303191,
            "pno": 0.0,
            "pundecided": 0.0,
            "punknown": 0.0940696007275232,
            "time": 4844.252722978592,
            "delp_calls": 252,
            "percY": 101020801.86,
            "percN": 0.0,
            "percU": 0.0,
            "percUNK": 33784846.92,
            "l": 0.1313344220303191,
            "u": 1.0
        }
    },
    "data": {
        "n_samples": 130878,
        "time": 60.0002236366272,
        "repeated_worlds": 27877,
        "repeated_progs": 130626,
        "unique_progs": 252,
        "delp_calls": 252
    }
}