{
    "status": {
        "~d_43": {
            "yes": 3935,
            "no": 0,
            "undecided": 0,
            "unknown": 0,
            "pyes": 0.26053274813757943,
            "pno": 0.0,
            "pundecided": 0.0,
            "punknown": 0.0,
            "time": 157.63851141929626,
            "delp_calls": 3935,
            "percY": 154842.25,
            "percN": 0.0,
            "percU": 0.0,
            "percUNK": 0.0,
            "l": 0.26053274813757943,
            "u": 1.0
        }
    },
    "data": {
        "n_samples": 3935,
        "time": 300.0296697616577,
        "repeated_programs": 0,
        "inconsistent_programs": 0,
        "worlds_consulted": 3140,
        "delp_calls": 3935
    }
}