{
    "status": {
        "a_4": {
            "yes": 2632,
            "no": 0,
            "undecided": 1558,
            "unknown": 0,
            "pyes": 0.0392,
            "pno": 0.0,
            "pundecided": 0.0007999999999999999,
            "punknown": 0.0,
            "time": 179.71950936317444,
            "delp_calls": 6373,
            "percY": 167737.36,
            "percN": 0.0,
            "percU": 99291.34,
            "percUNK": 0.0,
            "l": 0.0392,
            "u": 1.0
        }
    },
    "data": {
        "n_samples": 6373,
        "time": 300.01742005348206,
        "repeated_programs": 0,
        "inconsistent_programs": 2183,
        "worlds_consulted": 128,
        "delp_calls": 6373
    }
}