{
    "status": {
        "~d_17": {
            "yes": 4096,
            "no": 0,
            "undecided": 0,
            "unknown": 0,
            "pyes": 0.9999999999999992,
            "pno": 0.0,
            "pundecided": 0.0,
            "punknown": 0.0,
            "time": 165.2239532470703,
            "delp_calls": 128,
            "percY": 1559992852.48,
            "percN": 0.0,
            "percU": 0.0,
            "percUNK": 0.0,
            "l": 0.9999999999999992,
            "u": 1.0,
            "flag": "INTEREST"
        },
        "a_7": {
            "yes": 1536,
            "no": 512,
            "undecided": 2048,
            "unknown": 0,
            "pyes": 0.8114265789629033,
            "pno": 0.09439242103709594,
            "pundecided": 0.094181,
            "punknown": 0.0,
            "time": 170.61856842041016,
            "delp_calls": 128,
            "percY": 584997319.68,
            "percN": 194999106.56,
            "percU": 779996426.24,
            "percUNK": 0.0,
            "l": 0.8114265789629033,
            "u": 0.9056075789629041,
            "flag": "INTEREST"
        }
    },
    "data": {
        "n_samples": 38085763,
        "time": 600.0000131130219,
        "repeated_worlds": 38077571,
        "repeated_progs": 38085507,
        "unique_progs": 256,
        "delp_calls": 256
    }
}