{
    "status": {
        "~d_17": {
            "yes": 3476,
            "no": 0,
            "undecided": 51,
            "unknown": 0,
            "pyes": 0.029998344545280314,
            "pno": 0.0,
            "pundecided": 1.6554547196928004e-06,
            "punknown": 0.0,
            "time": 136.85569500923157,
            "delp_calls": 6949,
            "percY": 478158.56,
            "percN": 0.0,
            "percU": 7015.56,
            "percUNK": 0.0,
            "l": 0.029998344545280314,
            "u": 1.0
        },
        "a_7": {
            "yes": 1320,
            "no": 515,
            "undecided": 1589,
            "unknown": 0,
            "pyes": 0.0003632749767888,
            "pno": 0.0022887250232112005,
            "pundecided": 0.02734800000000001,
            "punknown": 0.0,
            "time": 135.23178911209106,
            "delp_calls": 6807,
            "percY": 181579.2,
            "percN": 70843.4,
            "percU": 218582.84,
            "percUNK": 0.0,
            "l": 0.0003632749767888,
            "u": 0.9977112749767888
        }
    },
    "data": {
        "n_samples": 13756,
        "time": 600.008563041687,
        "repeated_programs": 0,
        "inconsistent_programs": 6805,
        "worlds_consulted": 128,
        "delp_calls": 13756
    }
}