{
    "status": {
        "a_8": {
            "yes": 65536,
            "no": 65536,
            "undecided": 131072,
            "unknown": 0,
            "pyes": 0.9017406391754355,
            "pno": 0.05825936082456321,
            "pundecided": 0.03999999999999916,
            "punknown": 0.0,
            "time": 10796.181030273438,
            "delp_calls": 512,
            "percY": 17615087206.4,
            "percN": 17615087206.4,
            "percU": 35230174412.8,
            "percUNK": 0.0,
            "l": 0.9017406391754355,
            "u": 0.9417406391754368,
            "flag": "INTEREST"
        },
        "~a_8": {
            "yes": 65536,
            "no": 65536,
            "undecided": 131072,
            "unknown": 0,
            "pyes": 0.0582593608245634,
            "pno": 0.9017406391754247,
            "pundecided": 0.039999999999998856,
            "punknown": 0.0,
            "time": 11843.258056640625,
            "delp_calls": 512,
            "percY": 17615087206.4,
            "percN": 17615087206.4,
            "percU": 35230174412.8,
            "percUNK": 0.0,
            "l": 0.0582593608245634,
            "u": 0.09825936082457531,
            "flag": "INTEREST"
        }
    },
    "data": {
        "n_samples": 26878490,
        "time": 600.0000095367432,
        "repeated_worlds": 26354202,
        "repeated_progs": 26877466,
        "unique_progs": 1024,
        "delp_calls": 1024
    }
}