{
    "status": {
        "~d_17": {
            "yes": 5706,
            "no": 0,
            "undecided": 0,
            "unknown": 0,
            "pyes": 1.0000000000000002,
            "pno": 0.0,
            "pundecided": 0.0,
            "punknown": 0.0,
            "time": 243.93520855903625,
            "delp_calls": 5706,
            "percY": 973843.02,
            "percN": 0.0,
            "percU": 0.0,
            "percUNK": 0.0,
            "l": 1.0000000000000002,
            "u": 1.0,
            "flag": "INTEREST"
        },
        "~a_5": {
            "yes": 5754,
            "no": 0,
            "undecided": 0,
            "unknown": 0,
            "pyes": 1.0000000000000002,
            "pno": 0.0,
            "pundecided": 0.0,
            "punknown": 0.0,
            "time": 244.46951150894165,
            "delp_calls": 5754,
            "percY": 982035.18,
            "percN": 0.0,
            "percU": 0.0,
            "percUNK": 0.0,
            "l": 1.0000000000000002,
            "u": 1.0,
            "flag": "INTEREST"
        },
        "a_8": {
            "yes": 1717,
            "no": 3890,
            "undecided": 0,
            "unknown": 0,
            "pyes": 0.0029760000000000034,
            "pno": 0.9970239999999999,
            "pundecided": 0.0,
            "punknown": 0.0,
            "time": 245.04202151298523,
            "delp_calls": 5607,
            "percY": 293040.39,
            "percN": 663906.3,
            "percU": 0.0,
            "percUNK": 0.0,
            "l": 0.0029760000000000034,
            "u": 0.0029760000000000897,
            "flag": "INTEREST"
        }
    },
    "data": {
        "n_samples": 17067,
        "time": 900.0606031417847,
        "repeated_programs": 0,
        "inconsistent_programs": 0,
        "worlds_consulted": 12288,
        "delp_calls": 17067
    }
}