{
    "status": {
        "a_1": {
            "yes": 131072,
            "no": 0,
            "undecided": 131072,
            "unknown": 0,
            "pyes": 0.8498941939999538,
            "pno": 0.0,
            "pundecided": 0.1501058059999954,
            "punknown": 0.0,
            "time": 10670.119384765625,
            "delp_calls": 512,
            "percY": 52268903956.48,
            "percN": 0.0,
            "percU": 52268903956.48,
            "percUNK": 0.0,
            "l": 0.8498941939999538,
            "u": 1.0,
            "flag": "INTEREST"
        },
        "~a_6": {
            "yes": 131072,
            "no": 0,
            "undecided": 131072,
            "unknown": 0,
            "pyes": 0.8498941939999441,
            "pno": 0.0,
            "pundecided": 0.1501058059999964,
            "punknown": 0.0,
            "time": 11825.240234375,
            "delp_calls": 512,
            "percY": 52268903956.48,
            "percN": 0.0,
            "percU": 52268903956.48,
            "percUNK": 0.0,
            "l": 0.8498941939999441,
            "u": 1.0,
            "flag": "INTEREST"
        },
        "~a_7": {
            "yes": 90112,
            "no": 24576,
            "undecided": 147456,
            "unknown": 0,
            "pyes": 0.07464944037941401,
            "pno": 0.660976957102232,
            "pundecided": 0.26437360251833575,
            "punknown": 0.0,
            "time": 13178.195190429688,
            "delp_calls": 512,
            "percY": 35934871470.08,
            "percN": 9800419491.84,
            "percU": 58802516951.04,
            "percUNK": 0.0,
            "l": 0.07464944037941401,
            "u": 0.33902304289776797,
            "flag": "INTEREST"
        }
    },
    "data": {
        "n_samples": 39878009,
        "time": 900.0000236034393,
        "repeated_worlds": 39091577,
        "repeated_progs": 39876473,
        "unique_progs": 1536,
        "delp_calls": 1536
    }
}