{
    "status": {
        "~d_30": {
            "yes": 622,
            "no": 0,
            "undecided": 614,
            "unknown": 0,
            "pyes": 0.18103928985048287,
            "pno": 0.0,
            "pundecided": 0.006817266003076118,
            "punknown": 0.0,
            "time": 57.16851758956909,
            "delp_calls": 1236,
            "percY": 9087.42,
            "percN": 0.0,
            "percU": 8970.54,
            "percUNK": 0.0,
            "l": 0.18103928985048287,
            "u": 1.0
        }
    },
    "data": {
        "n_samples": 1461,
        "time": 60.006906270980835,
        "repeated_worlds": 225,
        "repeated_progs": 225,
        "unique_progs": 1236,
        "delp_calls": 1236
    }
}