{
    "status": {
        "d_28": {
            "yes": 3584,
            "no": 0,
            "undecided": 512,
            "unknown": 0,
            "pyes": 0.996319999999999,
            "pno": 0.0,
            "pundecided": 0.0036799999999999997,
            "punknown": 0.0,
            "time": 163.0170602798462,
            "delp_calls": 4084,
            "percY": 659663943.68,
            "percN": 0.0,
            "percU": 94237706.24,
            "percUNK": 0.0,
            "l": 0.996319999999999,
            "u": 1.0,
            "flag": "INTEREST"
        },
        "a_16": {
            "yes": 130,
            "no": 2102,
            "undecided": 1864,
            "unknown": 0,
            "pyes": 0.0010248291285545649,
            "pno": 0.9599806544821319,
            "pundecided": 0.03899451638931328,
            "punknown": 0.0,
            "time": 167.67216420173645,
            "delp_calls": 4084,
            "percY": 23927542.6,
            "percN": 386889958.04,
            "percU": 343084149.28,
            "percUNK": 0.0,
            "l": 0.0010248291285545649,
            "u": 0.04001934551786812,
            "flag": "INTEREST"
        }
    },
    "data": {
        "n_samples": 18405802,
        "time": 600.000018119812,
        "repeated_worlds": 18397610,
        "repeated_progs": 18397634,
        "unique_progs": 8168,
        "delp_calls": 8168
    }
}