{
    "status": {
        "~d_10": {
            "yes": 3938,
            "no": 0,
            "undecided": 0,
            "unknown": 0,
            "pyes": 1.0000000000000009,
            "pno": 0.0,
            "pundecided": 0.0,
            "punknown": 0.0,
            "time": 170.99411964416504,
            "delp_calls": 3938,
            "percY": 301020.72,
            "percN": 0.0,
            "percU": 0.0,
            "percUNK": 0.0,
            "l": 1.0000000000000009,
            "u": 1.0,
            "flag": "INTEREST"
        },
        "~a_8": {
            "yes": 562,
            "no": 2816,
            "undecided": 328,
            "unknown": 0,
            "pyes": 0.00816782558399283,
            "pno": 0.9861936479215974,
            "pundecided": 0.00563852649441048,
            "punknown": 0.0,
            "time": 166.83523273468018,
            "delp_calls": 3706,
            "percY": 42959.28,
            "percN": 215255.04,
            "percU": 25072.32,
            "percUNK": 0.0,
            "l": 0.00816782558399283,
            "u": 0.01380635207840264,
            "flag": "INTEREST"
        }
    },
    "data": {
        "n_samples": 7644,
        "time": 600.123416185379,
        "repeated_programs": 0,
        "inconsistent_programs": 0,
        "worlds_consulted": 16384,
        "delp_calls": 7644
    }
}