{
    "status": {
        "a_7": {
            "yes": 0,
            "no": 24576,
            "undecided": 0,
            "unknown": 0,
            "pyes": 0.0,
            "pno": 0.019965163219524712,
            "pundecided": 0.0,
            "punknown": 0.0,
            "time": 1255.7353632450104,
            "delp_calls": 886,
            "percY": 0.0,
            "percN": 6349701.12,
            "percU": 0.0,
            "percUNK": 0.0,
            "l": 0.0,
            "u": 0.9800348367804753
        }
    },
    "data": {
        "n_samples": 25837,
        "time": 60.0004665851593,
        "repeated_worlds": 1261,
        "repeated_progs": 24951,
        "unique_progs": 886,
        "delp_calls": 886
    }
}