{
    "status": {
        "~d_17": {
            "yes": 1685,
            "no": 0,
            "undecided": 1335,
            "unknown": 297,
            "pyes": 0.2242016496109415,
            "pno": 0.0,
            "pundecided": 0.03553203745452303,
            "punknown": 0.013797868257887808,
            "time": 161.2210409641266,
            "delp_calls": 5374,
            "percY": 271116.5,
            "percN": 0.0,
            "percU": 214801.5,
            "percUNK": 47787.3,
            "l": 0.2242016496109415,
            "u": 1.0
        },
        "a_7": {
            "yes": 1009,
            "no": 890,
            "undecided": 1473,
            "unknown": 8,
            "pyes": 0.09314319781569878,
            "pno": 0.12402870439016424,
            "pundecided": 0.06831858613431221,
            "punknown": 0.0003596656732333226,
            "time": 164.394380569458,
            "delp_calls": 5377,
            "percY": 162348.1,
            "percN": 143201.0,
            "percU": 237005.7,
            "percUNK": 1287.2,
            "l": 0.09314319781569878,
            "u": 0.8759712956098358
        },
        "~a_7": {
            "yes": 890,
            "no": 1005,
            "undecided": 1501,
            "unknown": 6,
            "pyes": 0.12327011834780678,
            "pno": 0.08991357827396497,
            "pundecided": 0.05689624185126206,
            "punknown": 0.0004734841264319126,
            "time": 166.452538728714,
            "delp_calls": 5339,
            "percY": 143201.0,
            "percN": 161704.5,
            "percU": 241510.9,
            "percUNK": 965.4,
            "l": 0.12327011834780678,
            "u": 0.910086421726035
        }
    },
    "data": {
        "n_samples": 16090,
        "time": 900.1078977584839,
        "repeated_programs": 0,
        "inconsistent_programs": 5991,
        "worlds_consulted": 4793,
        "delp_calls": 16090
    }
}