{
    "status": {
        "~d_17": {
            "yes": 144047,
            "no": 0,
            "undecided": 143464,
            "unknown": 0,
            "pyes": 0.014330644669091794,
            "pno": 0.0,
            "pundecided": 0.0029468810759281545,
            "punknown": 0.0,
            "time": 11745.761199235916,
            "delp_calls": 4096,
            "percY": 1087135673.23,
            "percN": 0.0,
            "percU": 1082735719.76,
            "percUNK": 0.0,
            "l": 0.014330644669091794,
            "u": 1.0
        },
        "a_7": {
            "yes": 68977,
            "no": 54141,
            "undecided": 123586,
            "unknown": 0,
            "pyes": 0.0052657354511446205,
            "pno": 0.004591836513950962,
            "pundecided": 0.0033557944071930554,
            "punknown": 0.0,
            "time": 11285.468977928162,
            "delp_calls": 4096,
            "percY": 520575626.93,
            "percN": 408606999.69,
            "percU": 932714664.74,
            "percUNK": 0.0,
            "l": 0.0052657354511446205,
            "u": 0.995408163486049
        },
        "~a_7": {
            "yes": 47000,
            "no": 60660,
            "undecided": 107161,
            "unknown": 0,
            "pyes": 0.0064141000188310884,
            "pno": 0.004677294959285815,
            "pundecided": 0.003087990151423804,
            "punknown": 0.0,
            "time": 10650.430603265762,
            "delp_calls": 4096,
            "percY": 354713230.0,
            "percN": 457806479.4,
            "percU": 808753711.49,
            "percUNK": 0.0,
            "l": 0.0064141000188310884,
            "u": 0.9953227050407142
        }
    },
    "data": {
        "n_samples": 754709,
        "time": 900.0005049705505,
        "repeated_worlds": 5673,
        "repeated_progs": 742421,
        "unique_progs": 12288,
        "delp_calls": 12288
    }
}