{
    "status": {
        "a_7": {
            "yes": 896,
            "no": 0,
            "undecided": 297,
            "unknown": 0,
            "pyes": 0.12278286577395227,
            "pno": 0.0,
            "pundecided": 8.26262684706775e-06,
            "punknown": 0.0,
            "time": 56.655566692352295,
            "delp_calls": 1193,
            "percY": 36879.36,
            "percN": 0.0,
            "percU": 12224.52,
            "percUNK": 0.0,
            "l": 0.12278286577395227,
            "u": 1.0
        },
        "a_11": {
            "yes": 924,
            "no": 0,
            "undecided": 284,
            "unknown": 0,
            "pyes": 0.729281692801818,
            "pno": 0.0,
            "pundecided": 0.057564455689616864,
            "punknown": 0.0,
            "time": 56.633158683776855,
            "delp_calls": 1208,
            "percY": 38031.84,
            "percN": 0.0,
            "percU": 11689.44,
            "percUNK": 0.0,
            "l": 0.729281692801818,
            "u": 1.0,
            "flag": "INTEREST"
        },
        "~a_18": {
            "yes": 688,
            "no": 0,
            "undecided": 418,
            "unknown": 0,
            "pyes": 0.15982044093425113,
            "pno": 0.0,
            "pundecided": 0.0017420366678223035,
            "punknown": 0.0,
            "time": 57.014623403549194,
            "delp_calls": 1106,
            "percY": 28318.08,
            "percN": 0.0,
            "percU": 17204.88,
            "percUNK": 0.0,
            "l": 0.15982044093425113,
            "u": 1.0
        }
    },
    "data": {
        "n_samples": 4116,
        "time": 180.0653100013733,
        "repeated_worlds": 609,
        "repeated_progs": 609,
        "unique_progs": 3507,
        "delp_calls": 3507
    }
}