{
    "status": {
        "~a_10": {
            "yes": 823,
            "no": 0,
            "undecided": 392,
            "unknown": 153,
            "pyes": 0.06370821359931421,
            "pno": 0.0,
            "pundecided": 0.06460212753411049,
            "punknown": 0.06714755657082198,
            "time": 55.783398151397705,
            "delp_calls": 1368,
            "percY": 13398.44,
            "percN": 0.0,
            "percU": 6381.76,
            "percUNK": 2490.84,
            "l": 0.06370821359931421,
            "u": 1.0
        }
    },
    "data": {
        "n_samples": 1628,
        "time": 60.01718068122864,
        "repeated_worlds": 260,
        "repeated_progs": 260,
        "unique_progs": 1368,
        "delp_calls": 1368
    }
}