{
    "status": {
        "~a_10": {
            "yes": 122,
            "no": 0,
            "undecided": 68,
            "unknown": 36,
            "pyes": 0.030950415033844027,
            "pno": 0.0,
            "pundecided": 0.012202892612892627,
            "punknown": 0.006684589686618477,
            "time": 9.097898006439209,
            "delp_calls": 226,
            "percY": 275.72,
            "percN": 0.0,
            "percU": 153.68,
            "percUNK": 81.36,
            "l": 0.030950415033844027,
            "u": 1.0
        }
    },
    "data": {
        "n_samples": 226,
        "time": 60.006587982177734,
        "repeated_programs": 0,
        "inconsistent_programs": 0,
        "worlds_consulted": 221,
        "delp_calls": 226
    }
}