{
    "status": {
        "d_9": {
            "yes": 1343,
            "no": 0,
            "undecided": 0,
            "unknown": 0,
            "pyes": 0.8441054583922462,
            "pno": 0.0,
            "pundecided": 0.0,
            "punknown": 0.0,
            "time": 89.66627049446106,
            "delp_calls": 1343,
            "percY": 55680.78,
            "percN": 0.0,
            "percU": 0.0,
            "percUNK": 0.0,
            "l": 0.8441054583922462,
            "u": 1.0,
            "flag": "INTEREST"
        },
        "~a_8": {
            "yes": 733,
            "no": 658,
            "undecided": 0,
            "unknown": 0,
            "pyes": 0.800509637420996,
            "pno": 0.19515464062637294,
            "pundecided": 0.0,
            "punknown": 0.0,
            "time": 91.51288342475891,
            "delp_calls": 1391,
            "percY": 30390.18,
            "percN": 27280.68,
            "percU": 0.0,
            "percUNK": 0.0,
            "l": 0.800509637420996,
            "u": 0.8048453593736271,
            "flag": "INTEREST"
        },
        "~a_7": {
            "yes": 822,
            "no": 590,
            "undecided": 0,
            "unknown": 0,
            "pyes": 0.32982888975923813,
            "pno": 0.6320146687998445,
            "pundecided": 0.0,
            "punknown": 0.0,
            "time": 92.09566259384155,
            "delp_calls": 1412,
            "percY": 34080.12,
            "percN": 24461.4,
            "percU": 0.0,
            "percUNK": 0.0,
            "l": 0.32982888975923813,
            "u": 0.36798533120015553,
            "flag": "INTEREST"
        }
    },
    "data": {
        "n_samples": 4146,
        "time": 900.3571610450745,
        "repeated_programs": 0,
        "inconsistent_programs": 0,
        "worlds_consulted": 83482,
        "delp_calls": 4146
    }
}