{
    "status": {
        "d_53": {
            "yes": 4096,
            "no": 0,
            "undecided": 0,
            "unknown": 0,
            "pyes": 0.9999999999999984,
            "pno": 0.0,
            "pundecided": 0.0,
            "punknown": 0.0,
            "time": 166.36065196990967,
            "delp_calls": 3560,
            "percY": 502160056.32,
            "percN": 0.0,
            "percU": 0.0,
            "percUNK": 0.0,
            "l": 0.9999999999999984,
            "u": 1.0,
            "flag": "INTEREST"
        },
        "~a_14": {
            "yes": 0,
            "no": 4096,
            "undecided": 0,
            "unknown": 0,
            "pyes": 0.0,
            "pno": 0.9999999999999984,
            "pundecided": 0.0,
            "punknown": 0.0,
            "time": 224.88592433929443,
            "delp_calls": 3560,
            "percY": 0.0,
            "percN": 502160056.32,
            "percU": 0.0,
            "percUNK": 0.0,
            "l": 0.0,
            "u": 1.5543122344752192e-15,
            "flag": "INTEREST"
        }
    },
    "data": {
        "n_samples": 12259767,
        "time": 600.0000166893005,
        "repeated_worlds": 12251575,
        "repeated_progs": 12252647,
        "unique_progs": 7120,
        "delp_calls": 7120
    }
}