{
    "status": {
        "a_9": {
            "yes": 131072,
            "no": 0,
            "undecided": 131072,
            "unknown": 0,
            "pyes": 0.9999999999999939,
            "pno": 0.0,
            "pundecided": 0.0,
            "punknown": 0.0,
            "time": 10658.5869140625,
            "delp_calls": 256,
            "percY": 19429429084.16,
            "percN": 0.0,
            "percU": 19429429084.16,
            "percUNK": 0.0,
            "l": 0.9999999999999939,
            "u": 1.0,
            "flag": "INTEREST"
        }
    },
    "data": {
        "n_samples": 14823478,
        "time": 300.00001406669617,
        "repeated_worlds": 14561334,
        "repeated_progs": 14823222,
        "unique_progs": 256,
        "delp_calls": 256
    }
}