{
    "status": {
        "a_0": {
            "yes": 1127,
            "no": 0,
            "undecided": 0,
            "unknown": 0,
            "pyes": 1.0,
            "pno": 0.0,
            "pundecided": 0.0,
            "punknown": 0.0,
            "time": 50.93632745742798,
            "delp_calls": 1127,
            "percY": 37405.13,
            "percN": 0.0,
            "percU": 0.0,
            "percUNK": 0.0,
            "l": 1.0,
            "u": 1.0,
            "flag": "INTEREST"
        },
        "a_8": {
            "yes": 1041,
            "no": 60,
            "undecided": 0,
            "unknown": 0,
            "pyes": 0.9970242941020087,
            "pno": 0.0029757058979911974,
            "pundecided": 0.0,
            "punknown": 0.0,
            "time": 50.85861682891846,
            "delp_calls": 1101,
            "percY": 34550.79,
            "percN": 1991.4,
            "percU": 0.0,
            "percUNK": 0.0,
            "l": 0.9970242941020087,
            "u": 0.9970242941020088,
            "flag": "INTEREST"
        },
        "~a_8": {
            "yes": 62,
            "no": 1029,
            "undecided": 0,
            "unknown": 0,
            "pyes": 0.002975705897991197,
            "pno": 0.9970242941020088,
            "pundecided": 0.0,
            "punknown": 0.0,
            "time": 50.81750535964966,
            "delp_calls": 1091,
            "percY": 2057.78,
            "percN": 34152.51,
            "percU": 0.0,
            "percUNK": 0.0,
            "l": 0.002975705897991197,
            "u": 0.002975705897991232,
            "flag": "INTEREST"
        }
    },
    "data": {
        "n_samples": 3319,
        "time": 180.07725167274475,
        "repeated_programs": 0,
        "inconsistent_programs": 0,
        "worlds_consulted": 3072,
        "delp_calls": 3319
    }
}