{
    "status": {
        "a_0": {
            "yes": 140526,
            "no": 0,
            "undecided": 0,
            "unknown": 0,
            "pyes": 0.008496865298040893,
            "pno": 0.0,
            "pundecided": 0.0,
            "punknown": 0.0,
            "time": 5872.967200040817,
            "delp_calls": 56,
            "percY": 580569116.4,
            "percN": 0.0,
            "percU": 0.0,
            "percUNK": 0.0,
            "l": 0.008496865298040893,
            "u": 1.0
        },
        "a_8": {
            "yes": 120440,
            "no": 14084,
            "undecided": 0,
            "unknown": 0,
            "pyes": 0.00993120008941327,
            "pno": 2.3012825805536487e-05,
            "pundecided": 0.0,
            "punknown": 0.0,
            "time": 6304.0096390247345,
            "delp_calls": 56,
            "percY": 497585816.0,
            "percN": 58186637.6,
            "percU": 0.0,
            "percUNK": 0.0,
            "l": 0.00993120008941327,
            "u": 0.9999769871741945
        },
        "~a_8": {
            "yes": 14295,
            "no": 122151,
            "undecided": 0,
            "unknown": 0,
            "pyes": 2.5110789700882373e-05,
            "pno": 0.007719584628140486,
            "pundecided": 0.0,
            "punknown": 0.0,
            "time": 6996.65224814415,
            "delp_calls": 56,
            "percY": 59058363.0,
            "percN": 504654641.4,
            "percU": 0.0,
            "percUNK": 0.0,
            "l": 2.5110789700882373e-05,
            "u": 0.9922804153718595
        }
    },
    "data": {
        "n_samples": 413140,
        "time": 180.00084471702576,
        "repeated_worlds": 1644,
        "repeated_progs": 412972,
        "unique_progs": 168,
        "delp_calls": 168
    }
}