{
    "status": {
        "d_44": {
            "yes": 6948,
            "no": 0,
            "undecided": 0,
            "unknown": 0,
            "pyes": 0.01951296731675318,
            "pno": 0.0,
            "pundecided": 0.0,
            "punknown": 0.0,
            "time": 292.9455370903015,
            "delp_calls": 6728,
            "percY": 1368756.0,
            "percN": 0.0,
            "percU": 0.0,
            "percUNK": 0.0,
            "l": 0.01951296731675318,
            "u": 1.0
        },
        "a_19": {
            "yes": 5596,
            "no": 706,
            "undecided": 461,
            "unknown": 0,
            "pyes": 0.0025285429511207927,
            "pno": 0.00024726703212442846,
            "pundecided": 2.4854521344234068e-06,
            "punknown": 0.0,
            "time": 292.2914192676544,
            "delp_calls": 6571,
            "percY": 1102412.0,
            "percN": 139082.0,
            "percU": 90817.0,
            "percUNK": 0.0,
            "l": 0.0025285429511207927,
            "u": 0.9997527329678756
        },
        "~a_17": {
            "yes": 5774,
            "no": 0,
            "undecided": 0,
            "unknown": 0,
            "pyes": 0.0013789462369051622,
            "pno": 0.0,
            "pundecided": 0.0,
            "punknown": 0.0,
            "time": 294.32397651672363,
            "delp_calls": 5619,
            "percY": 1137478.0,
            "percN": 0.0,
            "percU": 0.0,
            "percUNK": 0.0,
            "l": 0.0013789462369051622,
            "u": 1.0
        }
    },
    "data": {
        "n_samples": 19700,
        "time": 900.0705161094666,
        "repeated_worlds": 215,
        "repeated_progs": 782,
        "unique_progs": 18918,
        "delp_calls": 18918
    }
}