{
    "status": {
        "~d_46": {
            "yes": 376,
            "no": 0,
            "undecided": 445,
            "unknown": 727,
            "pyes": 0.012845197851618036,
            "pno": 0.0,
            "pundecided": 0.06629496169971083,
            "punknown": 0.06444617888592562,
            "time": 63.75047278404236,
            "delp_calls": 1391,
            "percY": 18698.48,
            "percN": 0.0,
            "percU": 22129.85,
            "percUNK": 36153.71,
            "l": 0.012845197851618036,
            "u": 1.0
        },
        "a_15": {
            "yes": 1226,
            "no": 0,
            "undecided": 0,
            "unknown": 0,
            "pyes": 0.17057771609244654,
            "pno": 0.0,
            "pundecided": 0.0,
            "punknown": 0.0,
            "time": 62.842936754226685,
            "delp_calls": 1131,
            "percY": 60968.98,
            "percN": 0.0,
            "percU": 0.0,
            "percUNK": 0.0,
            "l": 0.17057771609244654,
            "u": 1.0
        },
        "a_14": {
            "yes": 874,
            "no": 185,
            "undecided": 251,
            "unknown": 0,
            "pyes": 0.04785087964092576,
            "pno": 0.07372694692641714,
            "pundecided": 0.038294873899653824,
            "punknown": 0.0,
            "time": 63.66189002990723,
            "delp_calls": 1183,
            "percY": 43464.02,
            "percN": 9200.05,
            "percU": 12482.23,
            "percUNK": 0.0,
            "l": 0.04785087964092576,
            "u": 0.9262730530735829
        }
    },
    "data": {
        "n_samples": 4973,
        "time": 180.07630228996277,
        "repeated_worlds": 889,
        "repeated_progs": 1268,
        "unique_progs": 3705,
        "delp_calls": 3705
    }
}