{
    "status": {
        "a_6": {
            "yes": 262144,
            "no": 0,
            "undecided": 0,
            "unknown": 0,
            "pyes": 0.9999999999999698,
            "pno": 0.0,
            "pundecided": 0.0,
            "punknown": 0.0,
            "time": 15763.99494934082,
            "delp_calls": 300,
            "percY": 24857246433.28,
            "percN": 0.0,
            "percU": 0.0,
            "percUNK": 0.0,
            "l": 0.9999999999999698,
            "u": 1.0,
            "flag": "INTEREST"
        }
    },
    "data": {
        "n_samples": 9482287,
        "time": 300.0000100135803,
        "repeated_worlds": 9220143,
        "repeated_progs": 9481987,
        "unique_progs": 300,
        "delp_calls": 300
    }
}