{
    "status": {
        "a_5": {
            "yes": 6150,
            "no": 0,
            "undecided": 2985,
            "unknown": 1294,
            "pyes": 0.05989315256998331,
            "pno": 0.0,
            "pundecided": 0.00047015640199265705,
            "punknown": 1.9428527774016396e-07,
            "time": 445.20553374290466,
            "delp_calls": 6639,
            "percY": 655344.0,
            "percN": 0.0,
            "percU": 318081.6,
            "percUNK": 137888.64,
            "l": 0.05989315256998331,
            "u": 1.0
        }
    },
    "data": {
        "n_samples": 10656,
        "time": 300.0372154712677,
        "repeated_worlds": 227,
        "repeated_progs": 4017,
        "unique_progs": 6639,
        "delp_calls": 6639
    }
}