{
    "status": {
        "a_13": {
            "yes": 401,
            "no": 0,
            "undecided": 669,
            "unknown": 49,
            "pyes": 0.5443279258924203,
            "pno": 0.0,
            "pundecided": 0.07534039056619853,
            "punknown": 0.0011989949833779217,
            "time": 55.110657691955566,
            "delp_calls": 1119,
            "percY": 5160.87,
            "percN": 0.0,
            "percU": 8610.03,
            "percUNK": 630.63,
            "l": 0.5443279258924203,
            "u": 1.0,
            "flag": "INTEREST"
        }
    },
    "data": {
        "n_samples": 1287,
        "time": 60.01197648048401,
        "repeated_worlds": 168,
        "repeated_progs": 168,
        "unique_progs": 1119,
        "delp_calls": 1119
    }
}