{
    "status": {
        "a_13": {
            "yes": 418,
            "no": 0,
            "undecided": 709,
            "unknown": 56,
            "pyes": 0.516183057112624,
            "pno": 0.0,
            "pundecided": 0.025987173701049512,
            "punknown": 0.0012457771672039308,
            "time": 56.139506816864014,
            "delp_calls": 1183,
            "percY": 5789.3,
            "percN": 0.0,
            "percU": 9819.65,
            "percUNK": 775.6,
            "l": 0.516183057112624,
            "u": 1.0,
            "flag": "INTEREST"
        }
    },
    "data": {
        "n_samples": 1385,
        "time": 60.05276370048523,
        "repeated_worlds": 202,
        "repeated_progs": 202,
        "unique_progs": 1183,
        "delp_calls": 1183
    }
}