{
    "status": {
        "a_12": {
            "yes": 2405,
            "no": 0,
            "undecided": 0,
            "unknown": 0,
            "pyes": 0.8966944512989641,
            "pno": 0.0,
            "pundecided": 0.0,
            "punknown": 0.0,
            "time": 96.42618799209595,
            "delp_calls": 4888,
            "percY": 117556.4,
            "percN": 0.0,
            "percU": 0.0,
            "percUNK": 0.0,
            "l": 0.8966944512989641,
            "u": 1.0,
            "flag": "INTEREST"
        }
    },
    "data": {
        "n_samples": 4888,
        "time": 300.00838708877563,
        "repeated_programs": 0,
        "inconsistent_programs": 2483,
        "worlds_consulted": 1404,
        "delp_calls": 4888
    }
}