{
    "status": {
        "a_1": {
            "yes": 6742,
            "no": 0,
            "undecided": 0,
            "unknown": 0,
            "pyes": 0.008278827917992051,
            "pno": 0.0,
            "pundecided": 0.0,
            "punknown": 0.0,
            "time": 286.079473733902,
            "delp_calls": 6656,
            "percY": 901944.76,
            "percN": 0.0,
            "percU": 0.0,
            "percUNK": 0.0,
            "l": 0.008278827917992051,
            "u": 1.0
        },
        "a_16": {
            "yes": 1601,
            "no": 0,
            "undecided": 4873,
            "unknown": 0,
            "pyes": 0.0019139783189725268,
            "pno": 0.0,
            "pundecided": 0.004287657744590359,
            "punknown": 0.0,
            "time": 286.07370495796204,
            "delp_calls": 6405,
            "percY": 214181.78,
            "percN": 0.0,
            "percU": 651909.94,
            "percUNK": 0.0,
            "l": 0.0019139783189725268,
            "u": 1.0
        }
    },
    "data": {
        "n_samples": 13378,
        "time": 600.0881781578064,
        "repeated_worlds": 162,
        "repeated_progs": 317,
        "unique_progs": 13061,
        "delp_calls": 13061
    }
}