{
    "status": {
        "a_1": {
            "yes": 1608,
            "no": 0,
            "undecided": 0,
            "unknown": 0,
            "pyes": 0.00033298890787479893,
            "pno": 0.0,
            "pundecided": 0.0,
            "punknown": 0.0,
            "time": 66.93939781188965,
            "delp_calls": 2158,
            "percY": 69240.48,
            "percN": 0.0,
            "percU": 0.0,
            "percUNK": 0.0,
            "l": 0.00033298890787479893,
            "u": 1.0
        },
        "a_16": {
            "yes": 421,
            "no": 0,
            "undecided": 1217,
            "unknown": 0,
            "pyes": 0.00027896094382366514,
            "pno": 0.0,
            "pundecided": 0.0001602739678895651,
            "punknown": 0.0,
            "time": 70.07300305366516,
            "delp_calls": 2148,
            "percY": 18128.26,
            "percN": 0.0,
            "percU": 52404.02,
            "percUNK": 0.0,
            "l": 0.00027896094382366514,
            "u": 1.0
        }
    },
    "data": {
        "n_samples": 4306,
        "time": 600.2661910057068,
        "repeated_programs": 0,
        "inconsistent_programs": 1060,
        "worlds_consulted": 4425,
        "delp_calls": 4306
    }
}