{
    "status": {
        "a_5": {
            "yes": 3613,
            "no": 0,
            "undecided": 0,
            "unknown": 0,
            "pyes": 0.7276611619999998,
            "pno": 0.0,
            "pundecided": 0.0,
            "punknown": 0.0,
            "time": 144.2228648662567,
            "delp_calls": 6779,
            "percY": 486671.1,
            "percN": 0.0,
            "percU": 0.0,
            "percUNK": 0.0,
            "l": 0.7276611619999998,
            "u": 1.0,
            "flag": "INTEREST"
        },
        "~a_8": {
            "yes": 1198,
            "no": 732,
            "undecided": 1725,
            "unknown": 0,
            "pyes": 0.08647367234022497,
            "pno": 0.631457907659775,
            "pundecided": 0.009729582,
            "punknown": 0.0,
            "time": 147.38236951828003,
            "delp_calls": 6691,
            "percY": 161370.6,
            "percN": 98600.4,
            "percU": 232357.5,
            "percUNK": 0.0,
            "l": 0.08647367234022497,
            "u": 0.36854209234022495,
            "flag": "INTEREST"
        }
    },
    "data": {
        "n_samples": 13470,
        "time": 600.0259122848511,
        "repeated_programs": 0,
        "inconsistent_programs": 6202,
        "worlds_consulted": 256,
        "delp_calls": 13470
    }
}