{
    "status": {
        "a_5": {
            "yes": 2048,
            "no": 0,
            "undecided": 2048,
            "unknown": 0,
            "pyes": 0.7276611620000022,
            "pno": 0.0,
            "pundecided": 0.27233883799999997,
            "punknown": 0.0,
            "time": 167.6744384765625,
            "delp_calls": 256,
            "percY": 862921932.8,
            "percN": 0.0,
            "percU": 862921932.8,
            "percUNK": 0.0,
            "l": 0.7276611620000022,
            "u": 1.0,
            "flag": "INTEREST"
        },
        "~a_8": {
            "yes": 1152,
            "no": 896,
            "undecided": 2048,
            "unknown": 0,
            "pyes": 0.11146609307755699,
            "pno": 0.8285339069224432,
            "pundecided": 0.05999999999999999,
            "punknown": 0.0,
            "time": 165.34009170532227,
            "delp_calls": 256,
            "percY": 485393587.2,
            "percN": 377528345.6,
            "percU": 862921932.8,
            "percUNK": 0.0,
            "l": 0.11146609307755699,
            "u": 0.17146609307755678,
            "flag": "INTEREST"
        }
    },
    "data": {
        "n_samples": 42134860,
        "time": 600.0000143051147,
        "repeated_worlds": 42126668,
        "repeated_progs": 42134348,
        "unique_progs": 512,
        "delp_calls": 512
    }
}