{
    "status": {
        "~d_30": {
            "yes": 950,
            "no": 0,
            "undecided": 303,
            "unknown": 0,
            "pyes": 0.16915727595410912,
            "pno": 0.0,
            "pundecided": 0.006695041898387216,
            "punknown": 0.0,
            "time": 59.14406418800354,
            "delp_calls": 1203,
            "percY": 14297.5,
            "percN": 0.0,
            "percU": 4560.15,
            "percUNK": 0.0,
            "l": 0.16915727595410912,
            "u": 1.0
        }
    },
    "data": {
        "n_samples": 1505,
        "time": 60.00349450111389,
        "repeated_worlds": 252,
        "repeated_progs": 302,
        "unique_progs": 1203,
        "delp_calls": 1203
    }
}