{
    "status": {
        "d_16": {
            "yes": 169,
            "no": 0,
            "undecided": 201,
            "unknown": 0,
            "pyes": 0.26627521345139227,
            "pno": 0.0,
            "pundecided": 0.0038711823288243275,
            "punknown": 0.0,
            "time": 18.688554525375366,
            "delp_calls": 370,
            "percY": 1267.5,
            "percN": 0.0,
            "percU": 1507.5,
            "percUNK": 0.0,
            "l": 0.26627521345139227,
            "u": 1.0
        },
        "a_8": {
            "yes": 342,
            "no": 0,
            "undecided": 38,
            "unknown": 0,
            "pyes": 0.16664888523646706,
            "pno": 0.0,
            "pundecided": 0.0008832708609503994,
            "punknown": 0.0,
            "time": 19.50790500640869,
            "delp_calls": 380,
            "percY": 2565.0,
            "percN": 0.0,
            "percU": 285.0,
            "percUNK": 0.0,
            "l": 0.16664888523646706,
            "u": 1.0
        }
    },
    "data": {
        "n_samples": 750,
        "time": 600.8329241275787,
        "repeated_programs": 0,
        "inconsistent_programs": 0,
        "worlds_consulted": 90052,
        "delp_calls": 750
    }
}