{
    "status": {
        "d_16": {
            "yes": 306098,
            "no": 0,
            "undecided": 102259,
            "unknown": 0,
            "pyes": 0.02253704212584559,
            "pno": 0.0,
            "pundecided": 0.0015920460905817196,
            "punknown": 0.0,
            "time": 17626.28578567505,
            "delp_calls": 2339,
            "percY": 2389257121.94,
            "percN": 0.0,
            "percU": 798185692.27,
            "percUNK": 0.0,
            "l": 0.02253704212584559,
            "u": 1.0
        },
        "a_8": {
            "yes": 311931,
            "no": 0,
            "undecided": 51368,
            "unknown": 0,
            "pyes": 0.022347628556490768,
            "pno": 0.0,
            "pundecided": 0.000340503030907885,
            "punknown": 0.0,
            "time": 18695.519700288773,
            "delp_calls": 2339,
            "percY": 2434786778.43,
            "percN": 0.0,
            "percU": 400954465.04,
            "percUNK": 0.0,
            "l": 0.022347628556490768,
            "u": 1.0
        }
    },
    "data": {
        "n_samples": 780553,
        "time": 600.0004875659943,
        "repeated_worlds": 8897,
        "repeated_progs": 775875,
        "unique_progs": 4678,
        "delp_calls": 4678
    }
}