{
    "status": {
        "d_53": {
            "yes": 4096,
            "no": 0,
            "undecided": 0,
            "unknown": 0,
            "pyes": 1.000000000000003,
            "pno": 0.0,
            "pundecided": 0.0,
            "punknown": 0.0,
            "time": 165.64547514915466,
            "delp_calls": 3631,
            "percY": 801664737.28,
            "percN": 0.0,
            "percU": 0.0,
            "percUNK": 0.0,
            "l": 1.000000000000003,
            "u": 1.0,
            "flag": "INTEREST"
        },
        "a_16": {
            "yes": 2528,
            "no": 784,
            "undecided": 784,
            "unknown": 0,
            "pyes": 0.9080992645627785,
            "pno": 0.06041003746002049,
            "pundecided": 0.031490697977205474,
            "punknown": 0.0,
            "time": 192.74132704734802,
            "delp_calls": 3631,
            "percY": 494777455.04,
            "percN": 153443641.12,
            "percU": 153443641.12,
            "percUNK": 0.0,
            "l": 0.9080992645627785,
            "u": 0.9395899625399795,
            "flag": "INTEREST"
        }
    },
    "data": {
        "n_samples": 19571893,
        "time": 600.0000145435333,
        "repeated_worlds": 19563701,
        "repeated_progs": 19564631,
        "unique_progs": 7262,
        "delp_calls": 7262
    }
}