{
    "status": {
        "d_28": {
            "yes": 953,
            "no": 0,
            "undecided": 313,
            "unknown": 0,
            "pyes": 0.06368001209602078,
            "pno": 0.0,
            "pundecided": 0.023485798141518528,
            "punknown": 0.0,
            "time": 59.75901770591736,
            "delp_calls": 1210,
            "percY": 14380.77,
            "percN": 0.0,
            "percU": 4723.17,
            "percUNK": 0.0,
            "l": 0.06368001209602078,
            "u": 1.0
        }
    },
    "data": {
        "n_samples": 1509,
        "time": 60.03720307350159,
        "repeated_worlds": 243,
        "repeated_progs": 299,
        "unique_progs": 1210,
        "delp_calls": 1210
    }
}