{
    "status": {
        "d_28": {
            "yes": 485,
            "no": 0,
            "undecided": 172,
            "unknown": 0,
            "pyes": 0.05800193963342456,
            "pno": 0.0,
            "pundecided": 0.0016033266209911053,
            "punknown": 0.0,
            "time": 29.942866325378418,
            "delp_calls": 657,
            "percY": 3186.45,
            "percN": 0.0,
            "percU": 1130.04,
            "percUNK": 0.0,
            "l": 0.05800193963342456,
            "u": 1.0
        }
    },
    "data": {
        "n_samples": 657,
        "time": 60.07956266403198,
        "repeated_programs": 0,
        "inconsistent_programs": 0,
        "worlds_consulted": 678,
        "delp_calls": 657
    }
}