{
    "status": {
        "a_0": {
            "yes": 863,
            "no": 0,
            "undecided": 0,
            "unknown": 513,
            "pyes": 9.068963516065378e-05,
            "pno": 0.0,
            "pundecided": 0.0,
            "punknown": 3.06273392117049e-05,
            "time": 60.00621485710144,
            "delp_calls": 1307,
            "percY": 23525.38,
            "percN": 0.0,
            "percU": 0.0,
            "percUNK": 13984.38,
            "l": 9.068963516065378e-05,
            "u": 1.0
        },
        "a_8": {
            "yes": 431,
            "no": 106,
            "undecided": 808,
            "unknown": 1,
            "pyes": 1.8412529141349256e-05,
            "pno": 0.02717708422489986,
            "pundecided": 5.664120513112886e-05,
            "punknown": 6.490171181530733e-13,
            "time": 59.59922933578491,
            "delp_calls": 1288,
            "percY": 11749.06,
            "percN": 2889.56,
            "percU": 22026.08,
            "percUNK": 27.26,
            "l": 1.8412529141349256e-05,
            "u": 0.9728229157751002
        }
    },
    "data": {
        "n_samples": 2726,
        "time": 120.0634331703186,
        "repeated_worlds": 4,
        "repeated_progs": 131,
        "unique_progs": 2595,
        "delp_calls": 2595
    }
}