{
    "status": {
        "a_7": {
            "yes": 547182,
            "no": 0,
            "undecided": 181988,
            "unknown": 0,
            "pyes": 0.03328182907199739,
            "pno": 0.0,
            "pundecided": 0.004518065949034827,
            "punknown": 0.0,
            "time": 33002.90236926079,
            "delp_calls": 64,
            "percY": 8153706721.14,
            "percN": 0.0,
            "percU": 2711852324.76,
            "percUNK": 0.0,
            "l": 0.03328182907199739,
            "u": 1.0
        },
        "a_8": {
            "yes": 8590,
            "no": 538186,
            "undecided": 181542,
            "unknown": 0,
            "pyes": 0.000184840182022663,
            "pno": 0.029374772857816693,
            "pundecided": 0.012124459692386208,
            "punknown": 0.0,
            "time": 42023.20535111427,
            "delp_calls": 64,
            "percY": 128001909.3,
            "percN": 8019654896.22,
            "percU": 2705206358.34,
            "percUNK": 0.0,
            "l": 0.000184840182022663,
            "u": 0.9706252271421834
        }
    },
    "data": {
        "n_samples": 1490127,
        "time": 600.0002942085266,
        "repeated_worlds": 32639,
        "repeated_progs": 1489999,
        "unique_progs": 128,
        "delp_calls": 128
    }
}