{
    "status": {
        "a_7": {
            "yes": 4693,
            "no": 0,
            "undecided": 358,
            "unknown": 671,
            "pyes": 0.8825571696000002,
            "pno": 0.0,
            "pundecided": 0.0,
            "punknown": 0.0,
            "time": 247.70535731315613,
            "delp_calls": 5722,
            "percY": 528525.66,
            "percN": 0.0,
            "percU": 40317.96,
            "percUNK": 75568.02,
            "l": 0.8825571696000002,
            "u": 1.0,
            "flag": "INTEREST"
        },
        "a_8": {
            "yes": 1595,
            "no": 1509,
            "undecided": 2436,
            "unknown": 0,
            "pyes": 0.006220500480120729,
            "pno": 0.6258838551176009,
            "pundecided": 0.25045281400227837,
            "punknown": 0.0,
            "time": 246.58104586601257,
            "delp_calls": 5540,
            "percY": 179628.9,
            "percN": 169943.58,
            "percU": 274342.32,
            "percUNK": 0.0,
            "l": 0.006220500480120729,
            "u": 0.3741161448823991,
            "flag": "INTEREST"
        }
    },
    "data": {
        "n_samples": 11262,
        "time": 600.0581748485565,
        "repeated_programs": 0,
        "inconsistent_programs": 0,
        "worlds_consulted": 3072,
        "delp_calls": 11262
    }
}