{
    "status": {
        "a_0": {
            "yes": 4096,
            "no": 0,
            "undecided": 0,
            "unknown": 0,
            "pyes": 0.9999999999999981,
            "pno": 0.0,
            "pundecided": 0.0,
            "punknown": 0.0,
            "time": 158.94393730163574,
            "delp_calls": 160,
            "percY": 2605284352.0,
            "percN": 0.0,
            "percU": 0.0,
            "percUNK": 0.0,
            "l": 0.9999999999999981,
            "u": 1.0,
            "flag": "INTEREST"
        },
        "a_7": {
            "yes": 1216,
            "no": 2880,
            "undecided": 0,
            "unknown": 0,
            "pyes": 0.04313810763550723,
            "pno": 0.9568618923644923,
            "pundecided": 0.0,
            "punknown": 0.0,
            "time": 161.2227840423584,
            "delp_calls": 160,
            "percY": 773443792.0,
            "percN": 1831840560.0,
            "percU": 0.0,
            "percUNK": 0.0,
            "l": 0.04313810763550723,
            "u": 0.04313810763550774,
            "flag": "INTEREST"
        },
        "a_8": {
            "yes": 3712,
            "no": 384,
            "undecided": 0,
            "unknown": 0,
            "pyes": 0.9963309006965808,
            "pno": 0.003669099303418559,
            "pundecided": 0.0,
            "punknown": 0.0,
            "time": 164.79852294921875,
            "delp_calls": 160,
            "percY": 2361038944.0,
            "percN": 244245408.0,
            "percU": 0.0,
            "percUNK": 0.0,
            "l": 0.9963309006965808,
            "u": 0.9963309006965815,
            "flag": "INTEREST"
        }
    },
    "data": {
        "n_samples": 63605575,
        "time": 900.0000281333923,
        "repeated_worlds": 63593287,
        "repeated_progs": 63605095,
        "unique_progs": 480,
        "delp_calls": 480
    }
}