{
    "status": {
        "a_0": {
            "yes": 6647,
            "no": 0,
            "undecided": 0,
            "unknown": 0,
            "pyes": 0.9999999999999997,
            "pno": 0.0,
            "pundecided": 0.0,
            "punknown": 0.0,
            "time": 254.15866231918335,
            "delp_calls": 6647,
            "percY": 1305337.86,
            "percN": 0.0,
            "percU": 0.0,
            "percUNK": 0.0,
            "l": 0.9999999999999997,
            "u": 1.0,
            "flag": "INTEREST"
        },
        "a_7": {
            "yes": 2928,
            "no": 3610,
            "undecided": 0,
            "unknown": 0,
            "pyes": 0.043138107635507204,
            "pno": 0.9568618923644927,
            "pundecided": 0.0,
            "punknown": 0.0,
            "time": 255.39986562728882,
            "delp_calls": 6538,
            "percY": 575000.64,
            "percN": 708931.8,
            "percU": 0.0,
            "percUNK": 0.0,
            "l": 0.043138107635507204,
            "u": 0.043138107635507295,
            "flag": "INTEREST"
        },
        "a_8": {
            "yes": 5942,
            "no": 511,
            "undecided": 0,
            "unknown": 0,
            "pyes": 0.9963309006965814,
            "pno": 0.0036690993034185597,
            "pundecided": 0.0,
            "punknown": 0.0,
            "time": 254.7456338405609,
            "delp_calls": 6453,
            "percY": 1166889.96,
            "percN": 100350.18,
            "percU": 0.0,
            "percUNK": 0.0,
            "l": 0.9963309006965814,
            "u": 0.9963309006965815,
            "flag": "INTEREST"
        }
    },
    "data": {
        "n_samples": 19638,
        "time": 900.0893168449402,
        "repeated_programs": 0,
        "inconsistent_programs": 0,
        "worlds_consulted": 3072,
        "delp_calls": 19638
    }
}