{
    "status": {
        "d_19": {
            "yes": 131072,
            "no": 0,
            "undecided": 131072,
            "unknown": 0,
            "pyes": 0.9199999999999843,
            "pno": 0.0,
            "pundecided": 0.07999999999999986,
            "punknown": 0.0,
            "time": 10635.832946777344,
            "delp_calls": 1024,
            "percY": 29084800778.24,
            "percN": 0.0,
            "percU": 29084800778.24,
            "percUNK": 0.0,
            "l": 0.9199999999999843,
            "u": 1.0,
            "flag": "INTEREST"
        },
        "a_6": {
            "yes": 262144,
            "no": 0,
            "undecided": 0,
            "unknown": 0,
            "pyes": 0.9999999999999551,
            "pno": 0.0,
            "pundecided": 0.0,
            "punknown": 0.0,
            "time": 11837.165161132812,
            "delp_calls": 1024,
            "percY": 58169601556.48,
            "percN": 0.0,
            "percU": 0.0,
            "percUNK": 0.0,
            "l": 0.9999999999999551,
            "u": 1.0,
            "flag": "INTEREST"
        }
    },
    "data": {
        "n_samples": 22189942,
        "time": 600.0000152587891,
        "repeated_worlds": 21665654,
        "repeated_progs": 22187894,
        "unique_progs": 2048,
        "delp_calls": 2048
    }
}