{
    "status": {
        "d_66": {
            "yes": 1173,
            "no": 0,
            "undecided": 1184,
            "unknown": 0,
            "pyes": 0.15751952282313672,
            "pno": 0.0,
            "pundecided": 0.00668002795390632,
            "punknown": 0.0,
            "time": 95.52606916427612,
            "delp_calls": 4705,
            "percY": 55189.65,
            "percN": 0.0,
            "percU": 55707.2,
            "percUNK": 0.0,
            "l": 0.15751952282313672,
            "u": 1.0
        }
    },
    "data": {
        "n_samples": 4705,
        "time": 300.00519824028015,
        "repeated_programs": 0,
        "inconsistent_programs": 2348,
        "worlds_consulted": 1406,
        "delp_calls": 4705
    }
}