{
    "status": {
        "d_12": {
            "yes": 5283,
            "no": 0,
            "undecided": 0,
            "unknown": 0,
            "pyes": 1.0,
            "pno": 0.0,
            "pundecided": 0.0,
            "punknown": 0.0,
            "time": 267.5272469520569,
            "delp_calls": 5283,
            "percY": 822351.78,
            "percN": 0.0,
            "percU": 0.0,
            "percUNK": 0.0,
            "l": 1.0,
            "u": 1.0,
            "flag": "INTEREST"
        },
        "a_8": {
            "yes": 755,
            "no": 2202,
            "undecided": 2278,
            "unknown": 0,
            "pyes": 0.8068630134620159,
            "pno": 0.19073698653798402,
            "pundecided": 0.0024,
            "punknown": 0.0,
            "time": 267.61790323257446,
            "delp_calls": 5235,
            "percY": 117523.3,
            "percN": 342763.32,
            "percU": 354593.48,
            "percUNK": 0.0,
            "l": 0.8068630134620159,
            "u": 0.809263013462016,
            "flag": "INTEREST"
        },
        "~a_8": {
            "yes": 2157,
            "no": 700,
            "undecided": 2191,
            "unknown": 0,
            "pyes": 0.19073698653798402,
            "pno": 0.8068630134620159,
            "pundecided": 0.0023999999999999994,
            "punknown": 0.0,
            "time": 268.4977397918701,
            "delp_calls": 5048,
            "percY": 335758.62,
            "percN": 108962.0,
            "percU": 341051.06,
            "percUNK": 0.0,
            "l": 0.19073698653798402,
            "u": 0.19313698653798406,
            "flag": "INTEREST"
        }
    },
    "data": {
        "n_samples": 15566,
        "time": 900.0858640670776,
        "repeated_programs": 0,
        "inconsistent_programs": 0,
        "worlds_consulted": 1536,
        "delp_calls": 15566
    }
}