{
    "status": {
        "d_12": {
            "yes": 4096,
            "no": 0,
            "undecided": 0,
            "unknown": 0,
            "pyes": 1.0000000000000007,
            "pno": 0.0,
            "pundecided": 0.0,
            "punknown": 0.0,
            "time": 155.65304565429688,
            "delp_calls": 70,
            "percY": 2302341324.8,
            "percN": 0.0,
            "percU": 0.0,
            "percUNK": 0.0,
            "l": 1.0000000000000007,
            "u": 1.0,
            "flag": "INTEREST"
        },
        "a_8": {
            "yes": 384,
            "no": 2688,
            "undecided": 1024,
            "unknown": 0,
            "pyes": 0.8068630134620152,
            "pno": 0.19073698653798393,
            "pundecided": 0.002399999999999996,
            "punknown": 0.0,
            "time": 167.23528671264648,
            "delp_calls": 70,
            "percY": 215844499.2,
            "percN": 1510911494.4,
            "percU": 575585331.2,
            "percUNK": 0.0,
            "l": 0.8068630134620152,
            "u": 0.809263013462016,
            "flag": "INTEREST"
        },
        "~a_8": {
            "yes": 2688,
            "no": 384,
            "undecided": 1024,
            "unknown": 0,
            "pyes": 0.19073698653798427,
            "pno": 0.8068630134620157,
            "pundecided": 0.0023999999999999946,
            "punknown": 0.0,
            "time": 200.41901779174805,
            "delp_calls": 70,
            "percY": 1510911494.4,
            "percN": 215844499.2,
            "percU": 575585331.2,
            "percUNK": 0.0,
            "l": 0.19073698653798427,
            "u": 0.19313698653798428,
            "flag": "INTEREST"
        }
    },
    "data": {
        "n_samples": 56209505,
        "time": 900.0000138282776,
        "repeated_worlds": 56197217,
        "repeated_progs": 56209295,
        "unique_progs": 210,
        "delp_calls": 210
    }
}