{
    "status": {
        "~d_13": {
            "yes": 2477,
            "no": 0,
            "undecided": 0,
            "unknown": 0,
            "pyes": 0.859418402744315,
            "pno": 0.0,
            "pundecided": 0.0,
            "punknown": 0.0,
            "time": 136.45815563201904,
            "delp_calls": 4786,
            "percY": 226670.27,
            "percN": 0.0,
            "percU": 0.0,
            "percUNK": 0.0,
            "l": 0.859418402744315,
            "u": 1.0,
            "flag": "INTEREST"
        },
        "a_7": {
            "yes": 1458,
            "no": 785,
            "undecided": 0,
            "unknown": 0,
            "pyes": 0.8565766399644283,
            "pno": 0.005193832431498986,
            "pundecided": 0.0,
            "punknown": 0.0,
            "time": 135.61003351211548,
            "delp_calls": 4365,
            "percY": 133421.58,
            "percN": 71835.35,
            "percU": 0.0,
            "percUNK": 0.0,
            "l": 0.8565766399644283,
            "u": 0.994806167568501,
            "flag": "INTEREST"
        }
    },
    "data": {
        "n_samples": 9151,
        "time": 600.0431723594666,
        "repeated_programs": 0,
        "inconsistent_programs": 4431,
        "worlds_consulted": 1011,
        "delp_calls": 9151
    }
}