{
    "status": {
        "a_5": {
            "yes": 276,
            "no": 0,
            "undecided": 1592,
            "unknown": 1201,
            "pyes": 0.09033814486867213,
            "pno": 0.0,
            "pundecided": 0.0007494401645032221,
            "punknown": 0.002629535478065601,
            "time": 127.43804216384888,
            "delp_calls": 3069,
            "percY": 17040.24,
            "percN": 0.0,
            "percU": 98290.08,
            "percUNK": 74149.74,
            "l": 0.09033814486867213,
            "u": 1.0
        },
        "~a_7": {
            "yes": 864,
            "no": 1121,
            "undecided": 1081,
            "unknown": 39,
            "pyes": 7.38375930854555e-05,
            "pno": 0.043324009711110736,
            "pundecided": 0.0009843067540448698,
            "punknown": 3.1775893402646407e-07,
            "time": 131.2207736968994,
            "delp_calls": 3105,
            "percY": 53343.36,
            "percN": 69210.54,
            "percU": 66740.94,
            "percUNK": 2407.86,
            "l": 7.38375930854555e-05,
            "u": 0.9566759902888893
        }
    },
    "data": {
        "n_samples": 6174,
        "time": 600.1630120277405,
        "repeated_programs": 0,
        "inconsistent_programs": 0,
        "worlds_consulted": 41841,
        "delp_calls": 6174
    }
}