{
    "status": {
        "a_5": {
            "yes": 1075,
            "no": 0,
            "undecided": 5212,
            "unknown": 3010,
            "pyes": 0.013098448237273387,
            "pno": 0.0,
            "pundecided": 0.0014403075086294795,
            "punknown": 0.011877560220046728,
            "time": 390.26311779022217,
            "delp_calls": 6771,
            "percY": 200122.0,
            "percN": 0.0,
            "percU": 970265.92,
            "percUNK": 560341.6,
            "l": 0.013098448237273387,
            "u": 1.0
        },
        "~a_7": {
            "yes": 2254,
            "no": 4089,
            "undecided": 2643,
            "unknown": 48,
            "pyes": 0.00017599856142589207,
            "pno": 0.025080411595947878,
            "pundecided": 0.0023530590018911333,
            "punknown": 9.540468609941076e-07,
            "time": 386.7018315792084,
            "delp_calls": 6679,
            "percY": 419604.64,
            "percN": 761208.24,
            "percU": 492020.88,
            "percUNK": 8935.68,
            "l": 0.00017599856142589207,
            "u": 0.9749195884040521
        }
    },
    "data": {
        "n_samples": 18616,
        "time": 600.0300493240356,
        "repeated_worlds": 285,
        "repeated_progs": 5166,
        "unique_progs": 13450,
        "delp_calls": 13450
    }
}