{
    "status": {
        "~d_15": {
            "yes": 338,
            "no": 0,
            "undecided": 152,
            "unknown": 99,
            "pyes": 0.002544627860158381,
            "pno": 0.0,
            "pundecided": 8.075130439014803e-05,
            "punknown": 0.026403072390108882,
            "time": 29.186241626739502,
            "delp_calls": 589,
            "percY": 5969.08,
            "percN": 0.0,
            "percU": 2684.32,
            "percUNK": 1748.34,
            "l": 0.002544627860158381,
            "u": 1.0
        },
        "a_7": {
            "yes": 173,
            "no": 42,
            "undecided": 336,
            "unknown": 24,
            "pyes": 2.1167560750200965e-05,
            "pno": 5.489500805711151e-07,
            "pundecided": 0.003574650909305428,
            "punknown": 1.387299630451212e-06,
            "time": 28.07055115699768,
            "delp_calls": 575,
            "percY": 3055.18,
            "percN": 741.72,
            "percU": 5933.76,
            "percUNK": 423.84,
            "l": 2.1167560750200965e-05,
            "u": 0.9999994510499194
        },
        "~a_8": {
            "yes": 236,
            "no": 57,
            "undecided": 304,
            "unknown": 5,
            "pyes": 0.037552183718944004,
            "pno": 0.0018603137605593281,
            "pundecided": 0.015486662179394255,
            "punknown": 2.4851785907419364e-09,
            "time": 28.764788150787354,
            "delp_calls": 602,
            "percY": 4167.76,
            "percN": 1006.62,
            "percU": 5368.64,
            "percUNK": 88.3,
            "l": 0.037552183718944004,
            "u": 0.9981396862394407
        }
    },
    "data": {
        "n_samples": 1766,
        "time": 181.7013053894043,
        "repeated_programs": 0,
        "inconsistent_programs": 0,
        "worlds_consulted": 19196,
        "delp_calls": 1766
    }
}