{
    "status": {
        "~d_15": {
            "yes": 893,
            "no": 0,
            "undecided": 352,
            "unknown": 221,
            "pyes": 0.0008428046250487297,
            "pno": 0.0,
            "pundecided": 2.5261562718792036e-06,
            "punknown": 1.2744475735146268e-05,
            "time": 64.44604539871216,
            "delp_calls": 1297,
            "percY": 39354.51,
            "percN": 0.0,
            "percU": 15512.64,
            "percUNK": 9739.47,
            "l": 0.0008428046250487297,
            "u": 1.0
        },
        "a_7": {
            "yes": 372,
            "no": 48,
            "undecided": 1002,
            "unknown": 25,
            "pyes": 0.00024277476498051883,
            "pno": 2.522407796895e-07,
            "pundecided": 0.007377472444079432,
            "punknown": 4.573514597235392e-08,
            "time": 64.45072197914124,
            "delp_calls": 1281,
            "percY": 16394.04,
            "percN": 2115.36,
            "percU": 44158.14,
            "percUNK": 1101.75,
            "l": 0.00024277476498051883,
            "u": 0.9999997477592203
        },
        "~a_8": {
            "yes": 431,
            "no": 69,
            "undecided": 983,
            "unknown": 1,
            "pyes": 4.977635963410607e-05,
            "pno": 1.4191823497920832e-05,
            "pundecided": 0.0005105961886074052,
            "punknown": 1.0677270038138125e-10,
            "time": 64.05580449104309,
            "delp_calls": 1318,
            "percY": 18994.17,
            "percN": 3040.83,
            "percU": 43320.81,
            "percUNK": 44.07,
            "l": 4.977635963410607e-05,
            "u": 0.9999858081765021
        }
    },
    "data": {
        "n_samples": 4407,
        "time": 180.0417115688324,
        "repeated_worlds": 10,
        "repeated_progs": 511,
        "unique_progs": 3896,
        "delp_calls": 3896
    }
}