{
    "status": {
        "d_53": {
            "yes": 2048,
            "no": 0,
            "undecided": 2048,
            "unknown": 0,
            "pyes": 0.9625106399999993,
            "pno": 0.0,
            "pundecided": 0.03748935999999986,
            "punknown": 0.0,
            "time": 163.88922452926636,
            "delp_calls": 2048,
            "percY": 310834421.76,
            "percN": 0.0,
            "percU": 310834421.76,
            "percUNK": 0.0,
            "l": 0.9625106399999993,
            "u": 1.0,
            "flag": "INTEREST"
        }
    },
    "data": {
        "n_samples": 15177462,
        "time": 300.0000009536743,
        "repeated_worlds": 15173366,
        "repeated_progs": 15175414,
        "unique_progs": 2048,
        "delp_calls": 2048
    }
}