{
    "status": {
        "~d_22": {
            "yes": 2560,
            "no": 0,
            "undecided": 1344,
            "unknown": 192,
            "pyes": 0.9901266703199999,
            "pno": 0.0,
            "pundecided": 0.009873089086420902,
            "punknown": 2.40593579088e-07,
            "time": 166.45232629776,
            "delp_calls": 4096,
            "percY": 230946406.4,
            "percN": 0.0,
            "percU": 121246863.36,
            "percUNK": 17320980.48,
            "l": 0.9901266703199999,
            "u": 1.0,
            "flag": "INTEREST"
        }
    },
    "data": {
        "n_samples": 9021344,
        "time": 300.0000088214874,
        "repeated_worlds": 9017248,
        "repeated_progs": 9017248,
        "unique_progs": 4096,
        "delp_calls": 4096
    }
}