{
    "status": {
        "d_41": {
            "yes": 6335,
            "no": 0,
            "undecided": 0,
            "unknown": 0,
            "pyes": 0.00399769444651573,
            "pno": 0.0,
            "pundecided": 0.0,
            "punknown": 0.0,
            "time": 286.1821732521057,
            "delp_calls": 6244,
            "percY": 1075176.2,
            "percN": 0.0,
            "percU": 0.0,
            "percUNK": 0.0,
            "l": 0.00399769444651573,
            "u": 1.0
        },
        "~a_17": {
            "yes": 4526,
            "no": 0,
            "undecided": 857,
            "unknown": 0,
            "pyes": 0.002657273318547141,
            "pno": 0.0,
            "pundecided": 0.00020425752992324044,
            "punknown": 0.0,
            "time": 287.75747871398926,
            "delp_calls": 5327,
            "percY": 768152.72,
            "percN": 0.0,
            "percU": 145450.04,
            "percUNK": 0.0,
            "l": 0.002657273318547141,
            "u": 1.0
        },
        "a_17": {
            "yes": 0,
            "no": 4220,
            "undecided": 842,
            "unknown": 0,
            "pyes": 0.0,
            "pno": 0.0012020894747913273,
            "pundecided": 0.0003638809411876547,
            "punknown": 0.0,
            "time": 288.44269943237305,
            "delp_calls": 5017,
            "percY": 0.0,
            "percN": 716218.4,
            "percU": 142904.24,
            "percUNK": 0.0,
            "l": 0.0,
            "u": 0.9987979105252087
        }
    },
    "data": {
        "n_samples": 16972,
        "time": 900.0773410797119,
        "repeated_worlds": 192,
        "repeated_progs": 384,
        "unique_progs": 16588,
        "delp_calls": 16588
    }
}