{
    "status": {
        "d_10": {
            "yes": 131072,
            "no": 0,
            "undecided": 131072,
            "unknown": 0,
            "pyes": 0.8390899999999958,
            "pno": 0.0,
            "pundecided": 0.16091000000000075,
            "punknown": 0.0,
            "time": 10674.455078125,
            "delp_calls": 1024,
            "percY": 15779679436.8,
            "percN": 0.0,
            "percU": 15779679436.8,
            "percUNK": 0.0,
            "l": 0.8390899999999958,
            "u": 1.0,
            "flag": "INTEREST"
        }
    },
    "data": {
        "n_samples": 12038940,
        "time": 300.0000116825104,
        "repeated_worlds": 11776796,
        "repeated_progs": 12037916,
        "unique_progs": 1024,
        "delp_calls": 1024
    }
}