{
    "status": {
        "~a_2": {
            "yes": 4096,
            "no": 0,
            "undecided": 0,
            "unknown": 0,
            "pyes": 0.9999999999999989,
            "pno": 0.0,
            "pundecided": 0.0,
            "punknown": 0.0,
            "time": 154.8861427307129,
            "delp_calls": 115,
            "percY": 1764703027.2,
            "percN": 0.0,
            "percU": 0.0,
            "percUNK": 0.0,
            "l": 0.9999999999999989,
            "u": 1.0,
            "flag": "INTEREST"
        },
        "a_9": {
            "yes": 3040,
            "no": 1024,
            "undecided": 32,
            "unknown": 0,
            "pyes": 0.9260069902738828,
            "pno": 0.07216799999999993,
            "pundecided": 0.0018250097261163262,
            "punknown": 0.0,
            "time": 159.46789169311523,
            "delp_calls": 115,
            "percY": 1309740528.0,
            "percN": 441175756.8,
            "percU": 13786742.4,
            "percUNK": 0.0,
            "l": 0.9260069902738828,
            "u": 0.9278320000000001,
            "flag": "INTEREST"
        }
    },
    "data": {
        "n_samples": 43083570,
        "time": 600.0000143051147,
        "repeated_worlds": 43075378,
        "repeated_progs": 43083340,
        "unique_progs": 230,
        "delp_calls": 230
    }
}