{
    "status": {
        "~a_2": {
            "yes": 7349,
            "no": 0,
            "undecided": 0,
            "unknown": 0,
            "pyes": 0.9999999999999999,
            "pno": 0.0,
            "pundecided": 0.0,
            "punknown": 0.0,
            "time": 260.19167399406433,
            "delp_calls": 7349,
            "percY": 1047967.4,
            "percN": 0.0,
            "percU": 0.0,
            "percUNK": 0.0,
            "l": 0.9999999999999999,
            "u": 1.0,
            "flag": "INTEREST"
        },
        "a_9": {
            "yes": 4167,
            "no": 2674,
            "undecided": 70,
            "unknown": 0,
            "pyes": 0.9260069902738836,
            "pno": 0.07216799999999995,
            "pundecided": 0.001825009726116326,
            "punknown": 0.0,
            "time": 261.36065888404846,
            "delp_calls": 6911,
            "percY": 594214.2,
            "percN": 381312.4,
            "percU": 9982.0,
            "percUNK": 0.0,
            "l": 0.9260069902738836,
            "u": 0.927832,
            "flag": "INTEREST"
        }
    },
    "data": {
        "n_samples": 14260,
        "time": 600.0452008247375,
        "repeated_programs": 0,
        "inconsistent_programs": 0,
        "worlds_consulted": 1024,
        "delp_calls": 14260
    }
}