{
    "status": {
        "a_8": {
            "yes": 481,
            "no": 563,
            "undecided": 336,
            "unknown": 3,
            "pyes": 0.19019692485529796,
            "pno": 0.008421470834315818,
            "pundecided": 0.004542578418761136,
            "punknown": 2.1006556993255688e-07,
            "time": 65.43438076972961,
            "delp_calls": 1215,
            "percY": 8205.86,
            "percN": 9604.78,
            "percU": 5732.16,
            "percUNK": 51.18,
            "l": 0.19019692485529796,
            "u": 0.9915785291656842
        }
    },
    "data": {
        "n_samples": 1706,
        "time": 60.031898498535156,
        "repeated_worlds": 323,
        "repeated_progs": 491,
        "unique_progs": 1215,
        "delp_calls": 1215
    }
}