{
    "status": {
        "a_8": {
            "yes": 302,
            "no": 287,
            "undecided": 217,
            "unknown": 7,
            "pyes": 0.017470332651123657,
            "pno": 0.004357992617733481,
            "pundecided": 0.0005720615012094279,
            "punknown": 3.260421942559489e-06,
            "time": 32.71963810920715,
            "delp_calls": 813,
            "percY": 2455.26,
            "percN": 2333.31,
            "percU": 1764.21,
            "percUNK": 56.91,
            "l": 0.017470332651123657,
            "u": 0.9956420073822665
        }
    },
    "data": {
        "n_samples": 813,
        "time": 60.01840305328369,
        "repeated_programs": 0,
        "inconsistent_programs": 0,
        "worlds_consulted": 961,
        "delp_calls": 813
    }
}