{
    "status": {
        "d_48": {
            "yes": 1555,
            "no": 0,
            "undecided": 0,
            "unknown": 0,
            "pyes": 0.08460786709782551,
            "pno": 0.0,
            "pundecided": 0.0,
            "punknown": 0.0,
            "time": 63.45420432090759,
            "delp_calls": 1397,
            "percY": 85291.75,
            "percN": 0.0,
            "percU": 0.0,
            "percUNK": 0.0,
            "l": 0.08460786709782551,
            "u": 1.0
        },
        "a_13": {
            "yes": 1160,
            "no": 0,
            "undecided": 378,
            "unknown": 0,
            "pyes": 0.04999573713239251,
            "pno": 0.0,
            "pundecided": 0.021337817097245845,
            "punknown": 0.0,
            "time": 64.13042211532593,
            "delp_calls": 1370,
            "percY": 63626.0,
            "percN": 0.0,
            "percU": 20733.3,
            "percUNK": 0.0,
            "l": 0.04999573713239251,
            "u": 1.0
        },
        "~a_17": {
            "yes": 259,
            "no": 88,
            "undecided": 986,
            "unknown": 0,
            "pyes": 0.6519814150163944,
            "pno": 0.006570736165267896,
            "pundecided": 0.0768469105777536,
            "punknown": 0.0,
            "time": 63.05901789665222,
            "delp_calls": 1217,
            "percY": 14206.15,
            "percN": 4826.8,
            "percU": 54082.1,
            "percUNK": 0.0,
            "l": 0.6519814150163944,
            "u": 0.9934292638347321,
            "flag": "INTEREST"
        }
    },
    "data": {
        "n_samples": 5485,
        "time": 180.01347255706787,
        "repeated_worlds": 1059,
        "repeated_progs": 1501,
        "unique_progs": 3984,
        "delp_calls": 3984
    }
}