{
    "status": {
        "a_7": {
            "yes": 334,
            "no": 236,
            "undecided": 252,
            "unknown": 0,
            "pyes": 0.027023096202522946,
            "pno": 0.14217596759852733,
            "pundecided": 0.18559779434834553,
            "punknown": 0.0,
            "time": 36.349104166030884,
            "delp_calls": 1164,
            "percY": 3887.76,
            "percN": 2747.04,
            "percU": 2933.28,
            "percUNK": 0.0,
            "l": 0.027023096202522946,
            "u": 0.8578240324014726
        }
    },
    "data": {
        "n_samples": 1164,
        "time": 300.1446454524994,
        "repeated_programs": 0,
        "inconsistent_programs": 342,
        "worlds_consulted": 35372,
        "delp_calls": 1164
    }
}