{
    "status": {
        "d_37": {
            "yes": 895,
            "no": 0,
            "undecided": 97,
            "unknown": 29,
            "pyes": 0.06870681279095861,
            "pno": 0.0,
            "pundecided": 4.776368932256421e-05,
            "punknown": 3.868504291236002e-06,
            "time": 40.024489879608154,
            "delp_calls": 1021,
            "percY": 9137.95,
            "percN": 0.0,
            "percU": 990.37,
            "percUNK": 296.09,
            "l": 0.06870681279095861,
            "u": 1.0
        }
    },
    "data": {
        "n_samples": 1021,
        "time": 300.23749589920044,
        "repeated_programs": 0,
        "inconsistent_programs": 0,
        "worlds_consulted": 902,
        "delp_calls": 1021
    }
}