{
    "status": {
        "~d_18": {
            "yes": 3332,
            "no": 0,
            "undecided": 41,
            "unknown": 63,
            "pyes": 0.8652571152864653,
            "pno": 0.0,
            "pundecided": 6.647573954807338e-08,
            "punknown": 0.0033222263923206475,
            "time": 140.44666266441345,
            "delp_calls": 6360,
            "percY": 211915.2,
            "percN": 0.0,
            "percU": 2607.6,
            "percUNK": 4006.8,
            "l": 0.8652571152864653,
            "u": 1.0,
            "flag": "INTEREST"
        }
    },
    "data": {
        "n_samples": 6360,
        "time": 300.008061170578,
        "repeated_programs": 0,
        "inconsistent_programs": 2924,
        "worlds_consulted": 979,
        "delp_calls": 6360
    }
}