{
    "status": {
        "a_1": {
            "yes": 5976,
            "no": 0,
            "undecided": 0,
            "unknown": 3662,
            "pyes": 0.0044263688187473555,
            "pno": 0.0,
            "pundecided": 0.0,
            "punknown": 8.404316270524001e-05,
            "time": 412.7538843154907,
            "delp_calls": 6631,
            "percY": 586962.72,
            "percN": 0.0,
            "percU": 0.0,
            "percUNK": 359681.64,
            "l": 0.0044263688187473555,
            "u": 1.0
        }
    },
    "data": {
        "n_samples": 9822,
        "time": 300.0143663883209,
        "repeated_worlds": 184,
        "repeated_progs": 3191,
        "unique_progs": 6631,
        "delp_calls": 6631
    }
}