{
    "status": {
        "a_4": {
            "yes": 495,
            "no": 0,
            "undecided": 175,
            "unknown": 0,
            "pyes": 0.11910934840061263,
            "pno": 0.0,
            "pundecided": 0.0007706700576659572,
            "punknown": 0.0,
            "time": 27.240273237228394,
            "delp_calls": 867,
            "percY": 4291.65,
            "percN": 0.0,
            "percU": 1517.25,
            "percUNK": 0.0,
            "l": 0.11910934840061263,
            "u": 1.0
        }
    },
    "data": {
        "n_samples": 867,
        "time": 60.00019979476929,
        "repeated_programs": 0,
        "inconsistent_programs": 197,
        "worlds_consulted": 727,
        "delp_calls": 867
    }
}