{
    "status": {
        "a_4": {
            "yes": 1065,
            "no": 0,
            "undecided": 335,
            "unknown": 0,
            "pyes": 0.17691925030882183,
            "pno": 0.0,
            "pundecided": 0.0016500705599805227,
            "punknown": 0.0,
            "time": 63.90740704536438,
            "delp_calls": 1250,
            "percY": 17977.2,
            "percN": 0.0,
            "percU": 5654.8,
            "percUNK": 0.0,
            "l": 0.17691925030882183,
            "u": 1.0
        }
    },
    "data": {
        "n_samples": 1688,
        "time": 60.04756450653076,
        "repeated_worlds": 288,
        "repeated_progs": 438,
        "unique_progs": 1250,
        "delp_calls": 1250
    }
}