{
    "status": {
        "a_9": {
            "yes": 591195,
            "no": 0,
            "undecided": 0,
            "unknown": 0,
            "pyes": 0.03530079277326157,
            "pno": 0.0,
            "pundecided": 0.0,
            "punknown": 0.0,
            "time": 26433.196397304535,
            "delp_calls": 584,
            "percY": 7020452448.9,
            "percN": 0.0,
            "percU": 0.0,
            "percUNK": 0.0,
            "l": 0.03530079277326157,
            "u": 1.0
        },
        "~a_7": {
            "yes": 330961,
            "no": 224274,
            "undecided": 20262,
            "unknown": 0,
            "pyes": 0.020942124988115304,
            "pno": 0.01147430651793734,
            "pundecided": 0.004152883857919837,
            "punknown": 0.0,
            "time": 30300.66360926628,
            "delp_calls": 584,
            "percY": 3930168494.22,
            "percN": 2663258235.48,
            "percU": 240611655.24,
            "percUNK": 0.0,
            "l": 0.020942124988115304,
            "u": 0.9885256934820627
        }
    },
    "data": {
        "n_samples": 1187502,
        "time": 600.0008764266968,
        "repeated_worlds": 20810,
        "repeated_progs": 1186334,
        "unique_progs": 1168,
        "delp_calls": 1168
    }
}