{
    "status": {
        "~a_2": {
            "yes": 486,
            "no": 0,
            "undecided": 0,
            "unknown": 0,
            "pyes": 0.007053719243896186,
            "pno": 0.0,
            "pundecided": 0.0,
            "punknown": 0.0,
            "time": 22.923277139663696,
            "delp_calls": 1016,
            "percY": 4937.76,
            "percN": 0.0,
            "percU": 0.0,
            "percUNK": 0.0,
            "l": 0.007053719243896186,
            "u": 1.0
        }
    },
    "data": {
        "n_samples": 1016,
        "time": 60.053609132766724,
        "repeated_programs": 0,
        "inconsistent_programs": 530,
        "worlds_consulted": 1722,
        "delp_calls": 1016
    }
}