{
    "status": {
        "d_16": {
            "yes": 383,
            "no": 0,
            "undecided": 371,
            "unknown": 20,
            "pyes": 0.08201481657599997,
            "pno": 0.0,
            "pundecided": 0.0068202450554121115,
            "punknown": 9.383685878880001e-07,
            "time": 30.032477855682373,
            "delp_calls": 1397,
            "percY": 5350.51,
            "percN": 0.0,
            "percU": 5182.87,
            "percUNK": 279.4,
            "l": 0.08201481657599997,
            "u": 1.0
        }
    },
    "data": {
        "n_samples": 1397,
        "time": 60.024048805236816,
        "repeated_programs": 0,
        "inconsistent_programs": 623,
        "worlds_consulted": 64,
        "delp_calls": 1397
    }
}