{
    "status": {
        "a_10": {
            "yes": 1329,
            "no": 0,
            "undecided": 1346,
            "unknown": 0,
            "pyes": 0.06648619540401196,
            "pno": 0.0,
            "pundecided": 0.0013730644655890628,
            "punknown": 0.0,
            "time": 107.27118349075317,
            "delp_calls": 5287,
            "percY": 70264.23,
            "percN": 0.0,
            "percU": 71163.02,
            "percUNK": 0.0,
            "l": 0.06648619540401196,
            "u": 1.0
        }
    },
    "data": {
        "n_samples": 5287,
        "time": 300.00427412986755,
        "repeated_programs": 0,
        "inconsistent_programs": 2612,
        "worlds_consulted": 951,
        "delp_calls": 5287
    }
}