{
    "status": {
        "~a_1": {
            "yes": 3072,
            "no": 0,
            "undecided": 0,
            "unknown": 1024,
            "pyes": 0.99139261447984,
            "pno": 0.0,
            "pundecided": 0.0,
            "punknown": 0.008607385520159992,
            "time": 157.36832737922668,
            "delp_calls": 330,
            "percY": 641092730.88,
            "percN": 0.0,
            "percU": 0.0,
            "percUNK": 213697576.96,
            "l": 0.99139261447984,
            "u": 1.0,
            "flag": "INTEREST"
        }
    },
    "data": {
        "n_samples": 20868904,
        "time": 300.00001859664917,
        "repeated_worlds": 20864808,
        "repeated_progs": 20868574,
        "unique_progs": 330,
        "delp_calls": 330
    }
}