{
    "status": {
        "d_59": {
            "yes": 6797,
            "no": 0,
            "undecided": 0,
            "unknown": 0,
            "pyes": 0.009160981222145977,
            "pno": 0.0,
            "pundecided": 0.0,
            "punknown": 0.0,
            "time": 290.49022579193115,
            "delp_calls": 6639,
            "percY": 467633.6,
            "percN": 0.0,
            "percU": 0.0,
            "percUNK": 0.0,
            "l": 0.009160981222145977,
            "u": 1.0
        }
    },
    "data": {
        "n_samples": 6880,
        "time": 300.04213094711304,
        "repeated_worlds": 83,
        "repeated_progs": 241,
        "unique_progs": 6639,
        "delp_calls": 6639
    }
}