{
    "status": {
        "d_54": {
            "yes": 4096,
            "no": 0,
            "undecided": 0,
            "unknown": 0,
            "pyes": 1.0000000000000002,
            "pno": 0.0,
            "pundecided": 0.0,
            "punknown": 0.0,
            "time": 166.1202700138092,
            "delp_calls": 2948,
            "percY": 968427970.56,
            "percN": 0.0,
            "percU": 0.0,
            "percUNK": 0.0,
            "l": 1.0000000000000002,
            "u": 1.0,
            "flag": "INTEREST"
        },
        "~a_10": {
            "yes": 1024,
            "no": 0,
            "undecided": 3008,
            "unknown": 64,
            "pyes": 0.89879282095744,
            "pno": 0.0,
            "pundecided": 0.10120717904256012,
            "punknown": 0.0,
            "time": 165.61961841583252,
            "delp_calls": 2948,
            "percY": 242106992.64,
            "percN": 0.0,
            "percU": 711189290.88,
            "percUNK": 15131687.04,
            "l": 0.89879282095744,
            "u": 1.0,
            "flag": "INTEREST"
        }
    },
    "data": {
        "n_samples": 23643261,
        "time": 600.0000207424164,
        "repeated_worlds": 23635069,
        "repeated_progs": 23637365,
        "unique_progs": 5896,
        "delp_calls": 5896
    }
}