{
    "status": {
        "a_3": {
            "yes": 4096,
            "no": 0,
            "undecided": 0,
            "unknown": 0,
            "pyes": 0.9999999999999992,
            "pno": 0.0,
            "pundecided": 0.0,
            "punknown": 0.0,
            "time": 180.9091339111328,
            "delp_calls": 192,
            "percY": 269090938.88,
            "percN": 0.0,
            "percU": 0.0,
            "percUNK": 0.0,
            "l": 0.9999999999999992,
            "u": 1.0,
            "flag": "INTEREST"
        },
        "a_8": {
            "yes": 2568,
            "no": 360,
            "undecided": 1168,
            "unknown": 0,
            "pyes": 0.9408396394217644,
            "pno": 0.04693673343199378,
            "pundecided": 0.012223627146241426,
            "punknown": 0.0,
            "time": 189.75593376159668,
            "delp_calls": 192,
            "percY": 168707405.04,
            "percN": 23650570.8,
            "percU": 76732963.04,
            "percUNK": 0.0,
            "l": 0.9408396394217644,
            "u": 0.9530632665680062,
            "flag": "INTEREST"
        }
    },
    "data": {
        "n_samples": 6569603,
        "time": 120.00002431869507,
        "repeated_worlds": 6561411,
        "repeated_progs": 6569219,
        "unique_progs": 384,
        "delp_calls": 384
    }
}