{
    "status": {
        "~a_13": {
            "yes": 625,
            "no": 0,
            "undecided": 638,
            "unknown": 0,
            "pyes": 0.050547282376911314,
            "pno": 0.0,
            "pundecided": 0.007511636075934627,
            "punknown": 0.0,
            "time": 57.195656538009644,
            "delp_calls": 1263,
            "percY": 9356.25,
            "percN": 0.0,
            "percU": 9550.86,
            "percUNK": 0.0,
            "l": 0.050547282376911314,
            "u": 1.0
        }
    },
    "data": {
        "n_samples": 1497,
        "time": 60.032134771347046,
        "repeated_worlds": 234,
        "repeated_progs": 234,
        "unique_progs": 1263,
        "delp_calls": 1263
    }
}