{
    "status": {
        "a_8": {
            "yes": 3072,
            "no": 1024,
            "undecided": 0,
            "unknown": 0,
            "pyes": 0.9433802127999983,
            "pno": 0.05661978719999994,
            "pundecided": 0.0,
            "punknown": 0.0,
            "time": 171.4591064453125,
            "delp_calls": 32,
            "percY": 124349184.0,
            "percN": 41449728.0,
            "percU": 0.0,
            "percUNK": 0.0,
            "l": 0.9433802127999983,
            "u": 0.9433802128000001,
            "flag": "INTEREST"
        }
    },
    "data": {
        "n_samples": 4047825,
        "time": 60.00000715255737,
        "repeated_worlds": 4043729,
        "repeated_progs": 4047793,
        "unique_progs": 32,
        "delp_calls": 32
    }
}