{
    "status": {
        "a_5": {
            "yes": 12018,
            "no": 0,
            "undecided": 12308,
            "unknown": 0,
            "pyes": 0.03110449437742834,
            "pno": 0.0,
            "pundecided": 0.0019352749073575715,
            "punknown": 0.0,
            "time": 1156.9178977012634,
            "delp_calls": 1024,
            "percY": 6935347.44,
            "percN": 0.0,
            "percU": 7102700.64,
            "percUNK": 0.0,
            "l": 0.03110449437742834,
            "u": 1.0
        },
        "a_7": {
            "yes": 6702,
            "no": 8462,
            "undecided": 15182,
            "unknown": 0,
            "pyes": 0.05981529865259084,
            "pno": 0.0477382072852866,
            "pundecided": 0.014082999914603787,
            "punknown": 0.0,
            "time": 1386.4396295547485,
            "delp_calls": 1024,
            "percY": 3867590.16,
            "percN": 4883250.96,
            "percU": 8761228.56,
            "percUNK": 0.0,
            "l": 0.05981529865259084,
            "u": 0.9522617927147135
        }
    },
    "data": {
        "n_samples": 57708,
        "time": 120.00012421607971,
        "repeated_worlds": 3036,
        "repeated_progs": 55660,
        "unique_progs": 2048,
        "delp_calls": 2048
    }
}