{
    "status": {
        "a_5": {
            "yes": 131072,
            "no": 0,
            "undecided": 131072,
            "unknown": 0,
            "pyes": 0.9699999999999895,
            "pno": 0.0,
            "pundecided": 0.0299999999999991,
            "punknown": 0.0,
            "time": 10608.021789550781,
            "delp_calls": 1024,
            "percY": 30840696340.48,
            "percN": 0.0,
            "percU": 30840696340.48,
            "percUNK": 0.0,
            "l": 0.9699999999999895,
            "u": 1.0,
            "flag": "INTEREST"
        },
        "a_7": {
            "yes": 73728,
            "no": 57344,
            "undecided": 131072,
            "unknown": 0,
            "pyes": 0.119958444897206,
            "pno": 0.850041555102786,
            "pundecided": 0.030000000000000134,
            "punknown": 0.0,
            "time": 11908.038940429688,
            "delp_calls": 1024,
            "percY": 17347891691.52,
            "percN": 13492804648.96,
            "percU": 30840696340.48,
            "percUNK": 0.0,
            "l": 0.119958444897206,
            "u": 0.149958444897214,
            "flag": "INTEREST"
        }
    },
    "data": {
        "n_samples": 23529584,
        "time": 600.0000171661377,
        "repeated_worlds": 23005296,
        "repeated_progs": 23527536,
        "unique_progs": 2048,
        "delp_calls": 2048
    }
}