{
    "status": {
        "d_13": {
            "yes": 13119,
            "no": 0,
            "undecided": 1908,
            "unknown": 0,
            "pyes": 0.4935232117377651,
            "pno": 0.0,
            "pundecided": 0.0,
            "punknown": 0.0,
            "time": 626.2619025707245,
            "delp_calls": 6727,
            "percY": 6077245.56,
            "percN": 0.0,
            "percU": 883861.92,
            "percUNK": 0.0,
            "l": 0.4935232117377651,
            "u": 1.0
        },
        "a_5": {
            "yes": 8329,
            "no": 0,
            "undecided": 914,
            "unknown": 5653,
            "pyes": 0.011251707897496636,
            "pno": 0.0,
            "pundecided": 0.00016758934786331104,
            "punknown": 8.46157724581907e-05,
            "time": 619.3979632854462,
            "delp_calls": 6758,
            "percY": 3858325.96,
            "percN": 0.0,
            "percU": 423401.36,
            "percUNK": 2618695.72,
            "l": 0.011251707897496636,
            "u": 1.0
        },
        "~a_7": {
            "yes": 2521,
            "no": 5228,
            "undecided": 7324,
            "unknown": 0,
            "pyes": 0.001193203823732361,
            "pno": 0.012229146888272289,
            "pundecided": 5.09678805214798e-05,
            "punknown": 0.0,
            "time": 628.8792996406555,
            "delp_calls": 6725,
            "percY": 1167828.04,
            "percN": 2421818.72,
            "percU": 3392769.76,
            "percUNK": 0.0,
            "l": 0.001193203823732361,
            "u": 0.9877708531117277
        }
    },
    "data": {
        "n_samples": 46324,
        "time": 900.0686004161835,
        "repeated_worlds": 1328,
        "repeated_progs": 26114,
        "unique_progs": 20210,
        "delp_calls": 20210
    }
}