{
    "status": {
        "a_3": {
            "yes": 510469,
            "no": 0,
            "undecided": 0,
            "unknown": 0,
            "pyes": 0.029526074624407424,
            "pno": 0.0,
            "pundecided": 0.0,
            "punknown": 0.0,
            "time": 19533.276673078537,
            "delp_calls": 1152,
            "percY": 7736356777.91,
            "percN": 0.0,
            "percU": 0.0,
            "percUNK": 0.0,
            "l": 0.029526074624407424,
            "u": 1.0
        },
        "a_8": {
            "yes": 497861,
            "no": 13795,
            "undecided": 0,
            "unknown": 0,
            "pyes": 0.029595034385434878,
            "pno": 0.0016834438618681471,
            "pundecided": 0.0,
            "punknown": 0.0,
            "time": 25806.185389518738,
            "delp_calls": 1152,
            "percY": 7545277620.79,
            "percN": 209068605.05,
            "percU": 0.0,
            "percUNK": 0.0,
            "l": 0.029595034385434878,
            "u": 0.9983165561381319
        },
        "a_7": {
            "yes": 470951,
            "no": 0,
            "undecided": 0,
            "unknown": 0,
            "pyes": 0.030184942859025204,
            "pno": 0.0,
            "pundecided": 0.0,
            "punknown": 0.0,
            "time": 27278.130385637283,
            "delp_calls": 1152,
            "percY": 7137446075.89,
            "percN": 0.0,
            "percU": 0.0,
            "percUNK": 0.0,
            "l": 0.030184942859025204,
            "u": 1.0
        }
    },
    "data": {
        "n_samples": 1515539,
        "time": 900.0005767345428,
        "repeated_worlds": 22463,
        "repeated_progs": 1512083,
        "unique_progs": 3456,
        "delp_calls": 3456
    }
}