{
    "status": {
        "a_19": {
            "yes": 239,
            "no": 187,
            "undecided": 904,
            "unknown": 1,
            "pyes": 0.06336461390264095,
            "pno": 0.022860955000571486,
            "pundecided": 0.06767165861846995,
            "punknown": 0.0006161080895476035,
            "time": 53.61340665817261,
            "delp_calls": 1331,
            "percY": 3181.09,
            "percN": 2488.97,
            "percU": 12032.24,
            "percUNK": 13.31,
            "l": 0.06336461390264095,
            "u": 0.9771390449994285
        }
    },
    "data": {
        "n_samples": 1331,
        "time": 300.048109292984,
        "repeated_programs": 0,
        "inconsistent_programs": 0,
        "worlds_consulted": 1143,
        "delp_calls": 1331
    }
}