{
    "status": {
        "d_21": {
            "yes": 851,
            "no": 0,
            "undecided": 102,
            "unknown": 13,
            "pyes": 0.6881015732137156,
            "pno": 0.0,
            "pundecided": 0.000151659888747278,
            "punknown": 8.329967714677137e-07,
            "time": 37.938207387924194,
            "delp_calls": 966,
            "percY": 8220.66,
            "percN": 0.0,
            "percU": 985.32,
            "percUNK": 125.58,
            "l": 0.6881015732137156,
            "u": 1.0,
            "flag": "INTEREST"
        }
    },
    "data": {
        "n_samples": 966,
        "time": 300.07939743995667,
        "repeated_programs": 0,
        "inconsistent_programs": 0,
        "worlds_consulted": 858,
        "delp_calls": 966
    }
}