{
    "status": {
        "a_20": {
            "yes": 54,
            "no": 74,
            "undecided": 617,
            "unknown": 0,
            "pyes": 0.042128219988969484,
            "pno": 0.0018526912422883375,
            "pundecided": 0.009974747727841673,
            "punknown": 0.0,
            "time": 30.011455297470093,
            "delp_calls": 745,
            "percY": 402.3,
            "percN": 551.3,
            "percU": 4596.65,
            "percUNK": 0.0,
            "l": 0.042128219988969484,
            "u": 0.9981473087577116
        }
    },
    "data": {
        "n_samples": 745,
        "time": 300.27822184562683,
        "repeated_programs": 0,
        "inconsistent_programs": 0,
        "worlds_consulted": 679,
        "delp_calls": 745
    }
}