{
    "status": {
        "d_39": {
            "yes": 861,
            "no": 0,
            "undecided": 0,
            "unknown": 0,
            "pyes": 0.0548191975291742,
            "pno": 0.0,
            "pundecided": 0.0,
            "punknown": 0.0,
            "time": 38.22464442253113,
            "delp_calls": 861,
            "percY": 21946.89,
            "percN": 0.0,
            "percU": 0.0,
            "percUNK": 0.0,
            "l": 0.0548191975291742,
            "u": 1.0
        },
        "a_11": {
            "yes": 215,
            "no": 0,
            "undecided": 641,
            "unknown": 0,
            "pyes": 0.062337686039076655,
            "pno": 0.0,
            "pundecided": 0.15986989718348327,
            "punknown": 0.0,
            "time": 38.3369996547699,
            "delp_calls": 856,
            "percY": 5480.35,
            "percN": 0.0,
            "percU": 16339.09,
            "percUNK": 0.0,
            "l": 0.062337686039076655,
            "u": 1.0
        },
        "~a_16": {
            "yes": 6,
            "no": 676,
            "undecided": 150,
            "unknown": 0,
            "pyes": 9.806693398740001e-08,
            "pno": 0.6521165977811431,
            "pundecided": 0.010416558262721854,
            "punknown": 0.0,
            "time": 39.11660981178284,
            "delp_calls": 832,
            "percY": 152.94,
            "percN": 17231.24,
            "percU": 3823.5,
            "percUNK": 0.0,
            "l": 9.806693398740001e-08,
            "u": 0.34788340221885694,
            "flag": "INTEREST"
        }
    },
    "data": {
        "n_samples": 2549,
        "time": 180.10983514785767,
        "repeated_programs": 0,
        "inconsistent_programs": 0,
        "worlds_consulted": 3403,
        "delp_calls": 2549
    }
}