{
    "status": {
        "d_39": {
            "yes": 1747,
            "no": 0,
            "undecided": 0,
            "unknown": 0,
            "pyes": 0.697783498967095,
            "pno": 0.0,
            "pundecided": 0.0,
            "punknown": 0.0,
            "time": 71.8511574268341,
            "delp_calls": 1393,
            "percY": 114568.26,
            "percN": 0.0,
            "percU": 0.0,
            "percUNK": 0.0,
            "l": 0.697783498967095,
            "u": 1.0,
            "flag": "INTEREST"
        },
        "a_11": {
            "yes": 429,
            "no": 0,
            "undecided": 1356,
            "unknown": 0,
            "pyes": 0.10591360506292442,
            "pno": 0.0,
            "pundecided": 0.11760426239432446,
            "punknown": 0.0,
            "time": 72.58515763282776,
            "delp_calls": 1407,
            "percY": 28133.82,
            "percN": 0.0,
            "percU": 88926.48,
            "percUNK": 0.0,
            "l": 0.10591360506292442,
            "u": 1.0
        },
        "~a_16": {
            "yes": 9,
            "no": 1283,
            "undecided": 261,
            "unknown": 0,
            "pyes": 7.0348198748184e-05,
            "pno": 0.5922773215571505,
            "pundecided": 0.001444897199920821,
            "punknown": 0.0,
            "time": 71.49543356895447,
            "delp_calls": 1249,
            "percY": 590.22,
            "percN": 84139.14,
            "percU": 17116.38,
            "percUNK": 0.0,
            "l": 7.0348198748184e-05,
            "u": 0.4077226784428495,
            "flag": "INTEREST"
        }
    },
    "data": {
        "n_samples": 6558,
        "time": 180.09486651420593,
        "repeated_worlds": 1473,
        "repeated_progs": 2509,
        "unique_progs": 4049,
        "delp_calls": 4049
    }
}