{
    "status": {
        "a_5": {
            "yes": 3282,
            "no": 0,
            "undecided": 488,
            "unknown": 730,
            "pyes": 0.9844643676938236,
            "pno": 0.0,
            "pundecided": 0.0007193998520142467,
            "punknown": 0.0013313702675135004,
            "time": 176.22961139678955,
            "delp_calls": 4500,
            "percY": 147690.0,
            "percN": 0.0,
            "percU": 21960.0,
            "percUNK": 32850.0,
            "l": 0.9844643676938236,
            "u": 1.0,
            "flag": "INTEREST"
        }
    },
    "data": {
        "n_samples": 4500,
        "time": 300.0527937412262,
        "repeated_programs": 0,
        "inconsistent_programs": 0,
        "worlds_consulted": 3765,
        "delp_calls": 4500
    }
}