{
    "status": {
        "d_10": {
            "yes": 1598,
            "no": 0,
            "undecided": 154,
            "unknown": 0,
            "pyes": 0.3159085598881406,
            "pno": 0.0,
            "pundecided": 3.013881806373985e-07,
            "punknown": 0.0,
            "time": 87.93542981147766,
            "delp_calls": 2912,
            "percY": 143979.8,
            "percN": 0.0,
            "percU": 13875.4,
            "percUNK": 0.0,
            "l": 0.3159085598881406,
            "u": 1.0
        },
        "a_7": {
            "yes": 1834,
            "no": 29,
            "undecided": 58,
            "unknown": 0,
            "pyes": 0.8498251004687656,
            "pno": 5.990424308265152e-06,
            "pundecided": 2.5578247535448703e-05,
            "punknown": 0.0,
            "time": 95.59337449073792,
            "delp_calls": 3168,
            "percY": 165243.4,
            "percN": 2612.9,
            "percU": 5225.8,
            "percUNK": 0.0,
            "l": 0.8498251004687656,
            "u": 0.9999940095756917,
            "flag": "INTEREST"
        },
        "a_8": {
            "yes": 1425,
            "no": 201,
            "undecided": 149,
            "unknown": 0,
            "pyes": 0.9029299597549455,
            "pno": 2.257355044417799e-05,
            "pundecided": 0.00022213932340820033,
            "punknown": 0.0,
            "time": 88.95829367637634,
            "delp_calls": 2930,
            "percY": 128392.5,
            "percN": 18110.1,
            "percU": 13424.9,
            "percUNK": 0.0,
            "l": 0.9029299597549455,
            "u": 0.9999774264495558,
            "flag": "INTEREST"
        }
    },
    "data": {
        "n_samples": 9010,
        "time": 900.3183000087738,
        "repeated_programs": 0,
        "inconsistent_programs": 3562,
        "worlds_consulted": 65217,
        "delp_calls": 9010
    }
}