{
    "status": {
        "d_50": {
            "yes": 186,
            "no": 0,
            "undecided": 218,
            "unknown": 0,
            "pyes": 0.040813561713524196,
            "pno": 0.0,
            "pundecided": 0.00034379853578762437,
            "punknown": 0.0,
            "time": 18.551179885864258,
            "delp_calls": 809,
            "percY": 2970.42,
            "percN": 0.0,
            "percU": 3481.46,
            "percUNK": 0.0,
            "l": 0.040813561713524196,
            "u": 1.0
        },
        "a_19": {
            "yes": 144,
            "no": 69,
            "undecided": 149,
            "unknown": 0,
            "pyes": 0.0015371496095364268,
            "pno": 2.962656456015861e-05,
            "pundecided": 3.262550944051658e-05,
            "punknown": 0.0,
            "time": 17.074429750442505,
            "delp_calls": 788,
            "percY": 2299.68,
            "percN": 1101.93,
            "percU": 2379.53,
            "percUNK": 0.0,
            "l": 0.0015371496095364268,
            "u": 0.9999703734354398
        }
    },
    "data": {
        "n_samples": 1597,
        "time": 120.04960823059082,
        "repeated_programs": 0,
        "inconsistent_programs": 831,
        "worlds_consulted": 703,
        "delp_calls": 1597
    }
}