{
    "status": {
        "a_5": {
            "yes": 2048,
            "no": 0,
            "undecided": 2048,
            "unknown": 0,
            "pyes": 0.9517999999999994,
            "pno": 0.0,
            "pundecided": 0.04820000000000001,
            "punknown": 0.0,
            "time": 224.01215362548828,
            "delp_calls": 128,
            "percY": 325582704.64,
            "percN": 0.0,
            "percU": 325582704.64,
            "percUNK": 0.0,
            "l": 0.9517999999999994,
            "u": 1.0,
            "flag": "INTEREST"
        }
    },
    "data": {
        "n_samples": 15897593,
        "time": 300.00002813339233,
        "repeated_worlds": 15893497,
        "repeated_progs": 15897465,
        "unique_progs": 128,
        "delp_calls": 128
    }
}