{
    "status": {
        "a_5": {
            "yes": 1447,
            "no": 0,
            "undecided": 1391,
            "unknown": 0,
            "pyes": 0.09517999999999999,
            "pno": 0.0,
            "pundecided": 0.0048200000000000005,
            "punknown": 0.0,
            "time": 156.07197761535645,
            "delp_calls": 4984,
            "percY": 72118.48,
            "percN": 0.0,
            "percU": 69327.44,
            "percUNK": 0.0,
            "l": 0.09517999999999999,
            "u": 1.0
        }
    },
    "data": {
        "n_samples": 4984,
        "time": 300.00140714645386,
        "repeated_programs": 0,
        "inconsistent_programs": 2146,
        "worlds_consulted": 64,
        "delp_calls": 4984
    }
}