{
    "status": {
        "~d_16": {
            "yes": 1349,
            "no": 0,
            "undecided": 145,
            "unknown": 50,
            "pyes": 0.1655810462433073,
            "pno": 0.0,
            "pundecided": 0.0031329966252808027,
            "punknown": 2.4055896799850732e-05,
            "time": 71.82342338562012,
            "delp_calls": 1228,
            "percY": 26737.18,
            "percN": 0.0,
            "percU": 2873.9,
            "percUNK": 991.0,
            "l": 0.1655810462433073,
            "u": 1.0
        }
    },
    "data": {
        "n_samples": 1982,
        "time": 60.01908564567566,
        "repeated_worlds": 438,
        "repeated_progs": 754,
        "unique_progs": 1228,
        "delp_calls": 1228
    }
}