{
    "status": {
        "a_17": {
            "yes": 189,
            "no": 210,
            "undecided": 683,
            "unknown": 0,
            "pyes": 0.004153812791217393,
            "pno": 0.05001234993797341,
            "pundecided": 0.0067723608445982835,
            "punknown": 0.0,
            "time": 56.534353256225586,
            "delp_calls": 1082,
            "percY": 2364.39,
            "percN": 2627.1,
            "percU": 8544.33,
            "percUNK": 0.0,
            "l": 0.004153812791217393,
            "u": 0.9499876500620266
        }
    },
    "data": {
        "n_samples": 1251,
        "time": 60.04883599281311,
        "repeated_worlds": 169,
        "repeated_progs": 169,
        "unique_progs": 1082,
        "delp_calls": 1082
    }
}