{
    "status": {
        "d_47": {
            "yes": 872,
            "no": 0,
            "undecided": 0,
            "unknown": 0,
            "pyes": 0.12008754464027241,
            "pno": 0.0,
            "pundecided": 0.0,
            "punknown": 0.0,
            "time": 35.345200300216675,
            "delp_calls": 3351,
            "percY": 86275.68,
            "percN": 0.0,
            "percU": 0.0,
            "percUNK": 0.0,
            "l": 0.12008754464027241,
            "u": 1.0
        },
        "a_11": {
            "yes": 832,
            "no": 0,
            "undecided": 0,
            "unknown": 0,
            "pyes": 0.13286754480463236,
            "pno": 0.0,
            "pundecided": 0.0,
            "punknown": 0.0,
            "time": 36.74129581451416,
            "delp_calls": 3302,
            "percY": 82318.08,
            "percN": 0.0,
            "percU": 0.0,
            "percUNK": 0.0,
            "l": 0.13286754480463236,
            "u": 1.0
        },
        "~a_19": {
            "yes": 0,
            "no": 625,
            "undecided": 181,
            "unknown": 0,
            "pyes": 0.0,
            "pno": 0.6549856092090668,
            "pundecided": 0.00047981497385002136,
            "punknown": 0.0,
            "time": 34.5971896648407,
            "delp_calls": 3241,
            "percY": 0.0,
            "percN": 61837.5,
            "percU": 17908.14,
            "percUNK": 0.0,
            "l": 0.0,
            "u": 0.3450143907909332,
            "flag": "INTEREST"
        }
    },
    "data": {
        "n_samples": 9894,
        "time": 900.1593005657196,
        "repeated_programs": 0,
        "inconsistent_programs": 7384,
        "worlds_consulted": 1738,
        "delp_calls": 9894
    }
}