{
    "status": {
        "d_47": {
            "yes": 4096,
            "no": 0,
            "undecided": 0,
            "unknown": 0,
            "pyes": 1.0000000000000002,
            "pno": 0.0,
            "pundecided": 0.0,
            "punknown": 0.0,
            "time": 168.10018253326416,
            "delp_calls": 4032,
            "percY": 1068661227.52,
            "percN": 0.0,
            "percU": 0.0,
            "percUNK": 0.0,
            "l": 1.0000000000000002,
            "u": 1.0,
            "flag": "INTEREST"
        },
        "a_11": {
            "yes": 4096,
            "no": 0,
            "undecided": 0,
            "unknown": 0,
            "pyes": 1.0000000000000002,
            "pno": 0.0,
            "pundecided": 0.0,
            "punknown": 0.0,
            "time": 189.32429695129395,
            "delp_calls": 4032,
            "percY": 1068661227.52,
            "percN": 0.0,
            "percU": 0.0,
            "percUNK": 0.0,
            "l": 1.0000000000000002,
            "u": 1.0,
            "flag": "INTEREST"
        },
        "~a_19": {
            "yes": 0,
            "no": 2160,
            "undecided": 1936,
            "unknown": 0,
            "pyes": 0.0,
            "pno": 0.9431131362403782,
            "pundecided": 0.0568868637596204,
            "punknown": 0.0,
            "time": 173.40686011314392,
            "delp_calls": 4032,
            "percY": 0.0,
            "percN": 563551819.2,
            "percU": 505109408.32,
            "percUNK": 0.0,
            "l": 0.0,
            "u": 0.05688686375962182,
            "flag": "INTEREST"
        }
    },
    "data": {
        "n_samples": 26090362,
        "time": 900.0000288486481,
        "repeated_worlds": 26078074,
        "repeated_progs": 26078266,
        "unique_progs": 12096,
        "delp_calls": 12096
    }
}