{
    "status": {
        "~d_12": {
            "yes": 610709,
            "no": 0,
            "undecided": 0,
            "unknown": 0,
            "pyes": 0.03856129821544643,
            "pno": 0.0,
            "pundecided": 0.0,
            "punknown": 0.0,
            "time": 27333.260207653046,
            "delp_calls": 312,
            "percY": 7652189877.09,
            "percN": 0.0,
            "percU": 0.0,
            "percUNK": 0.0,
            "l": 0.03856129821544643,
            "u": 1.0
        },
        "a_6": {
            "yes": 464278,
            "no": 0,
            "undecided": 154492,
            "unknown": 0,
            "pyes": 0.020872665944411697,
            "pno": 0.0,
            "pundecided": 0.018524191898186795,
            "punknown": 0.0,
            "time": 32888.562024116516,
            "delp_calls": 312,
            "percY": 5817407982.78,
            "percN": 0.0,
            "percU": 1935786304.92,
            "percUNK": 0.0,
            "l": 0.020872665944411697,
            "u": 1.0
        }
    },
    "data": {
        "n_samples": 1253001,
        "time": 600.0001180171967,
        "repeated_worlds": 23522,
        "repeated_progs": 1252377,
        "unique_progs": 624,
        "delp_calls": 624
    }
}