{
    "status": {
        "d_13": {
            "yes": 1522,
            "no": 0,
            "undecided": 828,
            "unknown": 196,
            "pyes": 0.9117999999999998,
            "pno": 0.0,
            "pundecided": 0.08813570219999999,
            "punknown": 6.429779999999997e-05,
            "time": 110.35665702819824,
            "delp_calls": 2546,
            "percY": 38750.12,
            "percN": 0.0,
            "percU": 21080.88,
            "percUNK": 4990.16,
            "l": 0.9117999999999998,
            "u": 1.0,
            "flag": "INTEREST"
        }
    },
    "data": {
        "n_samples": 2546,
        "time": 300.1166377067566,
        "repeated_programs": 0,
        "inconsistent_programs": 0,
        "worlds_consulted": 16384,
        "delp_calls": 2546
    }
}