{
    "status": {
        "a_7": {
            "yes": 1557,
            "no": 701,
            "undecided": 1822,
            "unknown": 16,
            "pyes": 0.9809586969082628,
            "pno": 0.008485223078966906,
            "pundecided": 0.010551233230191383,
            "punknown": 4.846782579408e-06,
            "time": 165.00503587722778,
            "delp_calls": 2574,
            "percY": 216464104.8,
            "percN": 97457506.4,
            "percU": 253306100.8,
            "percUNK": 2224422.4,
            "l": 0.9809586969082628,
            "u": 0.9915147769210331,
            "flag": "INTEREST"
        }
    },
    "data": {
        "n_samples": 13902640,
        "time": 300.0000023841858,
        "repeated_worlds": 13898544,
        "repeated_progs": 13900066,
        "unique_progs": 2574,
        "delp_calls": 2574
    }
}