{
    "status": {
        "d_24": {
            "yes": 1160,
            "no": 0,
            "undecided": 0,
            "unknown": 0,
            "pyes": 0.6227374685530019,
            "pno": 0.0,
            "pundecided": 0.0,
            "punknown": 0.0,
            "time": 56.97834873199463,
            "delp_calls": 1140,
            "percY": 15694.8,
            "percN": 0.0,
            "percU": 0.0,
            "percUNK": 0.0,
            "l": 0.6227374685530019,
            "u": 1.0,
            "flag": "INTEREST"
        }
    },
    "data": {
        "n_samples": 1353,
        "time": 60.04610776901245,
        "repeated_worlds": 193,
        "repeated_progs": 213,
        "unique_progs": 1140,
        "delp_calls": 1140
    }
}