{
    "status": {
        "a_6": {
            "yes": 93,
            "no": 0,
            "undecided": 26,
            "unknown": 0,
            "pyes": 0.5456626921940299,
            "pno": 0.0,
            "pundecided": 0.043397835898703774,
            "punknown": 0.0,
            "time": 4.96765398979187,
            "delp_calls": 758,
            "percY": 704.94,
            "percN": 0.0,
            "percU": 197.08,
            "percUNK": 0.0,
            "l": 0.5456626921940299,
            "u": 1.0,
            "flag": "INTEREST"
        }
    },
    "data": {
        "n_samples": 758,
        "time": 60.04502820968628,
        "repeated_programs": 0,
        "inconsistent_programs": 639,
        "worlds_consulted": 182,
        "delp_calls": 758
    }
}