{
    "status": {
        "d_54": {
            "yes": 4096,
            "no": 0,
            "undecided": 0,
            "unknown": 0,
            "pyes": 0.9999999999999998,
            "pno": 0.0,
            "pundecided": 0.0,
            "punknown": 0.0,
            "time": 165.1868441104889,
            "delp_calls": 2786,
            "percY": 1441910456.32,
            "percN": 0.0,
            "percU": 0.0,
            "percUNK": 0.0,
            "l": 0.9999999999999998,
            "u": 1.0,
            "flag": "INTEREST"
        },
        "~a_16": {
            "yes": 1088,
            "no": 528,
            "undecided": 2480,
            "unknown": 0,
            "pyes": 0.8975869667284826,
            "pno": 3.547992909010429e-05,
            "pundecided": 0.10237755334242671,
            "punknown": 0.0,
            "time": 209.06738209724426,
            "delp_calls": 2786,
            "percY": 383007464.96,
            "percN": 185871269.76,
            "percU": 873031721.6,
            "percUNK": 0.0,
            "l": 0.8975869667284826,
            "u": 0.9999645200709099,
            "flag": "INTEREST"
        },
        "~a_15": {
            "yes": 2272,
            "no": 1824,
            "undecided": 0,
            "unknown": 0,
            "pyes": 0.13694305150229127,
            "pno": 0.8630569484977083,
            "pundecided": 0.0,
            "punknown": 0.0,
            "time": 179.96372151374817,
            "delp_calls": 2786,
            "percY": 799809706.24,
            "percN": 642100750.08,
            "percU": 0.0,
            "percUNK": 0.0,
            "l": 0.13694305150229127,
            "u": 0.1369430515022917,
            "flag": "INTEREST"
        }
    },
    "data": {
        "n_samples": 35202892,
        "time": 900.0000238418579,
        "repeated_worlds": 35190604,
        "repeated_progs": 35194534,
        "unique_progs": 8358,
        "delp_calls": 8358
    }
}