{
    "status": {
        "a_3": {
            "yes": 262144,
            "no": 0,
            "undecided": 0,
            "unknown": 0,
            "pyes": 0.9999999999998994,
            "pno": 0.0,
            "pundecided": 0.0,
            "punknown": 0.0,
            "time": 11302.116661071777,
            "delp_calls": 581,
            "percY": 33447663370.24,
            "percN": 0.0,
            "percU": 0.0,
            "percUNK": 0.0,
            "l": 0.9999999999998994,
            "u": 1.0,
            "flag": "INTEREST"
        }
    },
    "data": {
        "n_samples": 12759271,
        "time": 300.0000104904175,
        "repeated_worlds": 12497127,
        "repeated_progs": 12758690,
        "unique_progs": 581,
        "delp_calls": 581
    }
}