{
    "status": {
        "d_30": {
            "yes": 2560,
            "no": 0,
            "undecided": 0,
            "unknown": 1536,
            "pyes": 0.9520314580297928,
            "pno": 0.0,
            "pundecided": 0.0,
            "punknown": 0.047968541970207945,
            "time": 165.18786668777466,
            "delp_calls": 4096,
            "percY": 237849625.6,
            "percN": 0.0,
            "percU": 0.0,
            "percUNK": 142709775.36,
            "l": 0.9520314580297928,
            "u": 1.0,
            "flag": "INTEREST"
        }
    },
    "data": {
        "n_samples": 9291001,
        "time": 300.0000021457672,
        "repeated_worlds": 9286905,
        "repeated_progs": 9286905,
        "unique_progs": 4096,
        "delp_calls": 4096
    }
}