{
    "status": {
        "d_16": {
            "yes": 299,
            "no": 0,
            "undecided": 404,
            "unknown": 0,
            "pyes": 0.8700104064165839,
            "pno": 0.0,
            "pundecided": 0.06101079075081204,
            "punknown": 0.0,
            "time": 33.61275839805603,
            "delp_calls": 703,
            "percY": 2101.97,
            "percN": 0.0,
            "percU": 2840.12,
            "percUNK": 0.0,
            "l": 0.8700104064165839,
            "u": 1.0,
            "flag": "INTEREST"
        }
    },
    "data": {
        "n_samples": 703,
        "time": 60.01020932197571,
        "repeated_programs": 0,
        "inconsistent_programs": 0,
        "worlds_consulted": 6642,
        "delp_calls": 703
    }
}