{
    "status": {
        "d_16": {
            "yes": 25183,
            "no": 0,
            "undecided": 75340,
            "unknown": 0,
            "pyes": 0.17865695609782087,
            "pno": 0.0,
            "pundecided": 0.02260101097771319,
            "punknown": 0.0,
            "time": 4649.123480081558,
            "delp_calls": 370,
            "percY": 31890240.22,
            "percN": 0.0,
            "percU": 95406055.6,
            "percUNK": 0.0,
            "l": 0.17865695609782087,
            "u": 1.0
        }
    },
    "data": {
        "n_samples": 126634,
        "time": 60.00002932548523,
        "repeated_worlds": 26111,
        "repeated_progs": 126264,
        "unique_progs": 370,
        "delp_calls": 370
    }
}