{
    "status": {
        "d_51": {
            "yes": 547,
            "no": 0,
            "undecided": 0,
            "unknown": 0,
            "pyes": 0.0012558702662202707,
            "pno": 0.0,
            "pundecided": 0.0,
            "punknown": 0.0,
            "time": 25.169198989868164,
            "delp_calls": 547,
            "percY": 9216.95,
            "percN": 0.0,
            "percU": 0.0,
            "percUNK": 0.0,
            "l": 0.0012558702662202707,
            "u": 1.0
        },
        "a_11": {
            "yes": 444,
            "no": 0,
            "undecided": 40,
            "unknown": 106,
            "pyes": 0.00017633296336685365,
            "pno": 0.0,
            "pundecided": 9.136871185601578e-08,
            "punknown": 0.00020373539479553638,
            "time": 26.22993803024292,
            "delp_calls": 590,
            "percY": 7481.4,
            "percN": 0.0,
            "percU": 674.0,
            "percUNK": 1786.1,
            "l": 0.00017633296336685365,
            "u": 1.0
        },
        "~a_17": {
            "yes": 23,
            "no": 107,
            "undecided": 418,
            "unknown": 0,
            "pyes": 1.2737652921781566e-07,
            "pno": 6.329943805610561e-05,
            "pundecided": 8.257557005621423e-05,
            "punknown": 0.0,
            "time": 27.066861391067505,
            "delp_calls": 548,
            "percY": 387.55,
            "percN": 1802.95,
            "percU": 7043.3,
            "percUNK": 0.0,
            "l": 1.2737652921781566e-07,
            "u": 0.999936700561944
        }
    },
    "data": {
        "n_samples": 1685,
        "time": 180.269127368927,
        "repeated_programs": 0,
        "inconsistent_programs": 0,
        "worlds_consulted": 4192,
        "delp_calls": 1685
    }
}