{
    "status": {
        "a_3": {
            "yes": 1499,
            "no": 0,
            "undecided": 1492,
            "unknown": 0,
            "pyes": 0.09611372597957352,
            "pno": 0.0,
            "pundecided": 0.040113380768619214,
            "punknown": 0.0,
            "time": 136.15853476524353,
            "delp_calls": 5641,
            "percY": 166718.78,
            "percN": 0.0,
            "percU": 165940.24,
            "percUNK": 0.0,
            "l": 0.09611372597957352,
            "u": 1.0
        },
        "a_9": {
            "yes": 1076,
            "no": 388,
            "undecided": 1455,
            "unknown": 2,
            "pyes": 0.04641724850217388,
            "pno": 0.000983262036631113,
            "pundecided": 0.04826852906336826,
            "punknown": 0.0,
            "time": 137.06998133659363,
            "delp_calls": 5481,
            "percY": 119672.72,
            "percN": 43153.36,
            "percU": 161825.1,
            "percUNK": 222.44,
            "l": 0.04641724850217388,
            "u": 0.9990167379633689
        }
    },
    "data": {
        "n_samples": 11122,
        "time": 600.0693762302399,
        "repeated_programs": 0,
        "inconsistent_programs": 5210,
        "worlds_consulted": 3080,
        "delp_calls": 11122
    }
}