{
    "status": {
        "a_3": {
            "yes": 146800,
            "no": 0,
            "undecided": 147000,
            "unknown": 0,
            "pyes": 0.01037412101791246,
            "pno": 0.0,
            "pundecided": 0.005788765628680474,
            "punknown": 0.0,
            "time": 12010.37092423439,
            "delp_calls": 4096,
            "percY": 796486888.0,
            "percN": 0.0,
            "percU": 797572020.0,
            "percUNK": 0.0,
            "l": 0.01037412101791246,
            "u": 1.0
        },
        "a_9": {
            "yes": 80342,
            "no": 42016,
            "undecided": 122005,
            "unknown": 0,
            "pyes": 0.003963613062868608,
            "pno": 0.0011788164059217884,
            "pundecided": 0.004978524452898037,
            "punknown": 0.0,
            "time": 11236.28296303749,
            "delp_calls": 4096,
            "percY": 435908375.72,
            "percN": 227964530.56,
            "percU": 661957648.3,
            "percUNK": 0.0,
            "l": 0.003963613062868608,
            "u": 0.9988211835940782
        }
    },
    "data": {
        "n_samples": 542566,
        "time": 600.000586271286,
        "repeated_worlds": 4403,
        "repeated_progs": 534374,
        "unique_progs": 8192,
        "delp_calls": 8192
    }
}