{
    "status": {
        "~d_16": {
            "yes": 2048,
            "no": 0,
            "undecided": 2048,
            "unknown": 0,
            "pyes": 0.8746225560000006,
            "pno": 0.0,
            "pundecided": 0.1253774439999998,
            "punknown": 0.0,
            "time": 237.72225761413574,
            "delp_calls": 512,
            "percY": 833473105.92,
            "percN": 0.0,
            "percU": 833473105.92,
            "percUNK": 0.0,
            "l": 0.8746225560000006,
            "u": 1.0,
            "flag": "INTEREST"
        },
        "a_8": {
            "yes": 1152,
            "no": 896,
            "undecided": 2048,
            "unknown": 0,
            "pyes": 0.7088625120072675,
            "pno": 0.13686948799273274,
            "pundecided": 0.15426799999999988,
            "punknown": 0.0,
            "time": 248.00697708129883,
            "delp_calls": 512,
            "percY": 468828622.08,
            "percN": 364644483.84,
            "percU": 833473105.92,
            "percUNK": 0.0,
            "l": 0.7088625120072675,
            "u": 0.8631305120072672,
            "flag": "INTEREST"
        },
        "a_7": {
            "yes": 1408,
            "no": 640,
            "undecided": 2048,
            "unknown": 0,
            "pyes": 0.8052079137218108,
            "pno": 0.049202086278189824,
            "pundecided": 0.14559000000000044,
            "punknown": 0.0,
            "time": 248.09345054626465,
            "delp_calls": 512,
            "percY": 573012760.32,
            "percN": 260460345.6,
            "percU": 833473105.92,
            "percUNK": 0.0,
            "l": 0.8052079137218108,
            "u": 0.9507979137218102,
            "flag": "INTEREST"
        }
    },
    "data": {
        "n_samples": 40696929,
        "time": 900.0000283718109,
        "repeated_worlds": 40684641,
        "repeated_progs": 40695393,
        "unique_progs": 1536,
        "delp_calls": 1536
    }
}