{
    "status": {
        "a_8": {
            "yes": 971,
            "no": 0,
            "undecided": 0,
            "unknown": 2725,
            "pyes": 0.7821890625151893,
            "pno": 0.0,
            "pundecided": 0.0,
            "punknown": 0.061356430184451055,
            "time": 148.12794280052185,
            "delp_calls": 3696,
            "percY": 35888.16,
            "percN": 0.0,
            "percU": 0.0,
            "percUNK": 100716.0,
            "l": 0.7821890625151893,
            "u": 1.0,
            "flag": "INTEREST"
        }
    },
    "data": {
        "n_samples": 3696,
        "time": 300.0787777900696,
        "repeated_programs": 0,
        "inconsistent_programs": 0,
        "worlds_consulted": 2525,
        "delp_calls": 3696
    }
}