{
    "status": {
        "a_8": {
            "yes": 1024,
            "no": 0,
            "undecided": 0,
            "unknown": 3072,
            "pyes": 0.8754057599999998,
            "pno": 0.0,
            "pundecided": 0.0,
            "punknown": 0.12459423999999995,
            "time": 164.5396990776062,
            "delp_calls": 3814,
            "percY": 105183744.0,
            "percN": 0.0,
            "percU": 0.0,
            "percUNK": 315551232.0,
            "l": 0.8754057599999998,
            "u": 1.0,
            "flag": "INTEREST"
        }
    },
    "data": {
        "n_samples": 10271850,
        "time": 300.00001335144043,
        "repeated_worlds": 10267754,
        "repeated_progs": 10268036,
        "unique_progs": 3814,
        "delp_calls": 3814
    }
}