{
    "status": {
        "~d_16": {
            "yes": 3515,
            "no": 0,
            "undecided": 547,
            "unknown": 271,
            "pyes": 0.9593569773079593,
            "pno": 0.0,
            "pundecided": 0.0038391777830216055,
            "punknown": 0.029952036231868834,
            "time": 170.2298927307129,
            "delp_calls": 4333,
            "percY": 152304.95,
            "percN": 0.0,
            "percU": 23701.51,
            "percUNK": 11742.43,
            "l": 0.9593569773079593,
            "u": 1.0,
            "flag": "INTEREST"
        }
    },
    "data": {
        "n_samples": 4333,
        "time": 300.06948351860046,
        "repeated_programs": 0,
        "inconsistent_programs": 0,
        "worlds_consulted": 3694,
        "delp_calls": 4333
    }
}