{
    "status": {
        "~d_54": {
            "yes": 2048,
            "no": 0,
            "undecided": 2048,
            "unknown": 0,
            "pyes": 0.927000000000001,
            "pno": 0.0,
            "pundecided": 0.07299999999999997,
            "punknown": 0.0,
            "time": 165.7171869277954,
            "delp_calls": 4096,
            "percY": 178957885.44,
            "percN": 0.0,
            "percU": 178957885.44,
            "percUNK": 0.0,
            "l": 0.927000000000001,
            "u": 1.0,
            "flag": "INTEREST"
        }
    },
    "data": {
        "n_samples": 8738178,
        "time": 300.00000643730164,
        "repeated_worlds": 8734082,
        "repeated_progs": 8734082,
        "unique_progs": 4096,
        "delp_calls": 4096
    }
}