{
    "status": {
        "~d_54": {
            "yes": 1155,
            "no": 0,
            "undecided": 1213,
            "unknown": 0,
            "pyes": 0.12833514648018787,
            "pno": 0.0,
            "pundecided": 0.05773420173015847,
            "punknown": 0.0,
            "time": 95.44870090484619,
            "delp_calls": 4799,
            "percY": 55428.45,
            "percN": 0.0,
            "percU": 58211.87,
            "percUNK": 0.0,
            "l": 0.12833514648018787,
            "u": 1.0
        }
    },
    "data": {
        "n_samples": 4799,
        "time": 300.00312972068787,
        "repeated_programs": 0,
        "inconsistent_programs": 2431,
        "worlds_consulted": 1384,
        "delp_calls": 4799
    }
}