{
    "status": {
        "d_11": {
            "yes": 131072,
            "no": 0,
            "undecided": 131072,
            "unknown": 0,
            "pyes": 0.849968159999977,
            "pno": 0.0,
            "pundecided": 0.15003184000000122,
            "punknown": 0.0,
            "time": 10875.439453125,
            "delp_calls": 256,
            "percY": 37423378595.84,
            "percN": 0.0,
            "percU": 37423378595.84,
            "percUNK": 0.0,
            "l": 0.849968159999977,
            "u": 1.0,
            "flag": "INTEREST"
        },
        "~a_7": {
            "yes": 73728,
            "no": 57344,
            "undecided": 131072,
            "unknown": 0,
            "pyes": 0.6957534310947601,
            "pno": 0.1542147289052292,
            "pundecided": 0.15003183999999947,
            "punknown": 0.0,
            "time": 11899.8876953125,
            "delp_calls": 256,
            "percY": 21050650460.16,
            "percN": 16372728135.68,
            "percU": 37423378595.84,
            "percUNK": 0.0,
            "l": 0.6957534310947601,
            "u": 0.8457852710947709,
            "flag": "INTEREST"
        }
    },
    "data": {
        "n_samples": 28551772,
        "time": 600.0000033378601,
        "repeated_worlds": 28027484,
        "repeated_progs": 28551260,
        "unique_progs": 512,
        "delp_calls": 512
    }
}