{
    "status": {
        "d_13": {
            "yes": 581,
            "no": 0,
            "undecided": 7,
            "unknown": 0,
            "pyes": 0.029096524842069024,
            "pno": 0.0,
            "pundecided": 1.2908203306951259e-06,
            "punknown": 0.0,
            "time": 28.08873176574707,
            "delp_calls": 1132,
            "percY": 6576.92,
            "percN": 0.0,
            "percU": 79.24,
            "percUNK": 0.0,
            "l": 0.029096524842069024,
            "u": 1.0
        }
    },
    "data": {
        "n_samples": 1132,
        "time": 60.04670977592468,
        "repeated_programs": 0,
        "inconsistent_programs": 544,
        "worlds_consulted": 127,
        "delp_calls": 1132
    }
}