{
    "status": {
        "d_13": {
            "yes": 123478,
            "no": 0,
            "undecided": 0,
            "unknown": 0,
            "pyes": 0.19024608882985697,
            "pno": 0.0,
            "pundecided": 0.0,
            "punknown": 0.0,
            "time": 6293.125938177109,
            "delp_calls": 256,
            "percY": 205929199.72,
            "percN": 0.0,
            "percU": 0.0,
            "percUNK": 0.0,
            "l": 0.19024608882985697,
            "u": 1.0
        }
    },
    "data": {
        "n_samples": 166774,
        "time": 60.00012755393982,
        "repeated_worlds": 43296,
        "repeated_progs": 166518,
        "unique_progs": 256,
        "delp_calls": 256
    }
}