{
    "status": {
        "d_19": {
            "yes": 7224,
            "no": 0,
            "undecided": 7288,
            "unknown": 0,
            "pyes": 0.000494457248655953,
            "pno": 0.0,
            "pundecided": 0.00025640441279165,
            "punknown": 0.0,
            "time": 605.8079288005829,
            "delp_calls": 6779,
            "percY": 1048563.6,
            "percN": 0.0,
            "percU": 1057853.2,
            "percUNK": 0.0,
            "l": 0.000494457248655953,
            "u": 1.0
        }
    },
    "data": {
        "n_samples": 14515,
        "time": 300.00048565864563,
        "repeated_worlds": 3,
        "repeated_progs": 7736,
        "unique_progs": 6779,
        "delp_calls": 6779
    }
}