{
    "status": {
        "d_19": {
            "yes": 1672,
            "no": 0,
            "undecided": 1545,
            "unknown": 96,
            "pyes": 0.26779300531712624,
            "pno": 0.0,
            "pundecided": 0.2498316637860993,
            "punknown": 0.0,
            "time": 140.44853281974792,
            "delp_calls": 5871,
            "percY": 98163.12,
            "percN": 0.0,
            "percU": 90706.95,
            "percUNK": 5636.16,
            "l": 0.26779300531712624,
            "u": 1.0
        }
    },
    "data": {
        "n_samples": 5871,
        "time": 300.04641485214233,
        "repeated_programs": 0,
        "inconsistent_programs": 2558,
        "worlds_consulted": 2173,
        "delp_calls": 5871
    }
}