{
    "status": {
        "a_8": {
            "yes": 381556,
            "no": 23485,
            "undecided": 0,
            "unknown": 0,
            "pyes": 0.023758493758337756,
            "pno": 0.0005459974421671368,
            "pundecided": 0.0,
            "punknown": 0.0,
            "time": 18012.478034973145,
            "delp_calls": 2160,
            "percY": 2963881221.28,
            "percN": 182428661.8,
            "percU": 0.0,
            "percUNK": 0.0,
            "l": 0.023758493758337756,
            "u": 0.9994540025578329
        },
        "a_7": {
            "yes": 16831,
            "no": 227774,
            "undecided": 118285,
            "unknown": 0,
            "pyes": 0.00022113361569317958,
            "pno": 0.016256649827629574,
            "pundecided": 0.00566712046498706,
            "punknown": 0.0,
            "time": 19169.662531375885,
            "delp_calls": 2159,
            "percY": 130741188.28,
            "percN": 1769321099.12,
            "percU": 918823685.8,
            "percUNK": 0.0,
            "l": 0.00022113361569317958,
            "u": 0.9837433501723705
        }
    },
    "data": {
        "n_samples": 776788,
        "time": 600.0003702640533,
        "repeated_worlds": 8857,
        "repeated_progs": 772469,
        "unique_progs": 4319,
        "delp_calls": 4319
    }
}