{
    "status": {
        "~d_69": {
            "yes": 2262,
            "no": 0,
            "undecided": 0,
            "unknown": 0,
            "pyes": 0.261353779038339,
            "pno": 0.0,
            "pundecided": 0.0,
            "punknown": 0.0,
            "time": 91.07332992553711,
            "delp_calls": 3042,
            "percY": 135448.56,
            "percN": 0.0,
            "percU": 0.0,
            "percUNK": 0.0,
            "l": 0.261353779038339,
            "u": 1.0
        },
        "a_18": {
            "yes": 839,
            "no": 995,
            "undecided": 355,
            "unknown": 0,
            "pyes": 0.1278534613038024,
            "pno": 0.026844749854240377,
            "pundecided": 0.07903369449419967,
            "punknown": 0.0,
            "time": 94.15767025947571,
            "delp_calls": 2946,
            "percY": 50239.32,
            "percN": 59580.6,
            "percU": 21257.4,
            "percUNK": 0.0,
            "l": 0.1278534613038024,
            "u": 0.9731552501457597
        }
    },
    "data": {
        "n_samples": 5988,
        "time": 600.0531866550446,
        "repeated_programs": 0,
        "inconsistent_programs": 1537,
        "worlds_consulted": 3162,
        "delp_calls": 5988
    }
}