{
    "status": {
        "a_6": {
            "yes": 8281,
            "no": 0,
            "undecided": 8274,
            "unknown": 0,
            "pyes": 0.4078501703705655,
            "pno": 0.0,
            "pundecided": 0.0005227637064497907,
            "punknown": 0.0,
            "time": 653.5153019428253,
            "delp_calls": 7194,
            "percY": 1415885.38,
            "percN": 0.0,
            "percU": 1414688.52,
            "percUNK": 0.0,
            "l": 0.4078501703705655,
            "u": 1.0
        }
    },
    "data": {
        "n_samples": 17098,
        "time": 300.00123858451843,
        "repeated_worlds": 543,
        "repeated_progs": 9904,
        "unique_progs": 7194,
        "delp_calls": 7194
    }
}