{
    "status": {
        "a_7": {
            "yes": 2048,
            "no": 0,
            "undecided": 2048,
            "unknown": 0,
            "pyes": 0.8677999999999995,
            "pno": 0.0,
            "pundecided": 0.13220000000000012,
            "punknown": 0.0,
            "time": 163.43358612060547,
            "delp_calls": 128,
            "percY": 77854330.88,
            "percN": 0.0,
            "percU": 77854330.88,
            "percUNK": 0.0,
            "l": 0.8677999999999995,
            "u": 1.0,
            "flag": "INTEREST"
        }
    },
    "data": {
        "n_samples": 3801481,
        "time": 60.00001406669617,
        "repeated_worlds": 3797385,
        "repeated_progs": 3801353,
        "unique_progs": 128,
        "delp_calls": 128
    }
}