{
    "status": {
        "a_15": {
            "yes": 1464,
            "no": 433,
            "undecided": 2199,
            "unknown": 0,
            "pyes": 0.891297477916103,
            "pno": 0.031500674027904935,
            "pundecided": 0.07720184805599271,
            "punknown": 0.0,
            "time": 167.30713748931885,
            "delp_calls": 4028,
            "percY": 275186235.36,
            "percN": 81390464.42,
            "percU": 413343259.26,
            "percUNK": 0.0,
            "l": 0.891297477916103,
            "u": 0.9684993259720951,
            "flag": "INTEREST"
        },
        "a_14": {
            "yes": 1124,
            "no": 724,
            "undecided": 2248,
            "unknown": 0,
            "pyes": 0.10250076545882793,
            "pno": 0.7912357502808454,
            "pundecided": 0.10626348426032671,
            "punknown": 0.0,
            "time": 163.14783787727356,
            "delp_calls": 4028,
            "percY": 211276863.76,
            "percN": 136089367.76,
            "percU": 422553727.52,
            "percUNK": 0.0,
            "l": 0.10250076545882793,
            "u": 0.20876424971915464,
            "flag": "INTEREST"
        }
    },
    "data": {
        "n_samples": 18796874,
        "time": 600.0000236034393,
        "repeated_worlds": 18788682,
        "repeated_progs": 18788818,
        "unique_progs": 8056,
        "delp_calls": 8056
    }
}