{
    "status": {
        "a_15": {
            "yes": 525,
            "no": 155,
            "undecided": 887,
            "unknown": 0,
            "pyes": 0.6230083205300313,
            "pno": 0.003017620174509811,
            "pundecided": 0.018020270834505855,
            "punknown": 0.0,
            "time": 62.70863652229309,
            "delp_calls": 1567,
            "percY": 16495.5,
            "percN": 4870.1,
            "percU": 27869.54,
            "percUNK": 0.0,
            "l": 0.6230083205300313,
            "u": 0.9969823798254902,
            "flag": "INTEREST"
        },
        "a_14": {
            "yes": 437,
            "no": 281,
            "undecided": 857,
            "unknown": 0,
            "pyes": 0.040754025942782796,
            "pno": 0.5958011026748726,
            "pundecided": 0.042903458860105805,
            "punknown": 0.0,
            "time": 61.829081535339355,
            "delp_calls": 1575,
            "percY": 13730.54,
            "percN": 8829.02,
            "percU": 26926.94,
            "percUNK": 0.0,
            "l": 0.040754025942782796,
            "u": 0.40419889732512737,
            "flag": "INTEREST"
        }
    },
    "data": {
        "n_samples": 3142,
        "time": 600.2157318592072,
        "repeated_programs": 0,
        "inconsistent_programs": 0,
        "worlds_consulted": 2623,
        "delp_calls": 3142
    }
}