{
    "status": {
        "~d_15": {
            "yes": 2048,
            "no": 0,
            "undecided": 2048,
            "unknown": 0,
            "pyes": 0.9043999999999995,
            "pno": 0.0,
            "pundecided": 0.09560000000000003,
            "punknown": 0.0,
            "time": 180.51081466674805,
            "delp_calls": 512,
            "percY": 49290280.96,
            "percN": 0.0,
            "percU": 49290280.96,
            "percUNK": 0.0,
            "l": 0.9043999999999995,
            "u": 1.0,
            "flag": "INTEREST"
        }
    },
    "data": {
        "n_samples": 2406752,
        "time": 60.000004291534424,
        "repeated_worlds": 2402656,
        "repeated_progs": 2406240,
        "unique_progs": 512,
        "delp_calls": 512
    }
}