{
    "status": {
        "~a_8": {
            "yes": 468,
            "no": 773,
            "undecided": 1898,
            "unknown": 22,
            "pyes": 0.004480496819882636,
            "pno": 0.01906322453290572,
            "pundecided": 0.0004251809893097541,
            "punknown": 1.7000906860586218e-06,
            "time": 131.90165209770203,
            "delp_calls": 3161,
            "percY": 29254.68,
            "percN": 48320.23,
            "percU": 118643.98,
            "percUNK": 1375.22,
            "l": 0.004480496819882636,
            "u": 0.9809367754670942
        },
        "a_7": {
            "yes": 795,
            "no": 1212,
            "undecided": 1074,
            "unknown": 9,
            "pyes": 0.13975414198276398,
            "pno": 0.03164609658323824,
            "pundecided": 0.00010477920839923717,
            "punknown": 9.287563354396253e-08,
            "time": 129.86453199386597,
            "delp_calls": 3090,
            "percY": 49695.45,
            "percN": 75762.12,
            "percU": 67135.74,
            "percUNK": 562.59,
            "l": 0.13975414198276398,
            "u": 0.9683539034167618
        }
    },
    "data": {
        "n_samples": 6251,
        "time": 600.0894572734833,
        "repeated_programs": 0,
        "inconsistent_programs": 0,
        "worlds_consulted": 38228,
        "delp_calls": 6251
    }
}