{
    "status": {
        "~a_8": {
            "yes": 1014,
            "no": 2732,
            "undecided": 4627,
            "unknown": 17,
            "pyes": 0.0031881083534871764,
            "pno": 0.005707365823022309,
            "pundecided": 0.0006546235550284955,
            "punknown": 5.8116600387783914e-08,
            "time": 353.1921410560608,
            "delp_calls": 6768,
            "percY": 173475.12,
            "percN": 467390.56,
            "percU": 791587.16,
            "percUNK": 2908.36,
            "l": 0.0031881083534871764,
            "u": 0.9942926341769777
        },
        "a_7": {
            "yes": 2662,
            "no": 3742,
            "undecided": 2024,
            "unknown": 5,
            "pyes": 0.008151826681298675,
            "pno": 0.01269968745325766,
            "pundecided": 1.4111928582782687e-05,
            "punknown": 8.402029117665156e-14,
            "time": 356.8166735172272,
            "delp_calls": 6741,
            "percY": 455414.96,
            "percN": 640181.36,
            "percU": 346265.92,
            "percUNK": 855.4,
            "l": 0.008151826681298675,
            "u": 0.9873003125467423
        }
    },
    "data": {
        "n_samples": 17108,
        "time": 600.0534415245056,
        "repeated_worlds": 285,
        "repeated_progs": 3599,
        "unique_progs": 13509,
        "delp_calls": 13509
    }
}