{
    "status": {
        "~a_19": {
            "yes": 4096,
            "no": 0,
            "undecided": 0,
            "unknown": 0,
            "pyes": 1.0000000000000013,
            "pno": 0.0,
            "pundecided": 0.0,
            "punknown": 0.0,
            "time": 164.85338759422302,
            "delp_calls": 3752,
            "percY": 1017688391.68,
            "percN": 0.0,
            "percU": 0.0,
            "percUNK": 0.0,
            "l": 1.0000000000000013,
            "u": 1.0,
            "flag": "INTEREST"
        },
        "a_12": {
            "yes": 4096,
            "no": 0,
            "undecided": 0,
            "unknown": 0,
            "pyes": 1.000000000000001,
            "pno": 0.0,
            "pundecided": 0.0,
            "punknown": 0.0,
            "time": 164.41358590126038,
            "delp_calls": 3752,
            "percY": 1017688391.68,
            "percN": 0.0,
            "percU": 0.0,
            "percUNK": 0.0,
            "l": 1.000000000000001,
            "u": 1.0,
            "flag": "INTEREST"
        },
        "~a_20": {
            "yes": 0,
            "no": 3592,
            "undecided": 504,
            "unknown": 0,
            "pyes": 0.0,
            "pno": 0.9997209623634663,
            "pundecided": 0.0002790376365341316,
            "punknown": 0.0,
            "time": 257.049197435379,
            "delp_calls": 3752,
            "percY": 0.0,
            "percN": 892465015.36,
            "percU": 125223376.32,
            "percUNK": 0.0,
            "l": 0.0,
            "u": 0.0002790376365336966,
            "flag": "INTEREST"
        }
    },
    "data": {
        "n_samples": 24845908,
        "time": 900.0000338554382,
        "repeated_worlds": 24833620,
        "repeated_progs": 24834652,
        "unique_progs": 11256,
        "delp_calls": 11256
    }
}