{
    "status": {
        "a_13": {
            "yes": 1024,
            "no": 0,
            "undecided": 3072,
            "unknown": 0,
            "pyes": 0.8320277999999994,
            "pno": 0.0,
            "pundecided": 0.16797220000000032,
            "punknown": 0.0,
            "time": 166.9037618637085,
            "delp_calls": 4096,
            "percY": 183118622.72,
            "percN": 0.0,
            "percU": 549355868.16,
            "percUNK": 0.0,
            "l": 0.8320277999999994,
            "u": 1.0,
            "flag": "INTEREST"
        },
        "a_18": {
            "yes": 896,
            "no": 128,
            "undecided": 3072,
            "unknown": 0,
            "pyes": 0.82209378701568,
            "pno": 0.009934012984320003,
            "pundecided": 0.16797220000000007,
            "punknown": 0.0,
            "time": 177.62434244155884,
            "delp_calls": 4096,
            "percY": 160228794.88,
            "percN": 22889827.84,
            "percU": 549355868.16,
            "percUNK": 0.0,
            "l": 0.82209378701568,
            "u": 0.99006598701568,
            "flag": "INTEREST"
        }
    },
    "data": {
        "n_samples": 17882678,
        "time": 600.0000174045563,
        "repeated_worlds": 17874486,
        "repeated_progs": 17874486,
        "unique_progs": 8192,
        "delp_calls": 8192
    }
}