{
    "status": {
        "a_0": {
            "yes": 3275,
            "no": 0,
            "undecided": 0,
            "unknown": 0,
            "pyes": 0.19789235088039445,
            "pno": 0.0,
            "pundecided": 0.0,
            "punknown": 0.0,
            "time": 130.91045475006104,
            "delp_calls": 3275,
            "percY": 107256.25,
            "percN": 0.0,
            "percU": 0.0,
            "percUNK": 0.0,
            "l": 0.19789235088039445,
            "u": 1.0
        }
    },
    "data": {
        "n_samples": 3275,
        "time": 300.0687668323517,
        "repeated_programs": 0,
        "inconsistent_programs": 0,
        "worlds_consulted": 2429,
        "delp_calls": 3275
    }
}