{
    "status": {
        "a_4": {
            "yes": 489848,
            "no": 0,
            "undecided": 0,
            "unknown": 0,
            "pyes": 0.026774585932578657,
            "pno": 0.0,
            "pundecided": 0.0,
            "punknown": 0.0,
            "time": 21729.05594420433,
            "delp_calls": 1312,
            "percY": 2434451488.88,
            "percN": 0.0,
            "percU": 0.0,
            "percUNK": 0.0,
            "l": 0.026774585932578657,
            "u": 1.0
        }
    },
    "data": {
        "n_samples": 496981,
        "time": 300.00030159950256,
        "repeated_worlds": 7133,
        "repeated_progs": 495669,
        "unique_progs": 1312,
        "delp_calls": 1312
    }
}