{
    "status": {
        "~a_8": {
            "yes": 86163,
            "no": 21837,
            "undecided": 0,
            "unknown": 0,
            "pyes": 0.004594226692263365,
            "pno": 0.001148585321015339,
            "pundecided": 0.0,
            "punknown": 0.0,
            "time": 4867.742786884308,
            "delp_calls": 192,
            "percY": 93348132.57,
            "percN": 23657987.43,
            "percU": 0.0,
            "percUNK": 0.0,
            "l": 0.004594226692263365,
            "u": 0.9988514146789846
        }
    },
    "data": {
        "n_samples": 108339,
        "time": 60.00021004676819,
        "repeated_worlds": 339,
        "repeated_progs": 108147,
        "unique_progs": 192,
        "delp_calls": 192
    }
}