{
    "status": {
        "a_8": {
            "yes": 42142,
            "no": 22304,
            "undecided": 64798,
            "unknown": 0,
            "pyes": 0.689029859128875,
            "pno": 0.007753397130616913,
            "pundecided": 0.011329862199887826,
            "punknown": 0.0,
            "time": 6149.794469118118,
            "delp_calls": 256,
            "percY": 150494560.46,
            "percN": 79650483.52,
            "percU": 231402081.74,
            "percUNK": 0.0,
            "l": 0.689029859128875,
            "u": 0.992246602869383,
            "flag": "INTEREST"
        },
        "~a_8": {
            "yes": 22187,
            "no": 42852,
            "undecided": 65200,
            "unknown": 0,
            "pyes": 0.0038210885552750332,
            "pno": 0.2553310444546951,
            "pundecided": 0.016273538530795384,
            "punknown": 0.0,
            "time": 6699.314467430115,
            "delp_calls": 256,
            "percY": 79232661.31,
            "percN": 153030062.76,
            "percU": 232837676.0,
            "percUNK": 0.0,
            "l": 0.0038210885552750332,
            "u": 0.7446689555453049
        }
    },
    "data": {
        "n_samples": 357113,
        "time": 120.00032329559326,
        "repeated_worlds": 97630,
        "repeated_progs": 356601,
        "unique_progs": 512,
        "delp_calls": 512
    }
}