{
    "status": {
        "a_7": {
            "yes": 2810,
            "no": 471,
            "undecided": 0,
            "unknown": 11,
            "pyes": 0.5830710871550101,
            "pno": 0.26598795547674803,
            "pundecided": 0.0,
            "punknown": 0.00033642260736612973,
            "time": 142.27395367622375,
            "delp_calls": 6078,
            "percY": 170791.8,
            "percN": 28627.38,
            "percU": 0.0,
            "percUNK": 668.58,
            "l": 0.5830710871550101,
            "u": 0.734012044523252,
            "flag": "INTEREST"
        }
    },
    "data": {
        "n_samples": 6078,
        "time": 300.0080370903015,
        "repeated_programs": 0,
        "inconsistent_programs": 2786,
        "worlds_consulted": 978,
        "delp_calls": 6078
    }
}