{
    "status": {
        "a_7": {
            "yes": 217728,
            "no": 30913,
            "undecided": 248763,
            "unknown": 0,
            "pyes": 0.018363614111965788,
            "pno": 0.010433528684699198,
            "pundecided": 0.0035506351862651005,
            "punknown": 0.0,
            "time": 20734.536267995834,
            "delp_calls": 2048,
            "percY": 1099709291.52,
            "percN": 156136616.92,
            "percU": 1256462110.92,
            "percUNK": 0.0,
            "l": 0.018363614111965788,
            "u": 0.9895664713153008
        }
    },
    "data": {
        "n_samples": 505084,
        "time": 300.0001139640808,
        "repeated_worlds": 7680,
        "repeated_progs": 503036,
        "unique_progs": 2048,
        "delp_calls": 2048
    }
}