{
    "status": {
        "d_29": {
            "yes": 177,
            "no": 0,
            "undecided": 109,
            "unknown": 21,
            "pyes": 0.0016838950040125096,
            "pno": 0.0,
            "pundecided": 0.002527110178485613,
            "punknown": 4.618263625494964e-06,
            "time": 12.289085626602173,
            "delp_calls": 307,
            "percY": 1635.48,
            "percN": 0.0,
            "percU": 1007.16,
            "percUNK": 194.04,
            "l": 0.0016838950040125096,
            "u": 1.0
        },
        "~a_10": {
            "yes": 182,
            "no": 0,
            "undecided": 124,
            "unknown": 0,
            "pyes": 0.004514037455248308,
            "pno": 0.0,
            "pundecided": 0.0018894919787962356,
            "punknown": 0.0,
            "time": 12.281630277633667,
            "delp_calls": 306,
            "percY": 1681.68,
            "percN": 0.0,
            "percU": 1145.76,
            "percUNK": 0.0,
            "l": 0.004514037455248308,
            "u": 1.0
        },
        "a_17": {
            "yes": 117,
            "no": 46,
            "undecided": 147,
            "unknown": 1,
            "pyes": 0.056951681768541304,
            "pno": 1.122756877912955e-05,
            "pundecided": 3.308966184791965e-05,
            "punknown": 9.5667167232e-12,
            "time": 12.458127975463867,
            "delp_calls": 311,
            "percY": 1081.08,
            "percN": 425.04,
            "percU": 1358.28,
            "percUNK": 9.24,
            "l": 0.056951681768541304,
            "u": 0.9999887724312209
        }
    },
    "data": {
        "n_samples": 924,
        "time": 180.32454681396484,
        "repeated_programs": 0,
        "inconsistent_programs": 0,
        "worlds_consulted": 897,
        "delp_calls": 924
    }
}