{
    "status": {
        "~a_0": {
            "yes": 3227,
            "no": 0,
            "undecided": 0,
            "unknown": 0,
            "pyes": 0.5743869915016573,
            "pno": 0.0,
            "pundecided": 0.0,
            "punknown": 0.0,
            "time": 131.1859061717987,
            "delp_calls": 6264,
            "percY": 202139.28,
            "percN": 0.0,
            "percU": 0.0,
            "percUNK": 0.0,
            "l": 0.5743869915016573,
            "u": 1.0,
            "flag": "INTEREST"
        }
    },
    "data": {
        "n_samples": 6264,
        "time": 300.04217648506165,
        "repeated_programs": 0,
        "inconsistent_programs": 3037,
        "worlds_consulted": 1631,
        "delp_calls": 6264
    }
}