{
    "status": {
        "d_10": {
            "yes": 7076,
            "no": 0,
            "undecided": 0,
            "unknown": 0,
            "pyes": 1.0,
            "pno": 0.0,
            "pundecided": 0.0,
            "punknown": 0.0,
            "time": 271.5442898273468,
            "delp_calls": 7076,
            "percY": 1510796.76,
            "percN": 0.0,
            "percU": 0.0,
            "percUNK": 0.0,
            "l": 1.0,
            "u": 1.0,
            "flag": "INTEREST"
        },
        "a_7": {
            "yes": 7181,
            "no": 0,
            "undecided": 0,
            "unknown": 0,
            "pyes": 1.0000000000000002,
            "pno": 0.0,
            "pundecided": 0.0,
            "punknown": 0.0,
            "time": 271.71341586112976,
            "delp_calls": 7181,
            "percY": 1533215.31,
            "percN": 0.0,
            "percU": 0.0,
            "percUNK": 0.0,
            "l": 1.0000000000000002,
            "u": 1.0,
            "flag": "INTEREST"
        },
        "a_8": {
            "yes": 5364,
            "no": 0,
            "undecided": 1730,
            "unknown": 0,
            "pyes": 0.9807760000000001,
            "pno": 0.0,
            "pundecided": 0.019224000000000005,
            "punknown": 0.0,
            "time": 271.3915991783142,
            "delp_calls": 7094,
            "percY": 1145267.64,
            "percN": 0.0,
            "percU": 369372.3,
            "percUNK": 0.0,
            "l": 0.9807760000000001,
            "u": 1.0,
            "flag": "INTEREST"
        }
    },
    "data": {
        "n_samples": 21351,
        "time": 900.114625453949,
        "repeated_programs": 0,
        "inconsistent_programs": 0,
        "worlds_consulted": 384,
        "delp_calls": 21351
    }
}