{
    "status": {
        "~a_3": {
            "yes": 4096,
            "no": 0,
            "undecided": 0,
            "unknown": 0,
            "pyes": 0.9999999999999999,
            "pno": 0.0,
            "pundecided": 0.0,
            "punknown": 0.0,
            "time": 163.27335810661316,
            "delp_calls": 3645,
            "percY": 812766167.04,
            "percN": 0.0,
            "percU": 0.0,
            "percUNK": 0.0,
            "l": 0.9999999999999999,
            "u": 1.0,
            "flag": "INTEREST"
        },
        "~a_14": {
            "yes": 464,
            "no": 944,
            "undecided": 2688,
            "unknown": 0,
            "pyes": 0.721500556295979,
            "pno": 0.1185206569445881,
            "pundecided": 0.15997878675943306,
            "punknown": 0.0,
            "time": 176.8071641921997,
            "delp_calls": 3645,
            "percY": 92071167.36,
            "percN": 187317202.56,
            "percU": 533377797.12,
            "percUNK": 0.0,
            "l": 0.721500556295979,
            "u": 0.8814793430554119,
            "flag": "INTEREST"
        }
    },
    "data": {
        "n_samples": 19842924,
        "time": 600.0000123977661,
        "repeated_worlds": 19834732,
        "repeated_progs": 19835634,
        "unique_progs": 7290,
        "delp_calls": 7290
    }
}