{
    "status": {
        "~d_14": {
            "yes": 498,
            "no": 0,
            "undecided": 128,
            "unknown": 22,
            "pyes": 0.0027730244021269977,
            "pno": 0.0,
            "pundecided": 0.00011800588081875336,
            "punknown": 1.0050908525779784e-05,
            "time": 28.889443397521973,
            "delp_calls": 648,
            "percY": 3227.04,
            "percN": 0.0,
            "percU": 829.44,
            "percUNK": 142.56,
            "l": 0.0027730244021269977,
            "u": 1.0
        }
    },
    "data": {
        "n_samples": 648,
        "time": 60.08765006065369,
        "repeated_programs": 0,
        "inconsistent_programs": 0,
        "worlds_consulted": 6925,
        "delp_calls": 648
    }
}