{
    "status": {
        "a_6": {
            "yes": 790,
            "no": 0,
            "undecided": 0,
            "unknown": 113,
            "pyes": 0.21514305856741664,
            "pno": 0.0,
            "pundecided": 0.0,
            "punknown": 9.314958404764858e-05,
            "time": 35.820549726486206,
            "delp_calls": 903,
            "percY": 7133.7,
            "percN": 0.0,
            "percU": 0.0,
            "percUNK": 1020.39,
            "l": 0.21514305856741664,
            "u": 1.0
        }
    },
    "data": {
        "n_samples": 903,
        "time": 300.09861612319946,
        "repeated_programs": 0,
        "inconsistent_programs": 0,
        "worlds_consulted": 822,
        "delp_calls": 903
    }
}