{
    "status": {
        "~d_52": {
            "yes": 4096,
            "no": 0,
            "undecided": 0,
            "unknown": 0,
            "pyes": 1.0000000000000016,
            "pno": 0.0,
            "pundecided": 0.0,
            "punknown": 0.0,
            "time": 168.11353182792664,
            "delp_calls": 3408,
            "percY": 454812467.2,
            "percN": 0.0,
            "percU": 0.0,
            "percUNK": 0.0,
            "l": 1.0000000000000016,
            "u": 1.0,
            "flag": "INTEREST"
        }
    },
    "data": {
        "n_samples": 11103820,
        "time": 300.0000042915344,
        "repeated_worlds": 11099724,
        "repeated_progs": 11100412,
        "unique_progs": 3408,
        "delp_calls": 3408
    }
}