{
    "status": {
        "d_12": {
            "yes": 4781,
            "no": 0,
            "undecided": 0,
            "unknown": 0,
            "pyes": 0.9999999999999997,
            "pno": 0.0,
            "pundecided": 0.0,
            "punknown": 0.0,
            "time": 211.82404136657715,
            "delp_calls": 4781,
            "percY": 452665.08,
            "percN": 0.0,
            "percU": 0.0,
            "percUNK": 0.0,
            "l": 0.9999999999999997,
            "u": 1.0,
            "flag": "INTEREST"
        },
        "a_8": {
            "yes": 3948,
            "no": 307,
            "undecided": 432,
            "unknown": 0,
            "pyes": 0.999936768011608,
            "pno": 6.687692716799997e-06,
            "pundecided": 5.6544295675163504e-05,
            "punknown": 0.0,
            "time": 213.03866457939148,
            "delp_calls": 4687,
            "percY": 373796.64,
            "percN": 29066.76,
            "percU": 40901.76,
            "percUNK": 0.0,
            "l": 0.999936768011608,
            "u": 0.9999933123072832,
            "flag": "INTEREST"
        }
    },
    "data": {
        "n_samples": 9468,
        "time": 600.0830991268158,
        "repeated_programs": 0,
        "inconsistent_programs": 0,
        "worlds_consulted": 16384,
        "delp_calls": 9468
    }
}