{
    "status": {
        "d_18": {
            "yes": 3583,
            "no": 0,
            "undecided": 0,
            "unknown": 0,
            "pyes": 0.36783721241730244,
            "pno": 0.0,
            "pundecided": 0.0,
            "punknown": 0.0,
            "time": 144.07757997512817,
            "delp_calls": 3583,
            "percY": 249197.65,
            "percN": 0.0,
            "percU": 0.0,
            "percUNK": 0.0,
            "l": 0.36783721241730244,
            "u": 1.0
        },
        "~a_16": {
            "yes": 2395,
            "no": 0,
            "undecided": 977,
            "unknown": 0,
            "pyes": 0.7356225418087333,
            "pno": 0.0,
            "pundecided": 0.004677324616118566,
            "punknown": 0.0,
            "time": 151.1263701915741,
            "delp_calls": 3372,
            "percY": 166572.25,
            "percN": 0.0,
            "percU": 67950.35,
            "percUNK": 0.0,
            "l": 0.7356225418087333,
            "u": 1.0,
            "flag": "INTEREST"
        }
    },
    "data": {
        "n_samples": 6955,
        "time": 600.1448311805725,
        "repeated_programs": 0,
        "inconsistent_programs": 0,
        "worlds_consulted": 5225,
        "delp_calls": 6955
    }
}