{
    "status": {
        "~d_17": {
            "yes": 1551,
            "no": 0,
            "undecided": 0,
            "unknown": 0,
            "pyes": 0.7701997931674784,
            "pno": 0.0,
            "pundecided": 0.0,
            "punknown": 0.0,
            "time": 82.22003602981567,
            "delp_calls": 1551,
            "percY": 73067.61,
            "percN": 0.0,
            "percU": 0.0,
            "percUNK": 0.0,
            "l": 0.7701997931674784,
            "u": 1.0,
            "flag": "INTEREST"
        },
        "a_7": {
            "yes": 1230,
            "no": 0,
            "undecided": 342,
            "unknown": 0,
            "pyes": 0.5666069075805542,
            "pno": 0.0,
            "pundecided": 0.19349701105231823,
            "punknown": 0.0,
            "time": 84.47183179855347,
            "delp_calls": 1572,
            "percY": 57945.3,
            "percN": 0.0,
            "percU": 16111.62,
            "percUNK": 0.0,
            "l": 0.5666069075805542,
            "u": 1.0,
            "flag": "INTEREST"
        },
        "~a_8": {
            "yes": 545,
            "no": 220,
            "undecided": 823,
            "unknown": 0,
            "pyes": 0.5625164973786548,
            "pno": 0.06057761077170069,
            "pundecided": 0.1892546165290628,
            "punknown": 0.0,
            "time": 84.1346960067749,
            "delp_calls": 1588,
            "percY": 25674.95,
            "percN": 10364.2,
            "percU": 38771.53,
            "percUNK": 0.0,
            "l": 0.5625164973786548,
            "u": 0.9394223892282993,
            "flag": "INTEREST"
        }
    },
    "data": {
        "n_samples": 4711,
        "time": 900.4138777256012,
        "repeated_programs": 0,
        "inconsistent_programs": 0,
        "worlds_consulted": 80336,
        "delp_calls": 4711
    }
}