{
    "status": {
        "~a_6": {
            "yes": 0,
            "no": 0,
            "undecided": 2283,
            "unknown": 0,
            "pyes": 0.0,
            "pno": 0.0,
            "pundecided": 0.055598771200000036,
            "punknown": 0.0,
            "time": 134.5166175365448,
            "delp_calls": 4596,
            "percY": 0.0,
            "percN": 0.0,
            "percU": 104926.68,
            "percUNK": 0.0,
            "l": 0.0,
            "u": 1.0
        }
    },
    "data": {
        "n_samples": 4596,
        "time": 300.04262614250183,
        "repeated_programs": 0,
        "inconsistent_programs": 2313,
        "worlds_consulted": 255,
        "delp_calls": 4596
    }
}