{
    "status": {
        "d_17": {
            "yes": 8608,
            "no": 0,
            "undecided": 147,
            "unknown": 1089,
            "pyes": 0.005033287527387947,
            "pno": 0.0,
            "pundecided": 2.5822713482708106e-08,
            "punknown": 0.00024986768526949243,
            "time": 414.5177516937256,
            "delp_calls": 6755,
            "percY": 863124.16,
            "percN": 0.0,
            "percU": 14739.69,
            "percUNK": 109194.03,
            "l": 0.005033287527387947,
            "u": 1.0
        }
    },
    "data": {
        "n_samples": 10027,
        "time": 300.0172846317291,
        "repeated_worlds": 183,
        "repeated_progs": 3272,
        "unique_progs": 6755,
        "delp_calls": 6755
    }
}