{
    "status": {
        "a_5": {
            "yes": 2304,
            "no": 0,
            "undecided": 1792,
            "unknown": 0,
            "pyes": 0.9487945262079999,
            "pno": 0.0,
            "pundecided": 0.051205473791999946,
            "punknown": 0.0,
            "time": 161.1484546661377,
            "delp_calls": 1721,
            "percY": 781160832.0,
            "percN": 0.0,
            "percU": 607569536.0,
            "percUNK": 0.0,
            "l": 0.9487945262079999,
            "u": 1.0,
            "flag": "INTEREST"
        },
        "~a_8": {
            "yes": 1178,
            "no": 1350,
            "undecided": 1560,
            "unknown": 8,
            "pyes": 0.05606894800143973,
            "pno": 0.8931719902252806,
            "pundecided": 0.050759057382542355,
            "punknown": 4.3907375038464e-09,
            "time": 164.3812551498413,
            "delp_calls": 1721,
            "percY": 399395599.0,
            "percN": 457711425.0,
            "percU": 528910980.0,
            "percUNK": 2712364.0,
            "l": 0.05606894800143973,
            "u": 0.1068280097747194,
            "flag": "INTEREST"
        }
    },
    "data": {
        "n_samples": 33904550,
        "time": 600.0000121593475,
        "repeated_worlds": 33896358,
        "repeated_progs": 33901108,
        "unique_progs": 3442,
        "delp_calls": 3442
    }
}