{
    "status": {
        "d_19": {
            "yes": 1537,
            "no": 0,
            "undecided": 2984,
            "unknown": 2065,
            "pyes": 0.9020999999999999,
            "pno": 0.0,
            "pundecided": 0.012899545599999998,
            "punknown": 0.08500045440000001,
            "time": 252.17219734191895,
            "delp_calls": 6586,
            "percY": 306477.8,
            "percN": 0.0,
            "percU": 595009.6,
            "percUNK": 411761.0,
            "l": 0.9020999999999999,
            "u": 1.0,
            "flag": "INTEREST"
        },
        "~a_7": {
            "yes": 1968,
            "no": 0,
            "undecided": 4827,
            "unknown": 0,
            "pyes": 0.854856,
            "pno": 0.0,
            "pundecided": 0.14514399999999997,
            "punknown": 0.0,
            "time": 252.13978099822998,
            "delp_calls": 6795,
            "percY": 392419.2,
            "percN": 0.0,
            "percU": 962503.8,
            "percUNK": 0.0,
            "l": 0.854856,
            "u": 1.0,
            "flag": "INTEREST"
        },
        "a_8": {
            "yes": 5512,
            "no": 1047,
            "undecided": 0,
            "unknown": 0,
            "pyes": 0.8764924769254016,
            "pno": 0.12350752307459806,
            "pundecided": 0.0,
            "punknown": 0.0,
            "time": 253.07832956314087,
            "delp_calls": 6559,
            "percY": 1099092.8,
            "percN": 208771.8,
            "percU": 0.0,
            "percUNK": 0.0,
            "l": 0.8764924769254016,
            "u": 0.8764924769254019,
            "flag": "INTEREST"
        }
    },
    "data": {
        "n_samples": 19940,
        "time": 900.074328660965,
        "repeated_programs": 0,
        "inconsistent_programs": 0,
        "worlds_consulted": 1536,
        "delp_calls": 19940
    }
}