{
    "status": {
        "d_15": {
            "yes": 3072,
            "no": 0,
            "undecided": 1024,
            "unknown": 0,
            "pyes": 0.9068788553209609,
            "pno": 0.0,
            "pundecided": 0.09312114467903988,
            "punknown": 0.0,
            "time": 180.1731882095337,
            "delp_calls": 195,
            "percY": 309962557.44,
            "percN": 0.0,
            "percU": 103320852.48,
            "percUNK": 0.0,
            "l": 0.9068788553209609,
            "u": 1.0,
            "flag": "INTEREST"
        },
        "~a_8": {
            "yes": 2688,
            "no": 1408,
            "undecided": 0,
            "unknown": 0,
            "pyes": 0.9001286171423478,
            "pno": 0.09987138285765106,
            "pundecided": 0.0,
            "punknown": 0.0,
            "time": 180.11744213104248,
            "delp_calls": 195,
            "percY": 271217237.76,
            "percN": 142066172.16,
            "percU": 0.0,
            "percUNK": 0.0,
            "l": 0.9001286171423478,
            "u": 0.9001286171423489,
            "flag": "INTEREST"
        },
        "a_7": {
            "yes": 3472,
            "no": 624,
            "undecided": 0,
            "unknown": 0,
            "pyes": 0.9963246574219228,
            "pno": 0.003675342578078031,
            "pundecided": 0.0,
            "punknown": 0.0,
            "time": 181.08442974090576,
            "delp_calls": 195,
            "percY": 350322265.44,
            "percN": 62961144.48,
            "percU": 0.0,
            "percUNK": 0.0,
            "l": 0.9963246574219228,
            "u": 0.996324657421922,
            "flag": "INTEREST"
        }
    },
    "data": {
        "n_samples": 10089927,
        "time": 180.00003719329834,
        "repeated_worlds": 10077639,
        "repeated_progs": 10089342,
        "unique_progs": 585,
        "delp_calls": 585
    }
}