{
    "status": {
        "a_15": {
            "yes": 112,
            "no": 40,
            "undecided": 132,
            "unknown": 0,
            "pyes": 0.0015249168047646107,
            "pno": 0.00010790354833562524,
            "pundecided": 0.0024788112701136958,
            "punknown": 0.0,
            "time": 11.728950262069702,
            "delp_calls": 284,
            "percY": 318.08,
            "percN": 113.6,
            "percU": 374.88,
            "percUNK": 0.0,
            "l": 0.0015249168047646107,
            "u": 0.9998920964516643
        }
    },
    "data": {
        "n_samples": 284,
        "time": 60.02287220954895,
        "repeated_programs": 0,
        "inconsistent_programs": 0,
        "worlds_consulted": 276,
        "delp_calls": 284
    }
}