{
    "status": {
        "a_15": {
            "yes": 560,
            "no": 201,
            "undecided": 595,
            "unknown": 1,
            "pyes": 0.08496858767904142,
            "pno": 0.029344790473604606,
            "pundecided": 0.04391186654228571,
            "punknown": 4.361568064634881e-08,
            "time": 56.52942657470703,
            "delp_calls": 1357,
            "percY": 9279.2,
            "percN": 3330.57,
            "percU": 9859.15,
            "percUNK": 16.57,
            "l": 0.08496858767904142,
            "u": 0.9706552095263954
        }
    },
    "data": {
        "n_samples": 1657,
        "time": 60.01619482040405,
        "repeated_worlds": 300,
        "repeated_progs": 300,
        "unique_progs": 1357,
        "delp_calls": 1357
    }
}