{
    "status": {
        "d_20": {
            "yes": 2560,
            "no": 0,
            "undecided": 1248,
            "unknown": 288,
            "pyes": 1.0,
            "pno": 0.0,
            "pundecided": 0.0,
            "punknown": 0.0,
            "time": 163.90610885620117,
            "delp_calls": 4096,
            "percY": 227648204.8,
            "percN": 0.0,
            "percU": 110978499.84,
            "percUNK": 25610423.04,
            "l": 1.0,
            "u": 1.0,
            "flag": "INTEREST"
        }
    },
    "data": {
        "n_samples": 8892508,
        "time": 300.00001072883606,
        "repeated_worlds": 8888412,
        "repeated_progs": 8888412,
        "unique_progs": 4096,
        "delp_calls": 4096
    }
}