{
    "status": {
        "~d_16": {
            "yes": 313672,
            "no": 0,
            "undecided": 312829,
            "unknown": 0,
            "pyes": 0.025885244733514005,
            "pno": 0.0,
            "pundecided": 0.012137578484533729,
            "punknown": 0.0,
            "time": 25901.084211349487,
            "delp_calls": 1024,
            "percY": 2002905505.2,
            "percN": 0.0,
            "percU": 1997522655.15,
            "percUNK": 0.0,
            "l": 0.025885244733514005,
            "u": 1.0
        }
    },
    "data": {
        "n_samples": 638535,
        "time": 300.0000057220459,
        "repeated_worlds": 12034,
        "repeated_progs": 637511,
        "unique_progs": 1024,
        "delp_calls": 1024
    }
}