{
    "status": {
        "~a_4": {
            "yes": 841,
            "no": 0,
            "undecided": 0,
            "unknown": 0,
            "pyes": 0.018561569814099087,
            "pno": 0.0,
            "pundecided": 0.0,
            "punknown": 0.0,
            "time": 34.128338098526,
            "delp_calls": 3384,
            "percY": 28459.44,
            "percN": 0.0,
            "percU": 0.0,
            "percUNK": 0.0,
            "l": 0.018561569814099087,
            "u": 1.0
        }
    },
    "data": {
        "n_samples": 3384,
        "time": 300.01610827445984,
        "repeated_programs": 0,
        "inconsistent_programs": 2543,
        "worlds_consulted": 620,
        "delp_calls": 3384
    }
}