{
    "status": {
        "a_9": {
            "yes": 3040,
            "no": 1024,
            "undecided": 32,
            "unknown": 0,
            "pyes": 0.9260069902738836,
            "pno": 0.07216799999999997,
            "pundecided": 0.0018250097261163262,
            "punknown": 0.0,
            "time": 183.9964656829834,
            "delp_calls": 115,
            "percY": 116001444.8,
            "percN": 39074170.88,
            "percU": 1221067.84,
            "percUNK": 0.0,
            "l": 0.9260069902738836,
            "u": 0.927832,
            "flag": "INTEREST"
        }
    },
    "data": {
        "n_samples": 3815837,
        "time": 60.00001335144043,
        "repeated_worlds": 3811741,
        "repeated_progs": 3815722,
        "unique_progs": 115,
        "delp_calls": 115
    }
}