{
    "status": {
        "~d_54": {
            "yes": 777,
            "no": 0,
            "undecided": 0,
            "unknown": 0,
            "pyes": 0.1213826282213603,
            "pno": 0.0,
            "pundecided": 0.0,
            "punknown": 0.0,
            "time": 32.058608055114746,
            "delp_calls": 777,
            "percY": 6037.29,
            "percN": 0.0,
            "percU": 0.0,
            "percUNK": 0.0,
            "l": 0.1213826282213603,
            "u": 1.0
        }
    },
    "data": {
        "n_samples": 777,
        "time": 60.07233262062073,
        "repeated_programs": 0,
        "inconsistent_programs": 0,
        "worlds_consulted": 762,
        "delp_calls": 777
    }
}