{
    "status": {
        "a_4": {
            "yes": 2637,
            "no": 0,
            "undecided": 2644,
            "unknown": 0,
            "pyes": 0.9570640000000001,
            "pno": 0.0,
            "pundecided": 0.042935999999999974,
            "punknown": 0.0,
            "time": 268.07784700393677,
            "delp_calls": 5281,
            "percY": 300987.18,
            "percN": 0.0,
            "percU": 301786.16,
            "percUNK": 0.0,
            "l": 0.9570640000000001,
            "u": 1.0,
            "flag": "INTEREST"
        },
        "~a_5": {
            "yes": 3099,
            "no": 0,
            "undecided": 3034,
            "unknown": 0,
            "pyes": 0.9570640000000002,
            "pno": 0.0,
            "pundecided": 0.042936,
            "punknown": 0.0,
            "time": 266.5792579650879,
            "delp_calls": 6133,
            "percY": 353719.86,
            "percN": 0.0,
            "percU": 346300.76,
            "percUNK": 0.0,
            "l": 0.9570640000000002,
            "u": 1.0,
            "flag": "INTEREST"
        }
    },
    "data": {
        "n_samples": 11414,
        "time": 600.074383020401,
        "repeated_programs": 0,
        "inconsistent_programs": 0,
        "worlds_consulted": 512,
        "delp_calls": 11414
    }
}