{
    "status": {
        "a_4": {
            "yes": 2048,
            "no": 0,
            "undecided": 2048,
            "unknown": 0,
            "pyes": 0.9570639999999997,
            "pno": 0.0,
            "pundecided": 0.04293600000000004,
            "punknown": 0.0,
            "time": 247.6046485900879,
            "delp_calls": 256,
            "percY": 503374622.72,
            "percN": 0.0,
            "percU": 503374622.72,
            "percUNK": 0.0,
            "l": 0.9570639999999997,
            "u": 1.0,
            "flag": "INTEREST"
        },
        "~a_5": {
            "yes": 2048,
            "no": 0,
            "undecided": 2048,
            "unknown": 0,
            "pyes": 0.9570640000000006,
            "pno": 0.0,
            "pundecided": 0.04293600000000006,
            "punknown": 0.0,
            "time": 245.89751815795898,
            "delp_calls": 256,
            "percY": 503374622.72,
            "percN": 0.0,
            "percU": 503374622.72,
            "percUNK": 0.0,
            "l": 0.9570640000000006,
            "u": 1.0,
            "flag": "INTEREST"
        }
    },
    "data": {
        "n_samples": 24578839,
        "time": 600.0000143051147,
        "repeated_worlds": 24570647,
        "repeated_progs": 24578327,
        "unique_progs": 512,
        "delp_calls": 512
    }
}