{
    "status": {
        "~d_37": {
            "yes": 2048,
            "no": 0,
            "undecided": 2048,
            "unknown": 0,
            "pyes": 0.8320959133759999,
            "pno": 0.0,
            "pundecided": 0.1679040866240001,
            "punknown": 0.0,
            "time": 164.54756355285645,
            "delp_calls": 2048,
            "percY": 321495613.44,
            "percN": 0.0,
            "percU": 321495613.44,
            "percUNK": 0.0,
            "l": 0.8320959133759999,
            "u": 1.0,
            "flag": "INTEREST"
        }
    },
    "data": {
        "n_samples": 15698028,
        "time": 300.00000500679016,
        "repeated_worlds": 15693932,
        "repeated_progs": 15695980,
        "unique_progs": 2048,
        "delp_calls": 2048
    }
}