{
    "status": {
        "d_42": {
            "yes": 4096,
            "no": 0,
            "undecided": 0,
            "unknown": 0,
            "pyes": 1.0000000000000027,
            "pno": 0.0,
            "pundecided": 0.0,
            "punknown": 0.0,
            "time": 164.97178292274475,
            "delp_calls": 3472,
            "percY": 466371543.04,
            "percN": 0.0,
            "percU": 0.0,
            "percUNK": 0.0,
            "l": 1.0000000000000027,
            "u": 1.0,
            "flag": "INTEREST"
        }
    },
    "data": {
        "n_samples": 11386024,
        "time": 300.0000159740448,
        "repeated_worlds": 11381928,
        "repeated_progs": 11382552,
        "unique_progs": 3472,
        "delp_calls": 3472
    }
}