{
    "status": {
        "d_29": {
            "yes": 467,
            "no": 0,
            "undecided": 0,
            "unknown": 0,
            "pyes": 0.1455653056895158,
            "pno": 0.0,
            "pundecided": 0.0,
            "punknown": 0.0,
            "time": 22.614060163497925,
            "delp_calls": 942,
            "percY": 4399.14,
            "percN": 0.0,
            "percU": 0.0,
            "percUNK": 0.0,
            "l": 0.1455653056895158,
            "u": 1.0
        }
    },
    "data": {
        "n_samples": 942,
        "time": 60.043009757995605,
        "repeated_programs": 0,
        "inconsistent_programs": 475,
        "worlds_consulted": 365,
        "delp_calls": 942
    }
}