{
    "status": {
        "d_29": {
            "yes": 1397,
            "no": 0,
            "undecided": 0,
            "unknown": 0,
            "pyes": 0.22462558075317657,
            "pno": 0.0,
            "pundecided": 0.0,
            "punknown": 0.0,
            "time": 69.41474080085754,
            "delp_calls": 1157,
            "percY": 23986.49,
            "percN": 0.0,
            "percU": 0.0,
            "percUNK": 0.0,
            "l": 0.22462558075317657,
            "u": 1.0
        }
    },
    "data": {
        "n_samples": 1717,
        "time": 60.02059602737427,
        "repeated_worlds": 320,
        "repeated_progs": 560,
        "unique_progs": 1157,
        "delp_calls": 1157
    }
}