{
    "status": {
        "d_37": {
            "yes": 2560,
            "no": 0,
            "undecided": 768,
            "unknown": 768,
            "pyes": 0.9063918736258554,
            "pno": 0.0,
            "pundecided": 0.0861193119574528,
            "punknown": 0.007488814416691201,
            "time": 163.09558367729187,
            "delp_calls": 4096,
            "percY": 492395187.2,
            "percN": 0.0,
            "percU": 147718556.16,
            "percUNK": 147718556.16,
            "l": 0.9063918736258554,
            "u": 1.0,
            "flag": "INTEREST"
        },
        "a_14": {
            "yes": 720,
            "no": 0,
            "undecided": 2704,
            "unknown": 672,
            "pyes": 0.7394653979799911,
            "pno": 0.0,
            "pundecided": 0.26011463893237474,
            "punknown": 0.00041996308763386027,
            "time": 161.68035793304443,
            "delp_calls": 4096,
            "percY": 138486146.4,
            "percN": 0.0,
            "percU": 520092416.48,
            "percUNK": 129253736.64,
            "l": 0.7394653979799911,
            "u": 1.0,
            "flag": "INTEREST"
        }
    },
    "data": {
        "n_samples": 19234187,
        "time": 600.0000107288361,
        "repeated_worlds": 19225995,
        "repeated_progs": 19225995,
        "unique_progs": 8192,
        "delp_calls": 8192
    }
}