{
    "status": {
        "~d_44": {
            "yes": 4096,
            "no": 0,
            "undecided": 0,
            "unknown": 0,
            "pyes": 0.9999999999999999,
            "pno": 0.0,
            "pundecided": 0.0,
            "punknown": 0.0,
            "time": 167.36030268669128,
            "delp_calls": 3760,
            "percY": 1188764344.32,
            "percN": 0.0,
            "percU": 0.0,
            "percUNK": 0.0,
            "l": 0.9999999999999999,
            "u": 1.0,
            "flag": "INTEREST"
        },
        "a_18": {
            "yes": 3452,
            "no": 72,
            "undecided": 572,
            "unknown": 0,
            "pyes": 0.9831818446245619,
            "pno": 5.707055110946562e-05,
            "pundecided": 0.016761084824329905,
            "punknown": 0.0,
            "time": 176.0135407447815,
            "delp_calls": 3760,
            "percY": 1001859012.84,
            "percN": 20896248.24,
            "percU": 166009083.24,
            "percUNK": 0.0,
            "l": 0.9831818446245619,
            "u": 0.9999429294488905,
            "flag": "INTEREST"
        },
        "~a_18": {
            "yes": 72,
            "no": 3452,
            "undecided": 572,
            "unknown": 0,
            "pyes": 5.707055110946563e-05,
            "pno": 0.9831818446245606,
            "pundecided": 0.016761084824329912,
            "punknown": 0.0,
            "time": 179.83074736595154,
            "delp_calls": 3760,
            "percY": 20896248.24,
            "percN": 1001859012.84,
            "percU": 166009083.24,
            "percUNK": 0.0,
            "l": 5.707055110946563e-05,
            "u": 0.016818155375439403,
            "flag": "INTEREST"
        }
    },
    "data": {
        "n_samples": 29022567,
        "time": 900.0000264644623,
        "repeated_worlds": 29010279,
        "repeated_progs": 29011287,
        "unique_progs": 11280,
        "delp_calls": 11280
    }
}