{
    "status": {
        "~d_44": {
            "yes": 932,
            "no": 0,
            "undecided": 0,
            "unknown": 0,
            "pyes": 0.053488933116698036,
            "pno": 0.0,
            "pundecided": 0.0,
            "punknown": 0.0,
            "time": 37.743046045303345,
            "delp_calls": 3703,
            "percY": 102016.72,
            "percN": 0.0,
            "percU": 0.0,
            "percUNK": 0.0,
            "l": 0.053488933116698036,
            "u": 1.0
        },
        "a_18": {
            "yes": 801,
            "no": 33,
            "undecided": 136,
            "unknown": 0,
            "pyes": 0.009520808502921285,
            "pno": 5.5537989318060505e-05,
            "pundecided": 0.001782530489258315,
            "punknown": 0.0,
            "time": 41.92506146430969,
            "delp_calls": 3654,
            "percY": 87677.46,
            "percN": 3612.18,
            "percU": 14886.56,
            "percUNK": 0.0,
            "l": 0.009520808502921285,
            "u": 0.999944462010682
        },
        "~a_18": {
            "yes": 36,
            "no": 811,
            "undecided": 97,
            "unknown": 0,
            "pyes": 5.35001194669133e-05,
            "pno": 0.07887077691567755,
            "pundecided": 0.0017805036068865535,
            "punknown": 0.0,
            "time": 42.06389307975769,
            "delp_calls": 3589,
            "percY": 3940.56,
            "percN": 88772.06,
            "percU": 10617.62,
            "percUNK": 0.0,
            "l": 5.35001194669133e-05,
            "u": 0.9211292230843224
        }
    },
    "data": {
        "n_samples": 10946,
        "time": 900.0856328010559,
        "repeated_programs": 0,
        "inconsistent_programs": 8100,
        "worlds_consulted": 1872,
        "delp_calls": 10946
    }
}