{
    "status": {
        "d_51": {
            "yes": 2048,
            "no": 0,
            "undecided": 2048,
            "unknown": 0,
            "pyes": 0.8676438226000003,
            "pno": 0.0,
            "pundecided": 0.13235617739999986,
            "punknown": 0.0,
            "time": 164.89575719833374,
            "delp_calls": 4096,
            "percY": 193095372.8,
            "percN": 0.0,
            "percU": 193095372.8,
            "percUNK": 0.0,
            "l": 0.8676438226000003,
            "u": 1.0,
            "flag": "INTEREST"
        }
    },
    "data": {
        "n_samples": 9428485,
        "time": 300.00000381469727,
        "repeated_worlds": 9424389,
        "repeated_progs": 9424389,
        "unique_progs": 4096,
        "delp_calls": 4096
    }
}