{
    "status": {
        "d_51": {
            "yes": 1221,
            "no": 0,
            "undecided": 1293,
            "unknown": 0,
            "pyes": 0.012138818647127717,
            "pno": 0.0,
            "pundecided": 0.006416399218517926,
            "punknown": 0.0,
            "time": 100.1759831905365,
            "delp_calls": 5012,
            "percY": 61196.52,
            "percN": 0.0,
            "percU": 64805.16,
            "percUNK": 0.0,
            "l": 0.012138818647127717,
            "u": 1.0
        }
    },
    "data": {
        "n_samples": 5012,
        "time": 300.00779724121094,
        "repeated_programs": 0,
        "inconsistent_programs": 2498,
        "worlds_consulted": 1464,
        "delp_calls": 5012
    }
}