{
    "status": {
        "~d_67": {
            "yes": 1195,
            "no": 0,
            "undecided": 1156,
            "unknown": 0,
            "pyes": 0.05232201101457277,
            "pno": 0.0,
            "pundecided": 0.00020069846358073862,
            "punknown": 0.0,
            "time": 94.51810574531555,
            "delp_calls": 4704,
            "percY": 111696.65,
            "percN": 0.0,
            "percU": 108051.32,
            "percUNK": 0.0,
            "l": 0.05232201101457277,
            "u": 1.0
        },
        "a_13": {
            "yes": 585,
            "no": 0,
            "undecided": 1728,
            "unknown": 0,
            "pyes": 0.05714973245358715,
            "pno": 0.0,
            "pundecided": 0.0012784333895284757,
            "punknown": 0.0,
            "time": 93.6509780883789,
            "delp_calls": 4643,
            "percY": 54679.95,
            "percN": 0.0,
            "percU": 161516.16,
            "percUNK": 0.0,
            "l": 0.05714973245358715,
            "u": 1.0
        }
    },
    "data": {
        "n_samples": 9347,
        "time": 600.0319082736969,
        "repeated_programs": 0,
        "inconsistent_programs": 4683,
        "worlds_consulted": 2816,
        "delp_calls": 9347
    }
}