{
    "status": {
        "d_39": {
            "yes": 479,
            "no": 0,
            "undecided": 178,
            "unknown": 98,
            "pyes": 0.20746932598761128,
            "pno": 0.0,
            "pundecided": 0.003479804618282744,
            "punknown": 0.009617580320386704,
            "time": 29.67701768875122,
            "delp_calls": 755,
            "percY": 10834.98,
            "percN": 0.0,
            "percU": 4026.36,
            "percUNK": 2216.76,
            "l": 0.20746932598761128,
            "u": 1.0
        },
        "~a_19": {
            "yes": 101,
            "no": 0,
            "undecided": 650,
            "unknown": 0,
            "pyes": 0.06343176522691121,
            "pno": 0.0,
            "pundecided": 0.07890352550616199,
            "punknown": 0.0,
            "time": 29.995568990707397,
            "delp_calls": 751,
            "percY": 2284.62,
            "percN": 0.0,
            "percU": 14703.0,
            "percUNK": 0.0,
            "l": 0.06343176522691121,
            "u": 1.0
        },
        "a_15": {
            "yes": 336,
            "no": 19,
            "undecided": 401,
            "unknown": 0,
            "pyes": 0.4187752700663873,
            "pno": 0.0006547589073164444,
            "pundecided": 0.061433992891070224,
            "punknown": 0.0,
            "time": 30.137006282806396,
            "delp_calls": 756,
            "percY": 7600.32,
            "percN": 429.78,
            "percU": 9070.62,
            "percUNK": 0.0,
            "l": 0.4187752700663873,
            "u": 0.9993452410926835
        }
    },
    "data": {
        "n_samples": 2262,
        "time": 900.317962884903,
        "repeated_programs": 0,
        "inconsistent_programs": 0,
        "worlds_consulted": 2057,
        "delp_calls": 2262
    }
}