{
    "status": {
        "~d_74": {
            "yes": 859,
            "no": 0,
            "undecided": 2520,
            "unknown": 0,
            "pyes": 0.041158442437638804,
            "pno": 0.0,
            "pundecided": 0.13006295475330074,
            "punknown": 0.0,
            "time": 135.71104383468628,
            "delp_calls": 3379,
            "percY": 29025.61,
            "percN": 0.0,
            "percU": 85150.8,
            "percUNK": 0.0,
            "l": 0.041158442437638804,
            "u": 1.0
        }
    },
    "data": {
        "n_samples": 3379,
        "time": 300.06478810310364,
        "repeated_programs": 0,
        "inconsistent_programs": 0,
        "worlds_consulted": 2344,
        "delp_calls": 3379
    }
}