{
    "status": {
        "~d_74": {
            "yes": 1024,
            "no": 0,
            "undecided": 3072,
            "unknown": 0,
            "pyes": 0.8058887199999982,
            "pno": 0.0,
            "pundecided": 0.19411128000000002,
            "punknown": 0.0,
            "time": 165.6888837814331,
            "delp_calls": 3952,
            "percY": 100301230.08,
            "percN": 0.0,
            "percU": 300903690.24,
            "percUNK": 0.0,
            "l": 0.8058887199999982,
            "u": 1.0,
            "flag": "INTEREST"
        }
    },
    "data": {
        "n_samples": 9795042,
        "time": 300.0000116825104,
        "repeated_worlds": 9790946,
        "repeated_progs": 9791090,
        "unique_progs": 3952,
        "delp_calls": 3952
    }
}