{
    "status": {
        "d_10": {
            "yes": 262144,
            "no": 0,
            "undecided": 0,
            "unknown": 0,
            "pyes": 0.9999999999998723,
            "pno": 0.0,
            "pundecided": 0.0,
            "punknown": 0.0,
            "time": 11347.357467651367,
            "delp_calls": 216,
            "percY": 64982920724.48,
            "percN": 0.0,
            "percU": 0.0,
            "percUNK": 0.0,
            "l": 0.9999999999998723,
            "u": 1.0,
            "flag": "INTEREST"
        },
        "a_6": {
            "yes": 262144,
            "no": 0,
            "undecided": 0,
            "unknown": 0,
            "pyes": 0.9999999999999413,
            "pno": 0.0,
            "pundecided": 0.0,
            "punknown": 0.0,
            "time": 13015.388366699219,
            "delp_calls": 216,
            "percY": 64982920724.48,
            "percN": 0.0,
            "percU": 0.0,
            "percUNK": 0.0,
            "l": 0.9999999999999413,
            "u": 1.0,
            "flag": "INTEREST"
        }
    },
    "data": {
        "n_samples": 24789017,
        "time": 600.0000202655792,
        "repeated_worlds": 24264729,
        "repeated_progs": 24788585,
        "unique_progs": 432,
        "delp_calls": 432
    }
}