{
    "status": {
        "d_10": {
            "yes": 1706,
            "no": 0,
            "undecided": 0,
            "unknown": 0,
            "pyes": 1.0,
            "pno": 0.0,
            "pundecided": 0.0,
            "punknown": 0.0,
            "time": 74.76782870292664,
            "delp_calls": 1706,
            "percY": 58549.92,
            "percN": 0.0,
            "percU": 0.0,
            "percUNK": 0.0,
            "l": 1.0,
            "u": 1.0,
            "flag": "INTEREST"
        },
        "a_6": {
            "yes": 1726,
            "no": 0,
            "undecided": 0,
            "unknown": 0,
            "pyes": 1.0000000000000004,
            "pno": 0.0,
            "pundecided": 0.0,
            "punknown": 0.0,
            "time": 76.68519306182861,
            "delp_calls": 1726,
            "percY": 59236.32,
            "percN": 0.0,
            "percU": 0.0,
            "percUNK": 0.0,
            "l": 1.0000000000000004,
            "u": 1.0,
            "flag": "INTEREST"
        }
    },
    "data": {
        "n_samples": 3432,
        "time": 600.3124783039093,
        "repeated_programs": 0,
        "inconsistent_programs": 0,
        "worlds_consulted": 32768,
        "delp_calls": 3432
    }
}