{
    "status": {
        "d_37": {
            "yes": 605,
            "no": 0,
            "undecided": 574,
            "unknown": 0,
            "pyes": 0.0619717198569113,
            "pno": 0.0,
            "pundecided": 0.00753449272940167,
            "punknown": 0.0,
            "time": 57.381232261657715,
            "delp_calls": 1179,
            "percY": 8421.6,
            "percN": 0.0,
            "percU": 7990.08,
            "percUNK": 0.0,
            "l": 0.0619717198569113,
            "u": 1.0
        }
    },
    "data": {
        "n_samples": 1392,
        "time": 60.013354778289795,
        "repeated_worlds": 213,
        "repeated_progs": 213,
        "unique_progs": 1179,
        "delp_calls": 1179
    }
}