{
    "status": {
        "a_2": {
            "yes": 1355,
            "no": 0,
            "undecided": 0,
            "unknown": 900,
            "pyes": 0.6042189340583393,
            "pno": 0.0,
            "pundecided": 0.0,
            "punknown": 0.0029572873128437408,
            "time": 94.08492350578308,
            "delp_calls": 2255,
            "percY": 30555.25,
            "percN": 0.0,
            "percU": 0.0,
            "percUNK": 20295.0,
            "l": 0.6042189340583393,
            "u": 1.0,
            "flag": "INTEREST"
        }
    },
    "data": {
        "n_samples": 2255,
        "time": 300.19405722618103,
        "repeated_programs": 0,
        "inconsistent_programs": 0,
        "worlds_consulted": 30136,
        "delp_calls": 2255
    }
}