{
    "status": {
        "a_2": {
            "yes": 8227,
            "no": 0,
            "undecided": 0,
            "unknown": 4898,
            "pyes": 0.004861665638254405,
            "pno": 0.0,
            "pundecided": 0.0,
            "punknown": 0.0009215523076187363,
            "time": 545.9094998836517,
            "delp_calls": 6797,
            "percY": 1109657.76,
            "percN": 0.0,
            "percU": 0.0,
            "percUNK": 660642.24,
            "l": 0.004861665638254405,
            "u": 1.0
        }
    },
    "data": {
        "n_samples": 13488,
        "time": 300.0250413417816,
        "repeated_worlds": 363,
        "repeated_progs": 6691,
        "unique_progs": 6797,
        "delp_calls": 6797
    }
}