{
    "status": {
        "~a_11": {
            "yes": 649,
            "no": 0,
            "undecided": 283,
            "unknown": 0,
            "pyes": 0.0004281451835691711,
            "pno": 0.0,
            "pundecided": 9.944913203705682e-06,
            "punknown": 0.0,
            "time": 39.73006081581116,
            "delp_calls": 3132,
            "percY": 20326.68,
            "percN": 0.0,
            "percU": 8863.56,
            "percUNK": 0.0,
            "l": 0.0004281451835691711,
            "u": 1.0
        }
    },
    "data": {
        "n_samples": 3132,
        "time": 300.0467495918274,
        "repeated_programs": 0,
        "inconsistent_programs": 2200,
        "worlds_consulted": 2449,
        "delp_calls": 3132
    }
}