{
    "status": {
        "~a_11": {
            "yes": 5299,
            "no": 0,
            "undecided": 1758,
            "unknown": 0,
            "pyes": 0.0042543326616656515,
            "pno": 0.0,
            "pundecided": 0.0003087204239979285,
            "punknown": 0.0,
            "time": 301.8156752586365,
            "delp_calls": 6595,
            "percY": 379673.35,
            "percN": 0.0,
            "percU": 125960.7,
            "percUNK": 0.0,
            "l": 0.0042543326616656515,
            "u": 1.0
        }
    },
    "data": {
        "n_samples": 7165,
        "time": 300.02977871894836,
        "repeated_worlds": 108,
        "repeated_progs": 570,
        "unique_progs": 6595,
        "delp_calls": 6595
    }
}