{
    "status": {
        "d_34": {
            "yes": 624,
            "no": 0,
            "undecided": 0,
            "unknown": 0,
            "pyes": 0.07688694256914268,
            "pno": 0.0,
            "pundecided": 0.0,
            "punknown": 0.0,
            "time": 29.897536516189575,
            "delp_calls": 624,
            "percY": 12373.92,
            "percN": 0.0,
            "percU": 0.0,
            "percUNK": 0.0,
            "l": 0.07688694256914268,
            "u": 1.0
        },
        "~a_13": {
            "yes": 695,
            "no": 0,
            "undecided": 0,
            "unknown": 0,
            "pyes": 0.095510924720802,
            "pno": 0.0,
            "pundecided": 0.0,
            "punknown": 0.0,
            "time": 31.53966450691223,
            "delp_calls": 695,
            "percY": 13781.85,
            "percN": 0.0,
            "percU": 0.0,
            "percUNK": 0.0,
            "l": 0.095510924720802,
            "u": 1.0
        },
        "~a_20": {
            "yes": 664,
            "no": 0,
            "undecided": 0,
            "unknown": 0,
            "pyes": 0.5656195888617298,
            "pno": 0.0,
            "pundecided": 0.0,
            "punknown": 0.0,
            "time": 32.074547290802,
            "delp_calls": 664,
            "percY": 13167.12,
            "percN": 0.0,
            "percU": 0.0,
            "percUNK": 0.0,
            "l": 0.5656195888617298,
            "u": 1.0,
            "flag": "INTEREST"
        }
    },
    "data": {
        "n_samples": 1983,
        "time": 180.19689774513245,
        "repeated_programs": 0,
        "inconsistent_programs": 0,
        "worlds_consulted": 2071,
        "delp_calls": 1983
    }
}