{
    "status": {
        "a_0": {
            "yes": 4096,
            "no": 0,
            "undecided": 0,
            "unknown": 0,
            "pyes": 0.9999999999999996,
            "pno": 0.0,
            "pundecided": 0.0,
            "punknown": 0.0,
            "time": 160.7322826385498,
            "delp_calls": 96,
            "percY": 1789060751.36,
            "percN": 0.0,
            "percU": 0.0,
            "percUNK": 0.0,
            "l": 0.9999999999999996,
            "u": 1.0,
            "flag": "INTEREST"
        },
        "a_7": {
            "yes": 3808,
            "no": 288,
            "undecided": 0,
            "unknown": 0,
            "pyes": 0.9768280397569851,
            "pno": 0.023171960243014895,
            "pundecided": 0.0,
            "punknown": 0.0,
            "time": 164.6055784225464,
            "delp_calls": 96,
            "percY": 1663267417.28,
            "percN": 125793334.08,
            "percU": 0.0,
            "percUNK": 0.0,
            "l": 0.9768280397569851,
            "u": 0.9768280397569851,
            "flag": "INTEREST"
        }
    },
    "data": {
        "n_samples": 43678241,
        "time": 600.0000166893005,
        "repeated_worlds": 43670049,
        "repeated_progs": 43678049,
        "unique_progs": 192,
        "delp_calls": 192
    }
}