{
    "status": {
        "~a_4": {
            "yes": 4437,
            "no": 0,
            "undecided": 1431,
            "unknown": 0,
            "pyes": 0.0001905166863415299,
            "pno": 0.0,
            "pundecided": 2.7716924341865016e-05,
            "punknown": 0.0,
            "time": 260.82261896133423,
            "delp_calls": 1213,
            "percY": 489977.91,
            "percN": 0.0,
            "percU": 158025.33,
            "percUNK": 0.0,
            "l": 0.0001905166863415299,
            "u": 1.0
        },
        "a_9": {
            "yes": 2821,
            "no": 2353,
            "undecided": 0,
            "unknown": 0,
            "pyes": 7.602205077003959e-05,
            "pno": 6.0556667737864745e-05,
            "pundecided": 0.0,
            "punknown": 0.0,
            "time": 240.92614316940308,
            "delp_calls": 1166,
            "percY": 311523.03,
            "percN": 259841.79,
            "percU": 0.0,
            "percUNK": 0.0,
            "l": 7.602205077003959e-05,
            "u": 0.9999394433322621
        }
    },
    "data": {
        "n_samples": 11043,
        "time": 120.00376915931702,
        "repeated_worlds": 1,
        "repeated_progs": 8664,
        "unique_progs": 2379,
        "delp_calls": 2379
    }
}