{
    "status": {
        "~d_11": {
            "yes": 1210,
            "no": 0,
            "undecided": 1377,
            "unknown": 0,
            "pyes": 0.9311999999999998,
            "pno": 0.0,
            "pundecided": 0.028799999999999992,
            "punknown": 0.0,
            "time": 143.95559334754944,
            "delp_calls": 4935,
            "percY": 59713.5,
            "percN": 0.0,
            "percU": 67954.95,
            "percUNK": 0.0,
            "l": 0.9311999999999998,
            "u": 1.0,
            "flag": "INTEREST"
        }
    },
    "data": {
        "n_samples": 4935,
        "time": 300.0224657058716,
        "repeated_programs": 0,
        "inconsistent_programs": 2348,
        "worlds_consulted": 32,
        "delp_calls": 4935
    }
}