{
    "status": {
        "d_17": {
            "yes": 5572,
            "no": 0,
            "undecided": 2933,
            "unknown": 360,
            "pyes": 0.03191982887695296,
            "pno": 0.0,
            "pundecided": 0.0007285212073066639,
            "punknown": 1.5582859905599498e-07,
            "time": 372.5291724205017,
            "delp_calls": 6755,
            "percY": 995493.52,
            "percN": 0.0,
            "percU": 524009.78,
            "percUNK": 64317.6,
            "l": 0.03191982887695296,
            "u": 1.0
        },
        "a_9": {
            "yes": 1854,
            "no": 812,
            "undecided": 5993,
            "unknown": 38,
            "pyes": 0.0014539864287157658,
            "pno": 0.00023065248809007007,
            "pundecided": 0.0034891174297903083,
            "punknown": 3.39629564635025e-08,
            "time": 371.21672892570496,
            "delp_calls": 6682,
            "percY": 331235.64,
            "percN": 145071.92,
            "percU": 1070709.38,
            "percUNK": 6789.08,
            "l": 0.0014539864287157658,
            "u": 0.9997693475119099
        }
    },
    "data": {
        "n_samples": 17866,
        "time": 600.0816783905029,
        "repeated_worlds": 304,
        "repeated_progs": 4429,
        "unique_progs": 13437,
        "delp_calls": 13437
    }
}