{
    "status": {
        "a_7": {
            "yes": 16,
            "no": 48,
            "undecided": 42,
            "unknown": 0,
            "pyes": 0.00027007039997728054,
            "pno": 0.056389786698477565,
            "pundecided": 0.014950478880801386,
            "punknown": 0.0,
            "time": 5.43627667427063,
            "delp_calls": 106,
            "percY": 16.96,
            "percN": 50.88,
            "percU": 44.52,
            "percUNK": 0.0,
            "l": 0.00027007039997728054,
            "u": 0.9436102133015224
        }
    },
    "data": {
        "n_samples": 106,
        "time": 61.06700658798218,
        "repeated_programs": 0,
        "inconsistent_programs": 0,
        "worlds_consulted": 12696,
        "delp_calls": 106
    }
}