{
    "status": {
        "a_2": {
            "yes": 1293,
            "no": 0,
            "undecided": 0,
            "unknown": 1281,
            "pyes": 0.8838697684857598,
            "pno": 0.0,
            "pundecided": 0.0,
            "punknown": 0.03682790702023998,
            "time": 135.76255416870117,
            "delp_calls": 4985,
            "percY": 123817.68,
            "percN": 0.0,
            "percU": 0.0,
            "percUNK": 122668.56,
            "l": 0.8838697684857598,
            "u": 1.0,
            "flag": "INTEREST"
        },
        "a_9": {
            "yes": 1442,
            "no": 844,
            "undecided": 0,
            "unknown": 0,
            "pyes": 0.9071996098536089,
            "pno": 0.013498065652391035,
            "pundecided": 0.0,
            "punknown": 0.0,
            "time": 133.00955653190613,
            "delp_calls": 4591,
            "percY": 138085.92,
            "percN": 80821.44,
            "percU": 0.0,
            "percUNK": 0.0,
            "l": 0.9071996098536089,
            "u": 0.9865019343476089,
            "flag": "INTEREST"
        }
    },
    "data": {
        "n_samples": 9576,
        "time": 600.0859227180481,
        "repeated_programs": 0,
        "inconsistent_programs": 4716,
        "worlds_consulted": 512,
        "delp_calls": 9576
    }
}