{
    "status": {
        "a_4": {
            "yes": 12393,
            "no": 0,
            "undecided": 0,
            "unknown": 1716,
            "pyes": 0.018827803227913012,
            "pno": 0.0,
            "pundecided": 0.0,
            "punknown": 0.0,
            "time": 604.62619805336,
            "delp_calls": 6577,
            "percY": 3569927.58,
            "percN": 0.0,
            "percU": 0.0,
            "percUNK": 494310.96,
            "l": 0.018827803227913012,
            "u": 1.0
        },
        "~a_8": {
            "yes": 2319,
            "no": 4285,
            "undecided": 7261,
            "unknown": 27,
            "pyes": 2.7751536401575043e-05,
            "pno": 0.005820940704610787,
            "pundecided": 0.0035809004748146196,
            "punknown": 1.1980100649557604e-11,
            "time": 598.7698078155518,
            "delp_calls": 6534,
            "percY": 668011.14,
            "percN": 1234337.1,
            "percU": 2091603.66,
            "percUNK": 7777.62,
            "l": 2.7751536401575043e-05,
            "u": 0.9941790592953892
        }
    },
    "data": {
        "n_samples": 28806,
        "time": 600.0566749572754,
        "repeated_worlds": 805,
        "repeated_progs": 15695,
        "unique_progs": 13111,
        "delp_calls": 13111
    }
}