{
    "status": {
        "a_6": {
            "yes": 3390,
            "no": 0,
            "undecided": 0,
            "unknown": 0,
            "pyes": 0.9999999999999999,
            "pno": 0.0,
            "pundecided": 0.0,
            "punknown": 0.0,
            "time": 132.9555206298828,
            "delp_calls": 6760,
            "percY": 448632.6,
            "percN": 0.0,
            "percU": 0.0,
            "percUNK": 0.0,
            "l": 0.9999999999999999,
            "u": 1.0,
            "flag": "INTEREST"
        },
        "~a_8": {
            "yes": 1587,
            "no": 1697,
            "undecided": 0,
            "unknown": 0,
            "pyes": 0.03011511014399999,
            "pno": 0.9698848898560001,
            "pundecided": 0.0,
            "punknown": 0.0,
            "time": 135.3179910182953,
            "delp_calls": 6474,
            "percY": 210023.58,
            "percN": 224580.98,
            "percU": 0.0,
            "percUNK": 0.0,
            "l": 0.03011511014399999,
            "u": 0.030115110143999924,
            "flag": "INTEREST"
        }
    },
    "data": {
        "n_samples": 13234,
        "time": 600.06143450737,
        "repeated_programs": 0,
        "inconsistent_programs": 6560,
        "worlds_consulted": 256,
        "delp_calls": 13234
    }
}