{
    "status": {
        "a_2": {
            "yes": 2639,
            "no": 0,
            "undecided": 0,
            "unknown": 2192,
            "pyes": 0.8850279999999998,
            "pno": 0.0,
            "pundecided": 0.0,
            "punknown": 0.02737200000000001,
            "time": 209.34935903549194,
            "delp_calls": 6326,
            "percY": 508957.54,
            "percN": 0.0,
            "percU": 0.0,
            "percUNK": 422749.12,
            "l": 0.8850279999999998,
            "u": 1.0,
            "flag": "INTEREST"
        },
        "~a_9": {
            "yes": 1756,
            "no": 656,
            "undecided": 2420,
            "unknown": 204,
            "pyes": 0.83356864,
            "pno": 0.0,
            "pundecided": 0.07883135999999995,
            "punknown": 0.0,
            "time": 212.74166202545166,
            "delp_calls": 6502,
            "percY": 338662.16,
            "percN": 126516.16,
            "percU": 466721.2,
            "percUNK": 39343.44,
            "l": 0.83356864,
            "u": 1.0,
            "flag": "INTEREST"
        },
        "a_9": {
            "yes": 662,
            "no": 1690,
            "undecided": 2359,
            "unknown": 208,
            "pyes": 0.0,
            "pno": 0.8335686400000001,
            "pundecided": 0.07883135999999993,
            "punknown": 0.0,
            "time": 209.2400462627411,
            "delp_calls": 6458,
            "percY": 127673.32,
            "percN": 325933.4,
            "percU": 454956.74,
            "percUNK": 40114.88,
            "l": 0.0,
            "u": 0.16643135999999992,
            "flag": "INTEREST"
        }
    },
    "data": {
        "n_samples": 19286,
        "time": 900.0399172306061,
        "repeated_programs": 0,
        "inconsistent_programs": 4500,
        "worlds_consulted": 774,
        "delp_calls": 19286
    }
}