{
    "status": {
        "~d_16": {
            "yes": 321572,
            "no": 0,
            "undecided": 321193,
            "unknown": 0,
            "pyes": 0.02227115306397362,
            "pno": 0.0,
            "pundecided": 0.015057829280306323,
            "punknown": 0.0,
            "time": 26378.11633491516,
            "delp_calls": 1024,
            "percY": 4077053817.72,
            "percN": 0.0,
            "percU": 4072248662.43,
            "percUNK": 0.0,
            "l": 0.02227115306397362,
            "u": 1.0
        },
        "~a_8": {
            "yes": 127305,
            "no": 98969,
            "undecided": 375088,
            "unknown": 0,
            "pyes": 0.013731583296811387,
            "pno": 0.0033327466609840346,
            "pundecided": 0.017306564234569853,
            "punknown": 0.0,
            "time": 32089.619743585587,
            "delp_calls": 1024,
            "percY": 1614037715.55,
            "percN": 1254779456.19,
            "percU": 4755556958.88,
            "percUNK": 0.0,
            "l": 0.013731583296811387,
            "u": 0.996667253339016
        }
    },
    "data": {
        "n_samples": 1267851,
        "time": 600.0001101493835,
        "repeated_worlds": 23724,
        "repeated_progs": 1265803,
        "unique_progs": 2048,
        "delp_calls": 2048
    }
}