{
    "status": {
        "a_7": {
            "yes": 12807,
            "no": 16439,
            "undecided": 9832,
            "unknown": 0,
            "pyes": 0.07241758186185904,
            "pno": 0.04014324699073341,
            "pundecided": 0.02145190102022285,
            "punknown": 0.0,
            "time": 1789.8112778663635,
            "delp_calls": 352,
            "percY": 5418001.35,
            "percN": 6954518.95,
            "percU": 4159427.6,
            "percUNK": 0.0,
            "l": 0.07241758186185904,
            "u": 0.9598567530092665
        }
    },
    "data": {
        "n_samples": 42305,
        "time": 60.000487089157104,
        "repeated_worlds": 3227,
        "repeated_progs": 41953,
        "unique_progs": 352,
        "delp_calls": 352
    }
}