{
    "status": {
        "a_7": {
            "yes": 34872,
            "no": 44673,
            "undecided": 26433,
            "unknown": 0,
            "pyes": 0.42095526801141797,
            "pno": 0.12183696966641275,
            "pundecided": 0.03902292177232911,
            "punknown": 0.0,
            "time": 4803.547343969345,
            "delp_calls": 352,
            "percY": 47322350.16,
            "percN": 60622601.19,
            "percU": 35870373.99,
            "percUNK": 0.0,
            "l": 0.42095526801141797,
            "u": 0.8781630303335872,
            "flag": "INTEREST"
        }
    },
    "data": {
        "n_samples": 135703,
        "time": 60.00002884864807,
        "repeated_worlds": 29725,
        "repeated_progs": 135351,
        "unique_progs": 352,
        "delp_calls": 352
    }
}