{
    "status": {
        "a_15": {
            "yes": 2114,
            "no": 188,
            "undecided": 1794,
            "unknown": 0,
            "pyes": 0.9860537418249968,
            "pno": 0.002693545078127218,
            "pundecided": 0.011252713096875791,
            "punknown": 0.0,
            "time": 174.36437129974365,
            "delp_calls": 4096,
            "percY": 180010736.08,
            "percN": 16008523.36,
            "percU": 152762185.68,
            "percUNK": 0.0,
            "l": 0.9860537418249968,
            "u": 0.9973064549218728,
            "flag": "INTEREST"
        }
    },
    "data": {
        "n_samples": 8515172,
        "time": 300.00000739097595,
        "repeated_worlds": 8511076,
        "repeated_progs": 8511076,
        "unique_progs": 4096,
        "delp_calls": 4096
    }
}