{
    "status": {
        "a_3": {
            "yes": 489,
            "no": 0,
            "undecided": 0,
            "unknown": 357,
            "pyes": 0.037817981575573985,
            "pno": 0.0,
            "pundecided": 0.0,
            "punknown": 0.005915452804884683,
            "time": 36.0523157119751,
            "delp_calls": 1151,
            "percY": 5628.39,
            "percN": 0.0,
            "percU": 0.0,
            "percUNK": 4109.07,
            "l": 0.037817981575573985,
            "u": 1.0
        }
    },
    "data": {
        "n_samples": 1151,
        "time": 60.0289511680603,
        "repeated_programs": 0,
        "inconsistent_programs": 305,
        "worlds_consulted": 795,
        "delp_calls": 1151
    }
}