{
    "status": {
        "~d_27": {
            "yes": 901,
            "no": 0,
            "undecided": 16,
            "unknown": 135,
            "pyes": 0.6834798442510882,
            "pno": 0.0,
            "pundecided": 0.0,
            "punknown": 0.0,
            "time": 41.2627911567688,
            "delp_calls": 1052,
            "percY": 28228.33,
            "percN": 0.0,
            "percU": 501.28,
            "percUNK": 4229.55,
            "l": 0.6834798442510882,
            "u": 1.0,
            "flag": "INTEREST"
        },
        "a_15": {
            "yes": 498,
            "no": 115,
            "undecided": 415,
            "unknown": 0,
            "pyes": 0.09170248915447088,
            "pno": 0.006576790819249534,
            "pundecided": 0.008302166855146023,
            "punknown": 0.0,
            "time": 48.375527143478394,
            "delp_calls": 1028,
            "percY": 15602.34,
            "percN": 3602.95,
            "percU": 13001.95,
            "percUNK": 0.0,
            "l": 0.09170248915447088,
            "u": 0.9934232091807504
        },
        "a_17": {
            "yes": 320,
            "no": 119,
            "undecided": 613,
            "unknown": 1,
            "pyes": 0.04908022126053524,
            "pno": 0.6801019164105098,
            "pundecided": 0.0007098032685022918,
            "punknown": 0.0,
            "time": 41.67035126686096,
            "delp_calls": 1053,
            "percY": 10025.6,
            "percN": 3728.27,
            "percU": 19205.29,
            "percUNK": 31.33,
            "l": 0.04908022126053524,
            "u": 0.31989808358949023,
            "flag": "INTEREST"
        }
    },
    "data": {
        "n_samples": 3133,
        "time": 900.57954454422,
        "repeated_programs": 0,
        "inconsistent_programs": 0,
        "worlds_consulted": 2769,
        "delp_calls": 3133
    }
}