{
    "status": {
        "a_5": {
            "yes": 7039,
            "no": 0,
            "undecided": 5175,
            "unknown": 392,
            "pyes": 0.00881603941464942,
            "pno": 0.0,
            "pundecided": 0.001745554101275203,
            "punknown": 1.3057537135237827e-05,
            "time": 524.2423067092896,
            "delp_calls": 6779,
            "percY": 1801068.93,
            "percN": 0.0,
            "percU": 1324127.25,
            "percUNK": 100301.04,
            "l": 0.00881603941464942,
            "u": 1.0
        },
        "~a_8": {
            "yes": 2726,
            "no": 4297,
            "undecided": 4799,
            "unknown": 570,
            "pyes": 0.056312041245799825,
            "pno": 0.0017174546624545677,
            "pundecided": 0.0011784092863978577,
            "punknown": 0.001349553581812322,
            "time": 518.6520228385925,
            "delp_calls": 6742,
            "percY": 697501.62,
            "percN": 1099473.39,
            "percU": 1227920.13,
            "percUNK": 145845.9,
            "l": 0.056312041245799825,
            "u": 0.9982825453375455
        }
    },
    "data": {
        "n_samples": 25587,
        "time": 600.0563426017761,
        "repeated_worlds": 589,
        "repeated_progs": 12066,
        "unique_progs": 13521,
        "delp_calls": 13521
    }
}