{
    "status": {
        "a_5": {
            "yes": 196608,
            "no": 0,
            "undecided": 65536,
            "unknown": 0,
            "pyes": 0.9914625199999869,
            "pno": 0.0,
            "pundecided": 0.008537479999999936,
            "punknown": 0.0,
            "time": 10819.05976486206,
            "delp_calls": 384,
            "percY": 52938516725.76,
            "percN": 0.0,
            "percU": 17646172241.92,
            "percUNK": 0.0,
            "l": 0.9914625199999869,
            "u": 1.0,
            "flag": "INTEREST"
        },
        "a_7": {
            "yes": 61440,
            "no": 199680,
            "undecided": 1024,
            "unknown": 0,
            "pyes": 0.0929992857599999,
            "pno": 0.9070006752424541,
            "pundecided": 3.899750399999999e-08,
            "punknown": 0.0,
            "time": 12272.336364746094,
            "delp_calls": 384,
            "percY": 16543286476.8,
            "percN": 53765681049.6,
            "percU": 275721441.28,
            "percUNK": 0.0,
            "l": 0.0929992857599999,
            "u": 0.09299932475754591,
            "flag": "INTEREST"
        }
    },
    "data": {
        "n_samples": 26925922,
        "time": 600.000018119812,
        "repeated_worlds": 26401634,
        "repeated_progs": 26925154,
        "unique_progs": 768,
        "delp_calls": 768
    }
}