{
    "status": {
        "~a_17": {
            "yes": 125,
            "no": 58,
            "undecided": 198,
            "unknown": 0,
            "pyes": 0.07172410364114637,
            "pno": 7.853133769682037e-06,
            "pundecided": 0.00897284391897983,
            "punknown": 0.0,
            "time": 19.0251305103302,
            "delp_calls": 782,
            "percY": 1913.75,
            "percN": 887.98,
            "percU": 3031.38,
            "percUNK": 0.0,
            "l": 0.07172410364114637,
            "u": 0.9999921468662303
        },
        "a_18": {
            "yes": 157,
            "no": 5,
            "undecided": 189,
            "unknown": 0,
            "pyes": 0.06317778156476807,
            "pno": 0.0,
            "pundecided": 0.0021058856697493047,
            "punknown": 0.0,
            "time": 17.95985436439514,
            "delp_calls": 749,
            "percY": 2403.67,
            "percN": 76.55,
            "percU": 2893.59,
            "percUNK": 0.0,
            "l": 0.06317778156476807,
            "u": 1.0
        }
    },
    "data": {
        "n_samples": 1531,
        "time": 120.10402512550354,
        "repeated_programs": 0,
        "inconsistent_programs": 799,
        "worlds_consulted": 661,
        "delp_calls": 1531
    }
}