{
    "status": {
        "~a_17": {
            "yes": 388,
            "no": 206,
            "undecided": 573,
            "unknown": 0,
            "pyes": 0.05094254403732307,
            "pno": 0.0012566051573290184,
            "pundecided": 0.012567742761370827,
            "punknown": 0.0,
            "time": 57.311847448349,
            "delp_calls": 1167,
            "percY": 10491.52,
            "percN": 5570.24,
            "percU": 15493.92,
            "percUNK": 0.0,
            "l": 0.05094254403732307,
            "u": 0.9987433948426709
        },
        "a_18": {
            "yes": 552,
            "no": 32,
            "undecided": 576,
            "unknown": 0,
            "pyes": 0.09216618393547493,
            "pno": 4.641743756934001e-05,
            "pundecided": 0.10423132313331238,
            "punknown": 0.0,
            "time": 57.3351936340332,
            "delp_calls": 1160,
            "percY": 14926.08,
            "percN": 865.28,
            "percU": 15575.04,
            "percUNK": 0.0,
            "l": 0.09216618393547493,
            "u": 0.9999535825624306
        }
    },
    "data": {
        "n_samples": 2704,
        "time": 120.03504967689514,
        "repeated_worlds": 377,
        "repeated_progs": 377,
        "unique_progs": 2327,
        "delp_calls": 2327
    }
}