{
    "status": {
        "a_1": {
            "yes": 4096,
            "no": 0,
            "undecided": 0,
            "unknown": 0,
            "pyes": 1.0000000000000009,
            "pno": 0.0,
            "pundecided": 0.0,
            "punknown": 0.0,
            "time": 182.38134002685547,
            "delp_calls": 39,
            "percY": 439283425.28,
            "percN": 0.0,
            "percU": 0.0,
            "percUNK": 0.0,
            "l": 1.0000000000000009,
            "u": 1.0,
            "flag": "INTEREST"
        },
        "a_5": {
            "yes": 4096,
            "no": 0,
            "undecided": 0,
            "unknown": 0,
            "pyes": 0.9999999999999962,
            "pno": 0.0,
            "pundecided": 0.0,
            "punknown": 0.0,
            "time": 179.9759750366211,
            "delp_calls": 39,
            "percY": 439283425.28,
            "percN": 0.0,
            "percU": 0.0,
            "percUNK": 0.0,
            "l": 0.9999999999999962,
            "u": 1.0,
            "flag": "INTEREST"
        },
        "~a_8": {
            "yes": 768,
            "no": 3328,
            "undecided": 0,
            "unknown": 0,
            "pyes": 0.08449921927255684,
            "pno": 0.9155007807274421,
            "pundecided": 0.0,
            "punknown": 0.0,
            "time": 186.4051856994629,
            "delp_calls": 39,
            "percY": 82365642.24,
            "percN": 356917783.04,
            "percU": 0.0,
            "percUNK": 0.0,
            "l": 0.08449921927255684,
            "u": 0.08449921927255788,
            "flag": "INTEREST"
        }
    },
    "data": {
        "n_samples": 10724693,
        "time": 180.00003838539124,
        "repeated_worlds": 10712405,
        "repeated_progs": 10724576,
        "unique_progs": 117,
        "delp_calls": 117
    }
}