{
    "status": {
        "~a_6": {
            "yes": 3206,
            "no": 0,
            "undecided": 0,
            "unknown": 3,
            "pyes": 0.27841467765589956,
            "pno": 0.0,
            "pundecided": 0.0,
            "punknown": 3.2144960208880364e-14,
            "time": 126.55541706085205,
            "delp_calls": 6312,
            "percY": 401743.86,
            "percN": 0.0,
            "percU": 0.0,
            "percUNK": 375.93,
            "l": 0.27841467765589956,
            "u": 1.0
        },
        "a_9": {
            "yes": 2425,
            "no": 771,
            "undecided": 0,
            "unknown": 2,
            "pyes": 0.21205036697153604,
            "pno": 0.0068198941905395485,
            "pundecided": 0.0,
            "punknown": 0.0,
            "time": 128.87108540534973,
            "delp_calls": 6219,
            "percY": 303876.75,
            "percN": 96614.01,
            "percU": 0.0,
            "percUNK": 250.62,
            "l": 0.21205036697153604,
            "u": 0.9931801058094605
        }
    },
    "data": {
        "n_samples": 12531,
        "time": 600.0556161403656,
        "repeated_programs": 0,
        "inconsistent_programs": 6124,
        "worlds_consulted": 4447,
        "delp_calls": 12531
    }
}