{
    "status": {
        "a_3": {
            "yes": 2350,
            "no": 0,
            "undecided": 0,
            "unknown": 2496,
            "pyes": 0.9312567508585601,
            "pno": 0.0,
            "pundecided": 0.0,
            "punknown": 0.00725894554144,
            "time": 183.3033401966095,
            "delp_calls": 6814,
            "percY": 160129.0,
            "percN": 0.0,
            "percU": 0.0,
            "percUNK": 170077.44,
            "l": 0.9312567508585601,
            "u": 1.0,
            "flag": "INTEREST"
        }
    },
    "data": {
        "n_samples": 6814,
        "time": 300.03174662590027,
        "repeated_programs": 0,
        "inconsistent_programs": 1968,
        "worlds_consulted": 768,
        "delp_calls": 6814
    }
}