{
    "status": {
        "~d_44": {
            "yes": 7035,
            "no": 0,
            "undecided": 0,
            "unknown": 0,
            "pyes": 0.016964756303439903,
            "pno": 0.0,
            "pundecided": 0.0,
            "punknown": 0.0,
            "time": 298.65237736701965,
            "delp_calls": 6694,
            "percY": 502228.65,
            "percN": 0.0,
            "percU": 0.0,
            "percUNK": 0.0,
            "l": 0.016964756303439903,
            "u": 1.0
        }
    },
    "data": {
        "n_samples": 7139,
        "time": 300.0317049026489,
        "repeated_worlds": 104,
        "repeated_progs": 445,
        "unique_progs": 6694,
        "delp_calls": 6694
    }
}