{
    "status": {
        "~d_44": {
            "yes": 2238,
            "no": 0,
            "undecided": 0,
            "unknown": 0,
            "pyes": 0.001006252445279448,
            "pno": 0.0,
            "pundecided": 0.0,
            "punknown": 0.0,
            "time": 93.17256760597229,
            "delp_calls": 2907,
            "percY": 65058.66,
            "percN": 0.0,
            "percU": 0.0,
            "percUNK": 0.0,
            "l": 0.001006252445279448,
            "u": 1.0
        }
    },
    "data": {
        "n_samples": 2907,
        "time": 300.0856034755707,
        "repeated_programs": 0,
        "inconsistent_programs": 669,
        "worlds_consulted": 5715,
        "delp_calls": 2907
    }
}