{
    "status": {
        "~a_7": {
            "yes": 812,
            "no": 0,
            "undecided": 24,
            "unknown": 0,
            "pyes": 0.19700021570413773,
            "pno": 0.0,
            "pundecided": 0.00019473924656107964,
            "punknown": 0.0,
            "time": 34.5088164806366,
            "delp_calls": 1317,
            "percY": 10694.04,
            "percN": 0.0,
            "percU": 316.08,
            "percUNK": 0.0,
            "l": 0.19700021570413773,
            "u": 1.0
        }
    },
    "data": {
        "n_samples": 1317,
        "time": 60.0346839427948,
        "repeated_programs": 0,
        "inconsistent_programs": 481,
        "worlds_consulted": 245,
        "delp_calls": 1317
    }
}