{
    "status": {
        "~a_7": {
            "yes": 4096,
            "no": 0,
            "undecided": 0,
            "unknown": 0,
            "pyes": 1.0000000000000004,
            "pno": 0.0,
            "pundecided": 0.0,
            "punknown": 0.0,
            "time": 167.82158088684082,
            "delp_calls": 512,
            "percY": 108665282.56,
            "percN": 0.0,
            "percU": 0.0,
            "percUNK": 0.0,
            "l": 1.0000000000000004,
            "u": 1.0,
            "flag": "INTEREST"
        }
    },
    "data": {
        "n_samples": 2652961,
        "time": 60.000009298324585,
        "repeated_worlds": 2648865,
        "repeated_progs": 2652449,
        "unique_progs": 512,
        "delp_calls": 512
    }
}