{
    "status": {
        "d_15": {
            "yes": 269,
            "no": 0,
            "undecided": 0,
            "unknown": 0,
            "pyes": 0.06191747771183915,
            "pno": 0.0,
            "pundecided": 0.0,
            "punknown": 0.0,
            "time": 15.600717544555664,
            "delp_calls": 269,
            "percY": 1818.44,
            "percN": 0.0,
            "percU": 0.0,
            "percUNK": 0.0,
            "l": 0.06191747771183915,
            "u": 1.0
        },
        "a_7": {
            "yes": 114,
            "no": 62,
            "undecided": 19,
            "unknown": 0,
            "pyes": 0.04036133420956005,
            "pno": 0.06551055632526671,
            "pundecided": 0.010479166270437348,
            "punknown": 0.0,
            "time": 11.472051858901978,
            "delp_calls": 195,
            "percY": 770.64,
            "percN": 419.12,
            "percU": 128.44,
            "percUNK": 0.0,
            "l": 0.04036133420956005,
            "u": 0.9344894436747333
        },
        "a_8": {
            "yes": 115,
            "no": 54,
            "undecided": 43,
            "unknown": 0,
            "pyes": 0.050025684002943355,
            "pno": 0.003059205207153311,
            "pundecided": 0.004906045101260557,
            "punknown": 0.0,
            "time": 12.664529800415039,
            "delp_calls": 212,
            "percY": 777.4,
            "percN": 365.04,
            "percU": 290.68,
            "percUNK": 0.0,
            "l": 0.050025684002943355,
            "u": 0.9969407947928467
        }
    },
    "data": {
        "n_samples": 676,
        "time": 964.2141389846802,
        "repeated_programs": 0,
        "inconsistent_programs": 0,
        "worlds_consulted": 137618,
        "delp_calls": 676
    }
}