{
    "status": {
        "~a_9": {
            "yes": 12945,
            "no": 4440,
            "undecided": 17294,
            "unknown": 0,
            "pyes": 0.08935228144144632,
            "pno": 0.00014063108439292134,
            "pundecided": 0.00043764407298927543,
            "punknown": 0.0,
            "time": 1524.820603132248,
            "delp_calls": 1024,
            "percY": 4812951.0,
            "percN": 1650792.0,
            "percU": 6429909.2,
            "percUNK": 0.0,
            "l": 0.08935228144144632,
            "u": 0.9998593689156071
        }
    },
    "data": {
        "n_samples": 37180,
        "time": 60.00020146369934,
        "repeated_worlds": 2501,
        "repeated_progs": 36156,
        "unique_progs": 1024,
        "delp_calls": 1024
    }
}