{
    "status": {
        "~a_9": {
            "yes": 4373,
            "no": 1408,
            "undecided": 5602,
            "unknown": 0,
            "pyes": 0.048452707666371206,
            "pno": 8.178932303001227e-06,
            "pundecided": 0.00022000629851135061,
            "punknown": 0.0,
            "time": 505.620242357254,
            "delp_calls": 1024,
            "percY": 508273.79,
            "percN": 163651.84,
            "percU": 651120.46,
            "percUNK": 0.0,
            "l": 0.048452707666371206,
            "u": 0.999991821067697
        }
    },
    "data": {
        "n_samples": 11623,
        "time": 60.00055742263794,
        "repeated_worlds": 240,
        "repeated_progs": 10599,
        "unique_progs": 1024,
        "delp_calls": 1024
    }
}