{
    "status": {
        "a_3": {
            "yes": 3880,
            "no": 0,
            "undecided": 0,
            "unknown": 0,
            "pyes": 0.8417307185573845,
            "pno": 0.0,
            "pundecided": 0.0,
            "punknown": 0.0,
            "time": 154.40725421905518,
            "delp_calls": 3880,
            "percY": 299536.0,
            "percN": 0.0,
            "percU": 0.0,
            "percUNK": 0.0,
            "l": 0.8417307185573845,
            "u": 1.0,
            "flag": "INTEREST"
        },
        "a_12": {
            "yes": 2843,
            "no": 0,
            "undecided": 997,
            "unknown": 0,
            "pyes": 0.8220555636691073,
            "pno": 0.0,
            "pundecided": 0.05805592188712635,
            "punknown": 0.0,
            "time": 153.65795755386353,
            "delp_calls": 3840,
            "percY": 219479.6,
            "percN": 0.0,
            "percU": 76968.4,
            "percUNK": 0.0,
            "l": 0.8220555636691073,
            "u": 1.0,
            "flag": "INTEREST"
        }
    },
    "data": {
        "n_samples": 7720,
        "time": 600.0781140327454,
        "repeated_programs": 0,
        "inconsistent_programs": 0,
        "worlds_consulted": 5126,
        "delp_calls": 7720
    }
}