{
    "status": {
        "d_38": {
            "yes": 625,
            "no": 0,
            "undecided": 241,
            "unknown": 0,
            "pyes": 0.044133237973065245,
            "pno": 0.0,
            "pundecided": 0.057593377795237065,
            "punknown": 0.0,
            "time": 35.096816301345825,
            "delp_calls": 866,
            "percY": 10337.5,
            "percN": 0.0,
            "percU": 3986.14,
            "percUNK": 0.0,
            "l": 0.044133237973065245,
            "u": 1.0
        },
        "a_17": {
            "yes": 123,
            "no": 381,
            "undecided": 284,
            "unknown": 0,
            "pyes": 0.002103754816964341,
            "pno": 0.06741840595047818,
            "pundecided": 0.0006633236275270034,
            "punknown": 0.0,
            "time": 37.29984140396118,
            "delp_calls": 788,
            "percY": 2034.42,
            "percN": 6301.74,
            "percU": 4697.36,
            "percUNK": 0.0,
            "l": 0.002103754816964341,
            "u": 0.9325815940495218
        }
    },
    "data": {
        "n_samples": 1654,
        "time": 120.06390500068665,
        "repeated_programs": 0,
        "inconsistent_programs": 0,
        "worlds_consulted": 1973,
        "delp_calls": 1654
    }
}