{
    "status": {
        "d_17": {
            "yes": 2048,
            "no": 0,
            "undecided": 2048,
            "unknown": 0,
            "pyes": 0.9812322199999994,
            "pno": 0.0,
            "pundecided": 0.018767779999999998,
            "punknown": 0.0,
            "time": 232.03680801391602,
            "delp_calls": 256,
            "percY": 965397893.12,
            "percN": 0.0,
            "percU": 965397893.12,
            "percUNK": 0.0,
            "l": 0.9812322199999994,
            "u": 1.0,
            "flag": "INTEREST"
        },
        "a_7": {
            "yes": 1536,
            "no": 512,
            "undecided": 2048,
            "unknown": 0,
            "pyes": 0.8869582615199988,
            "pno": 0.09427395848000009,
            "pundecided": 0.01876778,
            "punknown": 0.0,
            "time": 228.57440567016602,
            "delp_calls": 256,
            "percY": 724048419.84,
            "percN": 241349473.28,
            "percU": 965397893.12,
            "percUNK": 0.0,
            "l": 0.8869582615199988,
            "u": 0.9057260415199999,
            "flag": "INTEREST"
        },
        "~a_7": {
            "yes": 512,
            "no": 1536,
            "undecided": 2048,
            "unknown": 0,
            "pyes": 0.09427395848,
            "pno": 0.8869582615199997,
            "pundecided": 0.01876778000000001,
            "punknown": 0.0,
            "time": 224.12554550170898,
            "delp_calls": 256,
            "percY": 241349473.28,
            "percN": 724048419.84,
            "percU": 965397893.12,
            "percUNK": 0.0,
            "l": 0.09427395848,
            "u": 0.11304173848000032,
            "flag": "INTEREST"
        }
    },
    "data": {
        "n_samples": 47138569,
        "time": 900.0000250339508,
        "repeated_worlds": 47126281,
        "repeated_progs": 47137801,
        "unique_progs": 768,
        "delp_calls": 768
    }
}