{
    "status": {
        "a_3": {
            "yes": 6279,
            "no": 0,
            "undecided": 0,
            "unknown": 3859,
            "pyes": 0.02309475978614792,
            "pno": 0.0,
            "pundecided": 0.0,
            "punknown": 0.00024090378365260152,
            "time": 410.2307643890381,
            "delp_calls": 7033,
            "percY": 649248.6,
            "percN": 0.0,
            "percU": 0.0,
            "percUNK": 399020.6,
            "l": 0.02309475978614792,
            "u": 1.0
        }
    },
    "data": {
        "n_samples": 10340,
        "time": 300.0311117172241,
        "repeated_worlds": 202,
        "repeated_progs": 3307,
        "unique_progs": 7033,
        "delp_calls": 7033
    }
}