{
    "status": {
        "a_2": {
            "yes": 3041,
            "no": 0,
            "undecided": 650,
            "unknown": 0,
            "pyes": 0.006592304308693501,
            "pno": 0.0,
            "pundecided": 0.04094269569130651,
            "punknown": 0.0,
            "time": 143.19924092292786,
            "delp_calls": 6495,
            "percY": 599624.38,
            "percN": 0.0,
            "percU": 128167.0,
            "percUNK": 0.0,
            "l": 0.006592304308693501,
            "u": 1.0
        },
        "a_8": {
            "yes": 2032,
            "no": 918,
            "undecided": 820,
            "unknown": 0,
            "pyes": 0.004334017528007552,
            "pno": 0.001977525249028875,
            "pundecided": 0.041223457222963576,
            "punknown": 0.0,
            "time": 145.34044551849365,
            "delp_calls": 6609,
            "percY": 400669.76,
            "percN": 181011.24,
            "percU": 161687.6,
            "percUNK": 0.0,
            "l": 0.004334017528007552,
            "u": 0.9980224747509712
        },
        "~a_7": {
            "yes": 447,
            "no": 2063,
            "undecided": 1224,
            "unknown": 0,
            "pyes": 0.00010708279371336614,
            "pno": 0.047284472078892546,
            "pundecided": 0.0001434451273940805,
            "punknown": 0.0,
            "time": 143.45502376556396,
            "delp_calls": 6614,
            "percY": 88139.46,
            "percN": 406782.34,
            "percU": 241348.32,
            "percUNK": 0.0,
            "l": 0.00010708279371336614,
            "u": 0.9527155279211075
        }
    },
    "data": {
        "n_samples": 19718,
        "time": 900.0548813343048,
        "repeated_programs": 0,
        "inconsistent_programs": 8523,
        "worlds_consulted": 1536,
        "delp_calls": 19718
    }
}