{
    "status": {
        "~a_14": {
            "yes": 1082,
            "no": 1158,
            "undecided": 1856,
            "unknown": 0,
            "pyes": 0.8303024606110577,
            "pno": 0.08285222756048478,
            "pundecided": 0.0868453118284575,
            "punknown": 0.0,
            "time": 165.2256999015808,
            "delp_calls": 4095,
            "percY": 97960969.08,
            "percN": 104841776.52,
            "percU": 168036560.64,
            "percUNK": 0.0,
            "l": 0.8303024606110577,
            "u": 0.9171477724395152,
            "flag": "INTEREST"
        }
    },
    "data": {
        "n_samples": 9053694,
        "time": 300.00000643730164,
        "repeated_worlds": 9049598,
        "repeated_progs": 9049599,
        "unique_progs": 4095,
        "delp_calls": 4095
    }
}