{
    "status": {
        "a_17": {
            "yes": 172,
            "no": 72,
            "undecided": 3846,
            "unknown": 6,
            "pyes": 0.66047821168352,
            "pno": 0.03252471843072001,
            "pundecided": 0.3069968434642501,
            "punknown": 2.2642150952447998e-07,
            "time": 164.42189741134644,
            "delp_calls": 4095,
            "percY": 31137235.68,
            "percN": 13034191.68,
            "percU": 696243072.24,
            "percUNK": 1086182.64,
            "l": 0.66047821168352,
            "u": 0.96747528156928,
            "flag": "INTEREST"
        },
        "a_14": {
            "yes": 360,
            "no": 64,
            "undecided": 3664,
            "unknown": 8,
            "pyes": 0.7862653871232069,
            "pno": 0.005622503176598208,
            "pundecided": 0.20811083682212383,
            "punknown": 1.2728780707680005e-06,
            "time": 163.59721565246582,
            "delp_calls": 4095,
            "percY": 65170958.4,
            "percN": 11585948.16,
            "percU": 663295532.16,
            "percUNK": 1448243.52,
            "l": 0.7862653871232069,
            "u": 0.9943774968234018,
            "flag": "INTEREST"
        }
    },
    "data": {
        "n_samples": 18103044,
        "time": 600.0000197887421,
        "repeated_worlds": 18094852,
        "repeated_progs": 18094854,
        "unique_progs": 8190,
        "delp_calls": 8190
    }
}