{
    "status": {
        "d_16": {
            "yes": 525619,
            "no": 0,
            "undecided": 0,
            "unknown": 0,
            "pyes": 0.03185684572960351,
            "pno": 0.0,
            "pundecided": 0.0,
            "punknown": 0.0,
            "time": 22347.204495191574,
            "delp_calls": 1020,
            "percY": 5467830490.35,
            "percN": 0.0,
            "percU": 0.0,
            "percUNK": 0.0,
            "l": 0.03185684572960351,
            "u": 1.0
        },
        "a_6": {
            "yes": 498559,
            "no": 0,
            "undecided": 0,
            "unknown": 0,
            "pyes": 0.03051588279963964,
            "pno": 0.0,
            "pundecided": 0.0,
            "punknown": 0.0,
            "time": 25616.776658058167,
            "delp_calls": 1020,
            "percY": 5186334781.35,
            "percN": 0.0,
            "percU": 0.0,
            "percUNK": 0.0,
            "l": 0.03051588279963964,
            "u": 1.0
        }
    },
    "data": {
        "n_samples": 1040265,
        "time": 600.0002386569977,
        "repeated_worlds": 16087,
        "repeated_progs": 1038225,
        "unique_progs": 2040,
        "delp_calls": 2040
    }
}