{
    "status": {
        "d_16": {
            "yes": 2667,
            "no": 0,
            "undecided": 417,
            "unknown": 0,
            "pyes": 0.43830828402894473,
            "pno": 0.0,
            "pundecided": 0.0006621632169033114,
            "punknown": 0.0,
            "time": 145.79052829742432,
            "delp_calls": 3594,
            "percY": 185356.5,
            "percN": 0.0,
            "percU": 28981.5,
            "percUNK": 0.0,
            "l": 0.43830828402894473,
            "u": 1.0
        },
        "a_6": {
            "yes": 2317,
            "no": 0,
            "undecided": 211,
            "unknown": 334,
            "pyes": 0.44573812308972416,
            "pno": 0.0,
            "pundecided": 0.0,
            "punknown": 0.0006166828773065409,
            "time": 138.12264919281006,
            "delp_calls": 3356,
            "percY": 161031.5,
            "percN": 0.0,
            "percU": 14664.5,
            "percUNK": 23213.0,
            "l": 0.44573812308972416,
            "u": 1.0
        }
    },
    "data": {
        "n_samples": 6950,
        "time": 601.9897754192352,
        "repeated_programs": 0,
        "inconsistent_programs": 1004,
        "worlds_consulted": 31763,
        "delp_calls": 6950
    }
}