{
    "status": {
        "d_19": {
            "yes": 4096,
            "no": 0,
            "undecided": 0,
            "unknown": 0,
            "pyes": 1.0000000000000007,
            "pno": 0.0,
            "pundecided": 0.0,
            "punknown": 0.0,
            "time": 158.72973251342773,
            "delp_calls": 127,
            "percY": 866904473.6,
            "percN": 0.0,
            "percU": 0.0,
            "percUNK": 0.0,
            "l": 1.0000000000000007,
            "u": 1.0,
            "flag": "INTEREST"
        }
    },
    "data": {
        "n_samples": 21164660,
        "time": 300.0000116825104,
        "repeated_worlds": 21160564,
        "repeated_progs": 21164533,
        "unique_progs": 127,
        "delp_calls": 127
    }
}