{
    "status": {
        "a_3": {
            "yes": 2048,
            "no": 0,
            "undecided": 2048,
            "unknown": 0,
            "pyes": 0.9323999999999995,
            "pno": 0.0,
            "pundecided": 0.06760000000000001,
            "punknown": 0.0,
            "time": 163.75928616523743,
            "delp_calls": 4096,
            "percY": 196205916.16,
            "percN": 0.0,
            "percU": 196205916.16,
            "percUNK": 0.0,
            "l": 0.9323999999999995,
            "u": 1.0,
            "flag": "INTEREST"
        }
    },
    "data": {
        "n_samples": 9580367,
        "time": 300.00000381469727,
        "repeated_worlds": 9576271,
        "repeated_progs": 9576271,
        "unique_progs": 4096,
        "delp_calls": 4096
    }
}