{
    "status": {
        "a_5": {
            "yes": 2654,
            "no": 0,
            "undecided": 0,
            "unknown": 0,
            "pyes": 0.9784,
            "pno": 0.0,
            "pundecided": 0.0,
            "punknown": 0.0,
            "time": 140.3085241317749,
            "delp_calls": 5250,
            "percY": 275670.98,
            "percN": 0.0,
            "percU": 0.0,
            "percUNK": 0.0,
            "l": 0.9784,
            "u": 1.0,
            "flag": "INTEREST"
        },
        "~a_9": {
            "yes": 654,
            "no": 1882,
            "undecided": 0,
            "unknown": 0,
            "pyes": 0.9083783999999999,
            "pno": 0.0700216,
            "pundecided": 0.0,
            "punknown": 0.0,
            "time": 139.8731620311737,
            "delp_calls": 5137,
            "percY": 67930.98,
            "percN": 195483.34,
            "percU": 0.0,
            "percUNK": 0.0,
            "l": 0.9083783999999999,
            "u": 0.9299784,
            "flag": "INTEREST"
        }
    },
    "data": {
        "n_samples": 10387,
        "time": 600.0717866420746,
        "repeated_programs": 0,
        "inconsistent_programs": 5197,
        "worlds_consulted": 32,
        "delp_calls": 10387
    }
}