{
    "status": {
        "a_5": {
            "yes": 2048,
            "no": 0,
            "undecided": 2048,
            "unknown": 0,
            "pyes": 0.9783999999999988,
            "pno": 0.0,
            "pundecided": 0.021599999999999994,
            "punknown": 0.0,
            "time": 236.80035400390625,
            "delp_calls": 32,
            "percY": 692299509.76,
            "percN": 0.0,
            "percU": 692299509.76,
            "percUNK": 0.0,
            "l": 0.9783999999999988,
            "u": 1.0,
            "flag": "INTEREST"
        },
        "~a_9": {
            "yes": 512,
            "no": 1536,
            "undecided": 2048,
            "unknown": 0,
            "pyes": 0.9083783999999999,
            "pno": 0.0700216,
            "pundecided": 0.021599999999999998,
            "punknown": 0.0,
            "time": 227.95831298828125,
            "delp_calls": 32,
            "percY": 173074877.44,
            "percN": 519224632.32,
            "percU": 692299509.76,
            "percUNK": 0.0,
            "l": 0.9083783999999999,
            "u": 0.9299784,
            "flag": "INTEREST"
        }
    },
    "data": {
        "n_samples": 33803687,
        "time": 600.000018119812,
        "repeated_worlds": 33795495,
        "repeated_progs": 33803623,
        "unique_progs": 64,
        "delp_calls": 64
    }
}