{
    "status": {
        "~d_62": {
            "yes": 2525,
            "no": 0,
            "undecided": 0,
            "unknown": 0,
            "pyes": 0.08853863491682892,
            "pno": 0.0,
            "pundecided": 0.0,
            "punknown": 0.0,
            "time": 100.71187472343445,
            "delp_calls": 3486,
            "percY": 88021.5,
            "percN": 0.0,
            "percU": 0.0,
            "percUNK": 0.0,
            "l": 0.08853863491682892,
            "u": 1.0
        }
    },
    "data": {
        "n_samples": 3486,
        "time": 300.04414987564087,
        "repeated_programs": 0,
        "inconsistent_programs": 961,
        "worlds_consulted": 1922,
        "delp_calls": 3486
    }
}