{
    "status": {
        "a_20": {
            "yes": 377,
            "no": 44,
            "undecided": 470,
            "unknown": 12,
            "pyes": 0.004632356012599462,
            "pno": 0.00017346998552824938,
            "pundecided": 0.03450280596406982,
            "punknown": 0.0003715670625163452,
            "time": 35.92322659492493,
            "delp_calls": 903,
            "percY": 3404.31,
            "percN": 397.32,
            "percU": 4244.1,
            "percUNK": 108.36,
            "l": 0.004632356012599462,
            "u": 0.9998265300144717
        }
    },
    "data": {
        "n_samples": 903,
        "time": 300.134060382843,
        "repeated_programs": 0,
        "inconsistent_programs": 0,
        "worlds_consulted": 821,
        "delp_calls": 903
    }
}