{
    "status": {
        "~a_2": {
            "yes": 2560,
            "no": 0,
            "undecided": 192,
            "unknown": 1344,
            "pyes": 0.9709237248002361,
            "pno": 0.0,
            "pundecided": 0.00033707430927085733,
            "punknown": 0.028739200890493723,
            "time": 159.75311422348022,
            "delp_calls": 2629,
            "percY": 729530086.4,
            "percN": 0.0,
            "percU": 54714756.48,
            "percUNK": 383003295.36,
            "l": 0.9709237248002361,
            "u": 1.0,
            "flag": "INTEREST"
        },
        "a_9": {
            "yes": 2176,
            "no": 768,
            "undecided": 1080,
            "unknown": 72,
            "pyes": 0.8789388449674744,
            "pno": 0.05832699454469,
            "pundecided": 0.06272382074863264,
            "punknown": 1.0339739201653678e-05,
            "time": 162.05573344230652,
            "delp_calls": 2629,
            "percY": 620100573.44,
            "percN": 218859025.92,
            "percU": 307770505.2,
            "percUNK": 20518033.68,
            "l": 0.8789388449674744,
            "u": 0.94167300545531,
            "flag": "INTEREST"
        }
    },
    "data": {
        "n_samples": 28497269,
        "time": 600.0000071525574,
        "repeated_worlds": 28489077,
        "repeated_progs": 28492011,
        "unique_progs": 5258,
        "delp_calls": 5258
    }
}