{
    "status": {
        "a_3": {
            "yes": 2347,
            "no": 0,
            "undecided": 0,
            "unknown": 1975,
            "pyes": 0.9425679967231505,
            "pno": 0.0,
            "pundecided": 0.0,
            "punknown": 0.05743200327684913,
            "time": 263.850070476532,
            "delp_calls": 4322,
            "percY": 298256.76,
            "percN": 0.0,
            "percU": 0.0,
            "percUNK": 250983.0,
            "l": 0.9425679967231505,
            "u": 1.0,
            "flag": "INTEREST"
        },
        "~a_6": {
            "yes": 4311,
            "no": 0,
            "undecided": 0,
            "unknown": 0,
            "pyes": 1.0,
            "pno": 0.0,
            "pundecided": 0.0,
            "punknown": 0.0,
            "time": 264.15227365493774,
            "delp_calls": 4311,
            "percY": 547841.88,
            "percN": 0.0,
            "percU": 0.0,
            "percUNK": 0.0,
            "l": 1.0,
            "u": 1.0,
            "flag": "INTEREST"
        },
        "~a_8": {
            "yes": 2659,
            "no": 1416,
            "undecided": 0,
            "unknown": 0,
            "pyes": 0.9988119999999999,
            "pno": 0.0011879999999999996,
            "pundecided": 0.0,
            "punknown": 0.0,
            "time": 265.60504603385925,
            "delp_calls": 4075,
            "percY": 337905.72,
            "percN": 179945.28,
            "percU": 0.0,
            "percUNK": 0.0,
            "l": 0.9988119999999999,
            "u": 0.998812,
            "flag": "INTEREST"
        }
    },
    "data": {
        "n_samples": 12708,
        "time": 900.1590213775635,
        "repeated_programs": 0,
        "inconsistent_programs": 0,
        "worlds_consulted": 3072,
        "delp_calls": 12708
    }
}