{
    "status": {
        "~d_58": {
            "yes": 763,
            "no": 0,
            "undecided": 281,
            "unknown": 169,
            "pyes": 0.12332947732649613,
            "pno": 0.0,
            "pundecided": 0.000423616701518556,
            "punknown": 0.000242329343394388,
            "time": 47.17888331413269,
            "delp_calls": 1213,
            "percY": 9255.19,
            "percN": 0.0,
            "percU": 3408.53,
            "percUNK": 2049.97,
            "l": 0.12332947732649613,
            "u": 1.0
        }
    },
    "data": {
        "n_samples": 1213,
        "time": 300.20197200775146,
        "repeated_programs": 0,
        "inconsistent_programs": 0,
        "worlds_consulted": 1061,
        "delp_calls": 1213
    }
}