{
    "status": {
        "~d_58": {
            "yes": 2560,
            "no": 0,
            "undecided": 960,
            "unknown": 576,
            "pyes": 0.9954676248461589,
            "pno": 0.0,
            "pundecided": 0.0013914349351520012,
            "punknown": 0.003140940218688001,
            "time": 163.00620365142822,
            "delp_calls": 4092,
            "percY": 232456550.4,
            "percN": 0.0,
            "percU": 87171206.4,
            "percUNK": 52302723.84,
            "l": 0.9954676248461589,
            "u": 1.0,
            "flag": "INTEREST"
        }
    },
    "data": {
        "n_samples": 9080334,
        "time": 300.0000059604645,
        "repeated_worlds": 9076238,
        "repeated_progs": 9076242,
        "unique_progs": 4092,
        "delp_calls": 4092
    }
}