{
    "status": {
        "a_1": {
            "yes": 2172,
            "no": 0,
            "undecided": 0,
            "unknown": 0,
            "pyes": 0.015076891803890578,
            "pno": 0.0,
            "pundecided": 0.0,
            "punknown": 0.0,
            "time": 90.98060774803162,
            "delp_calls": 2172,
            "percY": 47175.84,
            "percN": 0.0,
            "percU": 0.0,
            "percUNK": 0.0,
            "l": 0.015076891803890578,
            "u": 1.0
        }
    },
    "data": {
        "n_samples": 2172,
        "time": 300.0125398635864,
        "repeated_programs": 0,
        "inconsistent_programs": 0,
        "worlds_consulted": 2904,
        "delp_calls": 2172
    }
}