{
    "status": {
        "~a_4": {
            "yes": 47175,
            "no": 0,
            "undecided": 15755,
            "unknown": 0,
            "pyes": 0.07494152775945245,
            "pno": 0.0,
            "pundecided": 0.012519683688720936,
            "punknown": 0.0,
            "time": 2983.4631967544556,
            "delp_calls": 637,
            "percY": 66029432.25,
            "percN": 0.0,
            "percU": 22051800.85,
            "percUNK": 0.0,
            "l": 0.07494152775945245,
            "u": 1.0
        },
        "~a_7": {
            "yes": 44904,
            "no": 0,
            "undecided": 14978,
            "unknown": 0,
            "pyes": 0.07979871677733134,
            "pno": 0.0,
            "pundecided": 0.02198050714320553,
            "punknown": 0.0,
            "time": 2987.760403394699,
            "delp_calls": 639,
            "percY": 62850781.68,
            "percN": 0.0,
            "percU": 20964257.26,
            "percUNK": 0.0,
            "l": 0.07979871677733134,
            "u": 1.0
        }
    },
    "data": {
        "n_samples": 139967,
        "time": 120.00021243095398,
        "repeated_worlds": 17155,
        "repeated_progs": 138691,
        "unique_progs": 1276,
        "delp_calls": 1276
    }
}