{
    "status": {
        "~d_36": {
            "yes": 2591,
            "no": 0,
            "undecided": 0,
            "unknown": 0,
            "pyes": 0.0033820101853871713,
            "pno": 0.0,
            "pundecided": 0.0,
            "punknown": 0.0,
            "time": 108.32511949539185,
            "delp_calls": 2591,
            "percY": 197252.83,
            "percN": 0.0,
            "percU": 0.0,
            "percUNK": 0.0,
            "l": 0.0033820101853871713,
            "u": 1.0
        },
        "a_11": {
            "yes": 2604,
            "no": 0,
            "undecided": 0,
            "unknown": 0,
            "pyes": 0.003284905619402177,
            "pno": 0.0,
            "pundecided": 0.0,
            "punknown": 0.0,
            "time": 108.86723566055298,
            "delp_calls": 2604,
            "percY": 198242.52,
            "percN": 0.0,
            "percU": 0.0,
            "percUNK": 0.0,
            "l": 0.003284905619402177,
            "u": 1.0
        },
        "~a_17": {
            "yes": 0,
            "no": 150,
            "undecided": 2268,
            "unknown": 0,
            "pyes": 0.0,
            "pno": 0.06401108209755485,
            "pundecided": 0.0030158593852068656,
            "punknown": 0.0,
            "time": 124.66889953613281,
            "delp_calls": 2418,
            "percY": 0.0,
            "percN": 11419.5,
            "percU": 172662.84,
            "percUNK": 0.0,
            "l": 0.0,
            "u": 0.9359889179024452
        }
    },
    "data": {
        "n_samples": 7613,
        "time": 900.149121761322,
        "repeated_programs": 0,
        "inconsistent_programs": 0,
        "worlds_consulted": 15014,
        "delp_calls": 7613
    }
}