{
    "status": {
        "d_10": {
            "yes": 6820,
            "no": 0,
            "undecided": 6729,
            "unknown": 0,
            "pyes": 0.0006127529365236491,
            "pno": 0.0,
            "pundecided": 6.583145025748638e-05,
            "punknown": 0.0,
            "time": 583.5157480239868,
            "delp_calls": 6584,
            "percY": 2744095.2,
            "percN": 0.0,
            "percU": 2707480.44,
            "percUNK": 0.0,
            "l": 0.0006127529365236491,
            "u": 1.0
        },
        "~a_7": {
            "yes": 6548,
            "no": 0,
            "undecided": 6457,
            "unknown": 0,
            "pyes": 0.00047064037202576955,
            "pno": 0.0,
            "pundecided": 0.00013819147752183763,
            "punknown": 0.0,
            "time": 565.8734428882599,
            "delp_calls": 6512,
            "percY": 2634653.28,
            "percN": 0.0,
            "percU": 2598038.52,
            "percUNK": 0.0,
            "l": 0.00047064037202576955,
            "u": 1.0
        },
        "a_9": {
            "yes": 3874,
            "no": 3065,
            "undecided": 6732,
            "unknown": 0,
            "pyes": 0.0003709094598111988,
            "pno": 0.000206802488981808,
            "pundecided": 4.6571663166612416e-05,
            "punknown": 0.0,
            "time": 588.1648359298706,
            "delp_calls": 6607,
            "percY": 1558742.64,
            "percN": 1233233.4,
            "percU": 2708687.52,
            "percUNK": 0.0,
            "l": 0.0003709094598111988,
            "u": 0.9997931975110181
        }
    },
    "data": {
        "n_samples": 40236,
        "time": 900.0144283771515,
        "repeated_worlds": 11,
        "repeated_progs": 20533,
        "unique_progs": 19703,
        "delp_calls": 19703
    }
}