{
    "status": {
        "~d_50": {
            "yes": 2984,
            "no": 0,
            "undecided": 0,
            "unknown": 0,
            "pyes": 0.01969755455204245,
            "pno": 0.0,
            "pundecided": 0.0,
            "punknown": 0.0,
            "time": 129.59743404388428,
            "delp_calls": 2984,
            "percY": 264113.84,
            "percN": 0.0,
            "percU": 0.0,
            "percUNK": 0.0,
            "l": 0.01969755455204245,
            "u": 1.0
        },
        "~a_16": {
            "yes": 2377,
            "no": 381,
            "undecided": 87,
            "unknown": 0,
            "pyes": 0.059256477388460925,
            "pno": 2.746058910794784e-05,
            "pundecided": 0.00014994053358786683,
            "punknown": 0.0,
            "time": 144.51594591140747,
            "delp_calls": 2845,
            "percY": 210388.27,
            "percN": 33722.31,
            "percU": 7700.37,
            "percUNK": 0.0,
            "l": 0.059256477388460925,
            "u": 0.999972539410892
        },
        "~a_17": {
            "yes": 2504,
            "no": 405,
            "undecided": 113,
            "unknown": 0,
            "pyes": 0.002329834652662205,
            "pno": 0.008869936440665926,
            "pundecided": 7.739718308427897e-05,
            "punknown": 0.0,
            "time": 132.96210765838623,
            "delp_calls": 3022,
            "percY": 221629.04,
            "percN": 35846.55,
            "percU": 10001.63,
            "percUNK": 0.0,
            "l": 0.002329834652662205,
            "u": 0.9911300635593341
        }
    },
    "data": {
        "n_samples": 8851,
        "time": 900.1527700424194,
        "repeated_programs": 0,
        "inconsistent_programs": 0,
        "worlds_consulted": 40645,
        "delp_calls": 8851
    }
}