{
    "status": {
        "~d_50": {
            "yes": 7725,
            "no": 0,
            "undecided": 0,
            "unknown": 0,
            "pyes": 0.025462077860313646,
            "pno": 0.0,
            "pundecided": 0.0,
            "punknown": 0.0,
            "time": 327.31491923332214,
            "delp_calls": 6704,
            "percY": 1707534.0,
            "percN": 0.0,
            "percU": 0.0,
            "percUNK": 0.0,
            "l": 0.025462077860313646,
            "u": 1.0
        },
        "~a_16": {
            "yes": 5368,
            "no": 765,
            "undecided": 249,
            "unknown": 0,
            "pyes": 0.004046332378633365,
            "pno": 4.779929027283059e-06,
            "pundecided": 5.337080727888379e-06,
            "punknown": 0.0,
            "time": 323.4141037464142,
            "delp_calls": 5651,
            "percY": 1186542.72,
            "percN": 169095.6,
            "percU": 55038.96,
            "percUNK": 0.0,
            "l": 0.004046332378633365,
            "u": 0.9999952200709727
        },
        "~a_17": {
            "yes": 5646,
            "no": 1724,
            "undecided": 317,
            "unknown": 0,
            "pyes": 0.0005136216747765003,
            "pno": 0.06239997545382503,
            "pundecided": 0.00022420139729728675,
            "punknown": 0.0,
            "time": 326.7166829109192,
            "delp_calls": 6679,
            "percY": 1247991.84,
            "percN": 381072.96,
            "percU": 70069.68,
            "percUNK": 0.0,
            "l": 0.0005136216747765003,
            "u": 0.937600024546175
        }
    },
    "data": {
        "n_samples": 22104,
        "time": 900.0834319591522,
        "repeated_worlds": 310,
        "repeated_progs": 3070,
        "unique_progs": 19034,
        "delp_calls": 19034
    }
}