{
    "status": {
        "~d_52": {
            "yes": 2249,
            "no": 0,
            "undecided": 441,
            "unknown": 0,
            "pyes": 0.04130303653879809,
            "pno": 0.0,
            "pundecided": 0.0025550493037773633,
            "punknown": 0.0,
            "time": 111.55362915992737,
            "delp_calls": 3922,
            "percY": 88205.78,
            "percN": 0.0,
            "percU": 17296.02,
            "percUNK": 0.0,
            "l": 0.04130303653879809,
            "u": 1.0
        }
    },
    "data": {
        "n_samples": 3922,
        "time": 300.0202970504761,
        "repeated_programs": 0,
        "inconsistent_programs": 1232,
        "worlds_consulted": 10635,
        "delp_calls": 3922
    }
}