{
    "status": {
        "~d_24": {
            "yes": 3584,
            "no": 0,
            "undecided": 0,
            "unknown": 512,
            "pyes": 0.9906842170000011,
            "pno": 0.0,
            "pundecided": 0.0,
            "punknown": 0.009315782999999998,
            "time": 165.12477612495422,
            "delp_calls": 4096,
            "percY": 309368729.6,
            "percN": 0.0,
            "percU": 0.0,
            "percUNK": 44195532.8,
            "l": 0.9906842170000011,
            "u": 1.0,
            "flag": "INTEREST"
        }
    },
    "data": {
        "n_samples": 8631940,
        "time": 300.00001072883606,
        "repeated_worlds": 8627844,
        "repeated_progs": 8627844,
        "unique_progs": 4096,
        "delp_calls": 4096
    }
}