{
    "status": {
        "~d_24": {
            "yes": 674,
            "no": 0,
            "undecided": 0,
            "unknown": 98,
            "pyes": 0.13932915672861923,
            "pno": 0.0,
            "pundecided": 0.0,
            "punknown": 0.0006248692394084898,
            "time": 30.606454610824585,
            "delp_calls": 772,
            "percY": 5203.28,
            "percN": 0.0,
            "percU": 0.0,
            "percUNK": 756.56,
            "l": 0.13932915672861923,
            "u": 1.0
        }
    },
    "data": {
        "n_samples": 772,
        "time": 300.03384351730347,
        "repeated_programs": 0,
        "inconsistent_programs": 0,
        "worlds_consulted": 709,
        "delp_calls": 772
    }
}