{
    "status": {
        "a_4": {
            "yes": 259747,
            "no": 0,
            "undecided": 260324,
            "unknown": 0,
            "pyes": 0.019716393150864275,
            "pno": 0.0,
            "pundecided": 0.010299572540196821,
            "punknown": 0.0,
            "time": 21581.591666936874,
            "delp_calls": 2048,
            "percY": 3669445869.0,
            "percN": 0.0,
            "percU": 3677597148.0,
            "percUNK": 0.0,
            "l": 0.019716393150864275,
            "u": 1.0
        },
        "a_8": {
            "yes": 128224,
            "no": 99950,
            "undecided": 228389,
            "unknown": 0,
            "pyes": 0.00506083197520933,
            "pno": 0.01261197446305471,
            "pundecided": 0.008064358242952117,
            "punknown": 0.0,
            "time": 23388.487995147705,
            "delp_calls": 2048,
            "percY": 1811420448.0,
            "percN": 1411993650.0,
            "percU": 3226451403.0,
            "percUNK": 0.0,
            "l": 0.00506083197520933,
            "u": 0.9873880255369453
        },
        "~a_8": {
            "yes": 90989,
            "no": 117080,
            "undecided": 208255,
            "unknown": 0,
            "pyes": 0.012509707038639817,
            "pno": 0.003699246736606494,
            "pundecided": 0.0068247257284019805,
            "punknown": 0.0,
            "time": 24351.11032819748,
            "delp_calls": 2048,
            "percY": 1285401603.0,
            "percN": 1653989160.0,
            "percU": 2942018385.0,
            "percUNK": 0.0,
            "l": 0.012509707038639817,
            "u": 0.9963007532633935
        }
    },
    "data": {
        "n_samples": 1412700,
        "time": 900.0007281303406,
        "repeated_worlds": 19742,
        "repeated_progs": 1406556,
        "unique_progs": 6144,
        "delp_calls": 6144
    }
}