{
    "status": {
        "a_4": {
            "yes": 1733,
            "no": 0,
            "undecided": 1633,
            "unknown": 0,
            "pyes": 0.23914310686974993,
            "pno": 0.0,
            "pundecided": 0.09941325831362063,
            "punknown": 0.0,
            "time": 166.60194516181946,
            "delp_calls": 5422,
            "percY": 282011.09,
            "percN": 0.0,
            "percU": 265738.09,
            "percUNK": 0.0,
            "l": 0.23914310686974993,
            "u": 1.0
        },
        "a_8": {
            "yes": 1005,
            "no": 709,
            "undecided": 1737,
            "unknown": 12,
            "pyes": 0.0668143832844583,
            "pno": 0.15473390630625886,
            "pundecided": 0.10683142351143433,
            "punknown": 1.736223269674481e-05,
            "time": 170.41830897331238,
            "delp_calls": 5469,
            "percY": 163543.65,
            "percN": 115375.57,
            "percU": 282662.01,
            "percUNK": 1952.76,
            "l": 0.0668143832844583,
            "u": 0.8452660936937412
        },
        "~a_8": {
            "yes": 705,
            "no": 1003,
            "undecided": 1638,
            "unknown": 9,
            "pyes": 0.16275308594900798,
            "pno": 0.06396626880009043,
            "pundecided": 0.09937969608789732,
            "punknown": 4.0212712411108906e-05,
            "time": 167.2398386001587,
            "delp_calls": 5382,
            "percY": 114724.65,
            "percN": 163218.19,
            "percU": 266551.74,
            "percUNK": 1464.57,
            "l": 0.16275308594900798,
            "u": 0.9360337311999096
        }
    },
    "data": {
        "n_samples": 16273,
        "time": 900.0736384391785,
        "repeated_programs": 0,
        "inconsistent_programs": 6089,
        "worlds_consulted": 2883,
        "delp_calls": 16273
    }
}