{
    "status": {
        "d_77": {
            "yes": 560,
            "no": 0,
            "undecided": 1162,
            "unknown": 381,
            "pyes": 0.0006474554509829883,
            "pno": 0.0,
            "pundecided": 9.952043412891432e-05,
            "punknown": 9.458033684851701e-06,
            "time": 89.73777937889099,
            "delp_calls": 2103,
            "percY": 23094.4,
            "percN": 0.0,
            "percU": 47920.88,
            "percUNK": 15712.44,
            "l": 0.0006474554509829883,
            "u": 1.0
        },
        "~a_15": {
            "yes": 1583,
            "no": 242,
            "undecided": 196,
            "unknown": 0,
            "pyes": 0.0023889386661020153,
            "pno": 2.501896278345304e-05,
            "pundecided": 0.0014049072332293104,
            "punknown": 0.0,
            "time": 97.90059971809387,
            "delp_calls": 2021,
            "percY": 65282.92,
            "percN": 9980.08,
            "percU": 8083.04,
            "percUNK": 0.0,
            "l": 0.0023889386661020153,
            "u": 0.9999749810372165
        }
    },
    "data": {
        "n_samples": 4124,
        "time": 600.1392507553101,
        "repeated_programs": 0,
        "inconsistent_programs": 0,
        "worlds_consulted": 6057,
        "delp_calls": 4124
    }
}