{
    "status": {
        "a_5": {
            "yes": 4341,
            "no": 0,
            "undecided": 1463,
            "unknown": 0,
            "pyes": 0.49966316609460454,
            "pno": 0.0,
            "pundecided": 0.0051369371863691365,
            "punknown": 0.0,
            "time": 239.6304759979248,
            "delp_calls": 5804,
            "percY": 500864.58,
            "percN": 0.0,
            "percU": 168800.94,
            "percUNK": 0.0,
            "l": 0.49966316609460454,
            "u": 1.0
        },
        "~a_8": {
            "yes": 987,
            "no": 1914,
            "undecided": 2831,
            "unknown": 2,
            "pyes": 0.1465756490424668,
            "pno": 0.11818207854124924,
            "pundecided": 0.20373580592482277,
            "punknown": 0.00023687103615542624,
            "time": 239.45183610916138,
            "delp_calls": 5734,
            "percY": 113880.06,
            "percN": 220837.32,
            "percU": 326640.78,
            "percUNK": 230.76,
            "l": 0.1465756490424668,
            "u": 0.8818179214587507
        }
    },
    "data": {
        "n_samples": 11538,
        "time": 600.0528736114502,
        "repeated_programs": 0,
        "inconsistent_programs": 0,
        "worlds_consulted": 7486,
        "delp_calls": 11538
    }
}