{
    "status": {
        "a_17": {
            "yes": 573,
            "no": 603,
            "undecided": 0,
            "unknown": 0,
            "pyes": 0.06413232047002031,
            "pno": 0.06805859918321833,
            "pundecided": 0.0,
            "punknown": 0.0,
            "time": 61.27640676498413,
            "delp_calls": 1100,
            "percY": 14989.68,
            "percN": 15774.48,
            "percU": 0.0,
            "percUNK": 0.0,
            "l": 0.06413232047002031,
            "u": 0.9319414008167817
        },
        "a_14": {
            "yes": 959,
            "no": 127,
            "undecided": 0,
            "unknown": 0,
            "pyes": 0.219911820913739,
            "pno": 0.0010599296670711143,
            "pundecided": 0.0,
            "punknown": 0.0,
            "time": 59.88158082962036,
            "delp_calls": 1049,
            "percY": 25087.44,
            "percN": 3322.32,
            "percU": 0.0,
            "percUNK": 0.0,
            "l": 0.219911820913739,
            "u": 0.9989400703329289
        }
    },
    "data": {
        "n_samples": 2616,
        "time": 120.05804800987244,
        "repeated_worlds": 354,
        "repeated_progs": 467,
        "unique_progs": 2149,
        "delp_calls": 2149
    }
}