{
    "status": {
        "a_1": {
            "yes": 2182,
            "no": 0,
            "undecided": 2277,
            "unknown": 0,
            "pyes": 0.5306022210000002,
            "pno": 0.0,
            "pundecided": 0.10039777899999996,
            "punknown": 0.0,
            "time": 202.12024235725403,
            "delp_calls": 6064,
            "percY": 395094.74,
            "percN": 0.0,
            "percU": 412296.39,
            "percUNK": 0.0,
            "l": 0.5306022210000002,
            "u": 1.0,
            "flag": "INTEREST"
        },
        "~a_9": {
            "yes": 1578,
            "no": 636,
            "undecided": 2229,
            "unknown": 0,
            "pyes": 0.36596303180628037,
            "pno": 0.16463918919371953,
            "pundecided": 0.100397779,
            "punknown": 0.0,
            "time": 202.6127257347107,
            "delp_calls": 6037,
            "percY": 285728.46,
            "percN": 115160.52,
            "percU": 403605.03,
            "percUNK": 0.0,
            "l": 0.36596303180628037,
            "u": 0.8353608108062804,
            "flag": "INTEREST"
        },
        "a_9": {
            "yes": 572,
            "no": 1606,
            "undecided": 2219,
            "unknown": 0,
            "pyes": 0.16350070820811938,
            "pno": 0.36710151279188064,
            "pundecided": 0.100397779,
            "punknown": 0.0,
            "time": 201.34169793128967,
            "delp_calls": 6006,
            "percY": 103572.04,
            "percN": 290798.42,
            "percU": 401794.33,
            "percUNK": 0.0,
            "l": 0.16350070820811938,
            "u": 0.6328984872081194,
            "flag": "INTEREST"
        }
    },
    "data": {
        "n_samples": 18107,
        "time": 900.0625944137573,
        "repeated_programs": 0,
        "inconsistent_programs": 4808,
        "worlds_consulted": 768,
        "delp_calls": 18107
    }
}