{
    "status": {
        "d_34": {
            "yes": 3072,
            "no": 0,
            "undecided": 1024,
            "unknown": 0,
            "pyes": 0.9159230623539207,
            "pno": 0.0,
            "pundecided": 0.08407693764607999,
            "punknown": 0.0,
            "time": 164.55079531669617,
            "delp_calls": 3351,
            "percY": 979716495.36,
            "percN": 0.0,
            "percU": 326572165.12,
            "percUNK": 0.0,
            "l": 0.9159230623539207,
            "u": 1.0,
            "flag": "INTEREST"
        },
        "a_12": {
            "yes": 4096,
            "no": 0,
            "undecided": 0,
            "unknown": 0,
            "pyes": 1.0000000000000007,
            "pno": 0.0,
            "pundecided": 0.0,
            "punknown": 0.0,
            "time": 164.6129343509674,
            "delp_calls": 3351,
            "percY": 1306288660.48,
            "percN": 0.0,
            "percU": 0.0,
            "percUNK": 0.0,
            "l": 1.0000000000000007,
            "u": 1.0,
            "flag": "INTEREST"
        },
        "~a_15": {
            "yes": 4000,
            "no": 96,
            "undecided": 0,
            "unknown": 0,
            "pyes": 0.9915748052502655,
            "pno": 0.00842519474973504,
            "pundecided": 0.0,
            "punknown": 0.0,
            "time": 173.52959394454956,
            "delp_calls": 3351,
            "percY": 1275672520.0,
            "percN": 30616140.48,
            "percU": 0.0,
            "percUNK": 0.0,
            "l": 0.9915748052502655,
            "u": 0.991574805250265,
            "flag": "INTEREST"
        }
    },
    "data": {
        "n_samples": 31891813,
        "time": 900.0000231266022,
        "repeated_worlds": 31879525,
        "repeated_progs": 31881760,
        "unique_progs": 10053,
        "delp_calls": 10053
    }
}