{
    "status": {
        "a_16": {
            "yes": 876,
            "no": 275,
            "undecided": 1204,
            "unknown": 0,
            "pyes": 0.0,
            "pno": 0.0,
            "pundecided": 0.0,
            "punknown": 0.0,
            "time": 100.82528257369995,
            "delp_calls": 4701,
            "percY": 41180.76,
            "percN": 12927.75,
            "percU": 56600.04,
            "percUNK": 0.0,
            "l": 0.0,
            "u": 1.0
        }
    },
    "data": {
        "n_samples": 4701,
        "time": 300.05315232276917,
        "repeated_programs": 0,
        "inconsistent_programs": 2346,
        "worlds_consulted": 1397,
        "delp_calls": 4701
    }
}