{
    "status": {
        "~d_30": {
            "yes": 981,
            "no": 0,
            "undecided": 0,
            "unknown": 126,
            "pyes": 0.12085905600821135,
            "pno": 0.0,
            "pundecided": 0.0,
            "punknown": 0.00026261356174523955,
            "time": 44.05876636505127,
            "delp_calls": 1107,
            "percY": 21719.34,
            "percN": 0.0,
            "percU": 0.0,
            "percUNK": 2789.64,
            "l": 0.12085905600821135,
            "u": 1.0
        },
        "a_18": {
            "yes": 38,
            "no": 471,
            "undecided": 571,
            "unknown": 27,
            "pyes": 0.00048340050494696406,
            "pno": 0.6013939980266033,
            "pundecided": 0.003401775952686716,
            "punknown": 0.0006666749779889369,
            "time": 43.8988676071167,
            "delp_calls": 1107,
            "percY": 841.32,
            "percN": 10427.94,
            "percU": 12641.94,
            "percUNK": 597.78,
            "l": 0.00048340050494696406,
            "u": 0.3986060019733967,
            "flag": "INTEREST"
        }
    },
    "data": {
        "n_samples": 2214,
        "time": 600.3689482212067,
        "repeated_programs": 0,
        "inconsistent_programs": 0,
        "worlds_consulted": 1962,
        "delp_calls": 2214
    }
}