{
    "status": {
        "d_33": {
            "yes": 1214,
            "no": 0,
            "undecided": 1163,
            "unknown": 0,
            "pyes": 0.8596641336312497,
            "pno": 0.0,
            "pundecided": 0.032492877032457845,
            "punknown": 0.0,
            "time": 95.65567970275879,
            "delp_calls": 4722,
            "percY": 110631.82,
            "percN": 0.0,
            "percU": 105984.19,
            "percUNK": 0.0,
            "l": 0.8596641336312497,
            "u": 1.0,
            "flag": "INTEREST"
        },
        "a_20": {
            "yes": 815,
            "no": 281,
            "undecided": 1134,
            "unknown": 0,
            "pyes": 0.6796555760078646,
            "pno": 0.06833253850324707,
            "pundecided": 0.04819126336992258,
            "punknown": 0.0,
            "time": 98.86728835105896,
            "delp_calls": 4391,
            "percY": 74270.95,
            "percN": 25607.53,
            "percU": 103341.42,
            "percUNK": 0.0,
            "l": 0.6796555760078646,
            "u": 0.931667461496753,
            "flag": "INTEREST"
        }
    },
    "data": {
        "n_samples": 9113,
        "time": 600.0570147037506,
        "repeated_programs": 0,
        "inconsistent_programs": 4506,
        "worlds_consulted": 2773,
        "delp_calls": 9113
    }
}