{
    "status": {
        "d_9": {
            "yes": 2261,
            "no": 0,
            "undecided": 1606,
            "unknown": 0,
            "pyes": 0.005686538982599998,
            "pno": 0.0,
            "pundecided": 0.0002992915253999999,
            "punknown": 0.0,
            "time": 159.13747096061707,
            "delp_calls": 6578,
            "percY": 297434.55,
            "percN": 0.0,
            "percU": 211269.3,
            "percUNK": 0.0,
            "l": 0.005686538982599998,
            "u": 1.0
        },
        "~a_5": {
            "yes": 2186,
            "no": 0,
            "undecided": 1589,
            "unknown": 0,
            "pyes": 0.0057164667133559974,
            "pno": 0.0,
            "pundecided": 0.00026936379464399996,
            "punknown": 0.0,
            "time": 155.4657700061798,
            "delp_calls": 6577,
            "percY": 287568.3,
            "percN": 0.0,
            "percU": 209032.95,
            "percUNK": 0.0,
            "l": 0.0057164667133559974,
            "u": 1.0
        }
    },
    "data": {
        "n_samples": 13155,
        "time": 600.0641152858734,
        "repeated_programs": 0,
        "inconsistent_programs": 5513,
        "worlds_consulted": 512,
        "delp_calls": 13155
    }
}