{
    "status": {
        "a_14": {
            "yes": 192,
            "no": 0,
            "undecided": 733,
            "unknown": 186,
            "pyes": 0.09124345917169893,
            "pno": 0.0,
            "pundecided": 0.08028032736229283,
            "punknown": 1.5808697107173573e-05,
            "time": 54.78852367401123,
            "delp_calls": 1111,
            "percY": 2459.52,
            "percN": 0.0,
            "percU": 9389.73,
            "percUNK": 2382.66,
            "l": 0.09124345917169893,
            "u": 1.0
        }
    },
    "data": {
        "n_samples": 1281,
        "time": 60.021270751953125,
        "repeated_worlds": 170,
        "repeated_progs": 170,
        "unique_progs": 1111,
        "delp_calls": 1111
    }
}