{
    "status": {
        "d_64": {
            "yes": 6848,
            "no": 0,
            "undecided": 0,
            "unknown": 0,
            "pyes": 0.005627011340564489,
            "pno": 0.0,
            "pundecided": 0.0,
            "punknown": 0.0,
            "time": 286.9984881877899,
            "delp_calls": 6756,
            "percY": 1407264.0,
            "percN": 0.0,
            "percU": 0.0,
            "percUNK": 0.0,
            "l": 0.005627011340564489,
            "u": 1.0
        },
        "a_11": {
            "yes": 3927,
            "no": 0,
            "undecided": 3035,
            "unknown": 0,
            "pyes": 0.0017486696266100327,
            "pno": 0.0,
            "pundecided": 0.0020184757951375457,
            "punknown": 0.0,
            "time": 286.7375886440277,
            "delp_calls": 6868,
            "percY": 806998.5,
            "percN": 0.0,
            "percU": 623692.5,
            "percUNK": 0.0,
            "l": 0.0017486696266100327,
            "u": 1.0
        },
        "a_19": {
            "yes": 2582,
            "no": 721,
            "undecided": 3139,
            "unknown": 0,
            "pyes": 0.0026052823943674168,
            "pno": 0.0002231360002800804,
            "pundecided": 0.005079494052336546,
            "punknown": 0.0,
            "time": 286.8144361972809,
            "delp_calls": 6379,
            "percY": 530601.0,
            "percN": 148165.5,
            "percU": 645064.5,
            "percUNK": 0.0,
            "l": 0.0026052823943674168,
            "u": 0.9997768639997199
        }
    },
    "data": {
        "n_samples": 20550,
        "time": 900.0817561149597,
        "repeated_worlds": 298,
        "repeated_progs": 547,
        "unique_progs": 20003,
        "delp_calls": 20003
    }
}