{
    "status": {
        "~d_74": {
            "yes": 4096,
            "no": 0,
            "undecided": 0,
            "unknown": 0,
            "pyes": 0.9999999999999949,
            "pno": 0.0,
            "pundecided": 0.0,
            "punknown": 0.0,
            "time": 168.04317808151245,
            "delp_calls": 3704,
            "percY": 1051890278.4,
            "percN": 0.0,
            "percU": 0.0,
            "percUNK": 0.0,
            "l": 0.9999999999999949,
            "u": 1.0,
            "flag": "INTEREST"
        },
        "a_14": {
            "yes": 4096,
            "no": 0,
            "undecided": 0,
            "unknown": 0,
            "pyes": 0.9999999999999953,
            "pno": 0.0,
            "pundecided": 0.0,
            "punknown": 0.0,
            "time": 166.67322874069214,
            "delp_calls": 3704,
            "percY": 1051890278.4,
            "percN": 0.0,
            "percU": 0.0,
            "percUNK": 0.0,
            "l": 0.9999999999999953,
            "u": 1.0,
            "flag": "INTEREST"
        },
        "a_17": {
            "yes": 768,
            "no": 1184,
            "undecided": 2144,
            "unknown": 0,
            "pyes": 0.8219727426613538,
            "pno": 0.008917313438598161,
            "pundecided": 0.16910994390004808,
            "punknown": 0.0,
            "time": 173.8679747581482,
            "delp_calls": 3704,
            "percY": 197229427.2,
            "percN": 304062033.6,
            "percU": 550598817.6,
            "percUNK": 0.0,
            "l": 0.8219727426613538,
            "u": 0.9910826865614019,
            "flag": "INTEREST"
        }
    },
    "data": {
        "n_samples": 25680915,
        "time": 900.0000183582306,
        "repeated_worlds": 25668627,
        "repeated_progs": 25669803,
        "unique_progs": 11112,
        "delp_calls": 11112
    }
}