{
    "status": {
        "a_5": {
            "yes": 4401,
            "no": 0,
            "undecided": 4560,
            "unknown": 0,
            "pyes": 0.010628937021907366,
            "pno": 0.0,
            "pundecided": 0.00020397917069846943,
            "punknown": 0.0,
            "time": 369.52186942100525,
            "delp_calls": 6935,
            "percY": 779021.01,
            "percN": 0.0,
            "percU": 807165.6,
            "percUNK": 0.0,
            "l": 0.010628937021907366,
            "u": 1.0
        },
        "~a_8": {
            "yes": 3051,
            "no": 1364,
            "undecided": 4318,
            "unknown": 0,
            "pyes": 8.634473739576883e-05,
            "pno": 7.142671166499945e-06,
            "pundecided": 5.2123027941801944e-05,
            "punknown": 0.0,
            "time": 371.70694732666016,
            "delp_calls": 6709,
            "percY": 540057.51,
            "percN": 241441.64,
            "percU": 764329.18,
            "percUNK": 0.0,
            "l": 8.634473739576883e-05,
            "u": 0.9999928573288335
        }
    },
    "data": {
        "n_samples": 17701,
        "time": 600.0155928134918,
        "repeated_worlds": 7,
        "repeated_progs": 4057,
        "unique_progs": 13644,
        "delp_calls": 13644
    }
}