{
    "status": {
        "d_30": {
            "yes": 1276,
            "no": 0,
            "undecided": 0,
            "unknown": 0,
            "pyes": 0.5592398164449496,
            "pno": 0.0,
            "pundecided": 0.0,
            "punknown": 0.0,
            "time": 61.37449264526367,
            "delp_calls": 1196,
            "percY": 19484.52,
            "percN": 0.0,
            "percU": 0.0,
            "percUNK": 0.0,
            "l": 0.5592398164449496,
            "u": 1.0,
            "flag": "INTEREST"
        }
    },
    "data": {
        "n_samples": 1527,
        "time": 60.044455766677856,
        "repeated_worlds": 251,
        "repeated_progs": 331,
        "unique_progs": 1196,
        "delp_calls": 1196
    }
}