{
    "status": {
        "a_4": {
            "yes": 6196,
            "no": 0,
            "undecided": 0,
            "unknown": 0,
            "pyes": 1.0000000000000004,
            "pno": 0.0,
            "pundecided": 0.0,
            "punknown": 0.0,
            "time": 235.61864566802979,
            "delp_calls": 6196,
            "percY": 1135355.04,
            "percN": 0.0,
            "percU": 0.0,
            "percUNK": 0.0,
            "l": 1.0000000000000004,
            "u": 1.0,
            "flag": "INTEREST"
        },
        "a_7": {
            "yes": 1862,
            "no": 2276,
            "undecided": 1943,
            "unknown": 0,
            "pyes": 0.8613737999404801,
            "pno": 0.006016175090879999,
            "pundecided": 0.13261002496864005,
            "punknown": 0.0,
            "time": 238.43277597427368,
            "delp_calls": 6081,
            "percY": 341192.88,
            "percN": 417054.24,
            "percU": 356035.32,
            "percUNK": 0.0,
            "l": 0.8613737999404801,
            "u": 0.99398382490912,
            "flag": "INTEREST"
        },
        "a_9": {
            "yes": 2668,
            "no": 1433,
            "undecided": 1946,
            "unknown": 0,
            "pyes": 0.9137001854377325,
            "pno": 0.0812019027159197,
            "pundecided": 0.005097911846347968,
            "punknown": 0.0,
            "time": 236.33730101585388,
            "delp_calls": 6047,
            "percY": 488884.32,
            "percN": 262582.92,
            "percU": 356585.04,
            "percUNK": 0.0,
            "l": 0.9137001854377325,
            "u": 0.9187980972840804,
            "flag": "INTEREST"
        }
    },
    "data": {
        "n_samples": 18324,
        "time": 900.0262413024902,
        "repeated_programs": 0,
        "inconsistent_programs": 0,
        "worlds_consulted": 6144,
        "delp_calls": 18324
    }
}