{
    "status": {
        "d_12": {
            "yes": 7458,
            "no": 0,
            "undecided": 7213,
            "unknown": 0,
            "pyes": 0.0010881239447605904,
            "pno": 0.0,
            "pundecided": 0.00023180209040579543,
            "punknown": 0.0,
            "time": 609.3613224029541,
            "delp_calls": 6819,
            "percY": 3224167.98,
            "percN": 0.0,
            "percU": 3118252.03,
            "percUNK": 0.0,
            "l": 0.0010881239447605904,
            "u": 1.0
        },
        "~a_8": {
            "yes": 4657,
            "no": 2487,
            "undecided": 6952,
            "unknown": 0,
            "pyes": 0.00043025044839240813,
            "pno": 0.0003850317437519585,
            "pundecided": 0.00023336223460301077,
            "punknown": 0.0,
            "time": 594.2188396453857,
            "delp_calls": 6726,
            "percY": 2013267.67,
            "percN": 1075154.97,
            "percU": 3005419.12,
            "percUNK": 0.0,
            "l": 0.00043025044839240813,
            "u": 0.9996149682562481
        },
        "a_8": {
            "yes": 2484,
            "no": 4735,
            "undecided": 7226,
            "unknown": 0,
            "pyes": 0.00023757294620720343,
            "pno": 0.00041404993454734657,
            "pundecided": 0.00027177836920340735,
            "punknown": 0.0,
            "time": 604.8829946517944,
            "delp_calls": 6774,
            "percY": 1073858.04,
            "percN": 2046987.85,
            "percU": 3123872.06,
            "percUNK": 0.0,
            "l": 0.00023757294620720343,
            "u": 0.9995859500654527
        }
    },
    "data": {
        "n_samples": 43231,
        "time": 900.0256221294403,
        "repeated_worlds": 19,
        "repeated_progs": 22912,
        "unique_progs": 20319,
        "delp_calls": 20319
    }
}