{
    "status": {
        "d_12": {
            "yes": 2554,
            "no": 0,
            "undecided": 2538,
            "unknown": 18,
            "pyes": 0.155138102676613,
            "pno": 0.0,
            "pundecided": 0.019650370220856184,
            "punknown": 4.20651945180167e-05,
            "time": 214.2738537788391,
            "delp_calls": 5874,
            "percY": 449171.98,
            "percN": 0.0,
            "percU": 446358.06,
            "percUNK": 3165.66,
            "l": 0.155138102676613,
            "u": 1.0
        },
        "~a_8": {
            "yes": 1462,
            "no": 1097,
            "undecided": 2563,
            "unknown": 6,
            "pyes": 0.058331770885225044,
            "pno": 0.0696963319715757,
            "pundecided": 0.04975073210706071,
            "punknown": 6.403541212145734e-05,
            "time": 214.41547536849976,
            "delp_calls": 5889,
            "percY": 257121.94,
            "percN": 192929.39,
            "percU": 450754.81,
            "percUNK": 1055.22,
            "l": 0.058331770885225044,
            "u": 0.9303036680284243
        },
        "a_8": {
            "yes": 1090,
            "no": 1419,
            "undecided": 2505,
            "unknown": 13,
            "pyes": 0.07083890843212003,
            "pno": 0.06675891077107605,
            "pundecided": 0.04659152810309962,
            "punknown": 4.069256230350278e-05,
            "time": 212.33528780937195,
            "delp_calls": 5824,
            "percY": 191698.3,
            "percN": 249559.53,
            "percU": 440554.35,
            "percUNK": 2286.31,
            "l": 0.07083890843212003,
            "u": 0.9332410892289239
        }
    },
    "data": {
        "n_samples": 17587,
        "time": 900.0762274265289,
        "repeated_programs": 0,
        "inconsistent_programs": 2322,
        "worlds_consulted": 7817,
        "delp_calls": 17587
    }
}