{
    "status": {
        "a_7": {
            "yes": 1152,
            "no": 896,
            "undecided": 2048,
            "unknown": 0,
            "pyes": 0.7276798286148343,
            "pno": 0.1688201713851651,
            "pundecided": 0.10349999999999984,
            "punknown": 0.0,
            "time": 236.8308868408203,
            "delp_calls": 1024,
            "percY": 306110926.08,
            "percN": 238086275.84,
            "percU": 544197201.92,
            "percUNK": 0.0,
            "l": 0.7276798286148343,
            "u": 0.8311798286148349,
            "flag": "INTEREST"
        },
        "a_8": {
            "yes": 512,
            "no": 1536,
            "undecided": 2048,
            "unknown": 0,
            "pyes": 0.07322639634238841,
            "pno": 0.8232736036576104,
            "pundecided": 0.1034999999999998,
            "punknown": 0.0,
            "time": 232.475567817688,
            "delp_calls": 1024,
            "percY": 136049300.48,
            "percN": 408147901.44,
            "percU": 544197201.92,
            "percUNK": 0.0,
            "l": 0.07322639634238841,
            "u": 0.17672639634238962,
            "flag": "INTEREST"
        }
    },
    "data": {
        "n_samples": 26572129,
        "time": 600.0000238418579,
        "repeated_worlds": 26563937,
        "repeated_progs": 26570081,
        "unique_progs": 2048,
        "delp_calls": 2048
    }
}