{
    "status": {
        "d_34": {
            "yes": 6581,
            "no": 0,
            "undecided": 0,
            "unknown": 0,
            "pyes": 0.004316026642785119,
            "pno": 0.0,
            "pundecided": 0.0,
            "punknown": 0.0,
            "time": 290.4224512577057,
            "delp_calls": 6403,
            "percY": 871521.83,
            "percN": 0.0,
            "percU": 0.0,
            "percUNK": 0.0,
            "l": 0.004316026642785119,
            "u": 1.0
        },
        "a_19": {
            "yes": 4894,
            "no": 0,
            "undecided": 1584,
            "unknown": 0,
            "pyes": 0.0008627328103008963,
            "pno": 0.0,
            "pundecided": 0.00025585841444603714,
            "punknown": 0.0,
            "time": 291.9821560382843,
            "delp_calls": 6294,
            "percY": 648112.42,
            "percN": 0.0,
            "percU": 209769.12,
            "percUNK": 0.0,
            "l": 0.0008627328103008963,
            "u": 1.0
        }
    },
    "data": {
        "n_samples": 13243,
        "time": 600.0686542987823,
        "repeated_worlds": 184,
        "repeated_progs": 546,
        "unique_progs": 12697,
        "delp_calls": 12697
    }
}