{
    "status": {
        "d_52": {
            "yes": 2048,
            "no": 0,
            "undecided": 2048,
            "unknown": 0,
            "pyes": 0.9790000000000004,
            "pno": 0.0,
            "pundecided": 0.02100000000000001,
            "punknown": 0.0,
            "time": 164.88671398162842,
            "delp_calls": 4096,
            "percY": 193572106.24,
            "percN": 0.0,
            "percU": 193572106.24,
            "percUNK": 0.0,
            "l": 0.9790000000000004,
            "u": 1.0,
            "flag": "INTEREST"
        }
    },
    "data": {
        "n_samples": 9451763,
        "time": 300.0000033378601,
        "repeated_worlds": 9447667,
        "repeated_progs": 9447667,
        "unique_progs": 4096,
        "delp_calls": 4096
    }
}