{
    "status": {
        "a_13": {
            "yes": 2048,
            "no": 0,
            "undecided": 2048,
            "unknown": 0,
            "pyes": 0.9600000000000009,
            "pno": 0.0,
            "pundecided": 0.03999999999999999,
            "punknown": 0.0,
            "time": 164.5109565258026,
            "delp_calls": 4096,
            "percY": 188745994.24,
            "percN": 0.0,
            "percU": 188745994.24,
            "percUNK": 0.0,
            "l": 0.9600000000000009,
            "u": 1.0,
            "flag": "INTEREST"
        }
    },
    "data": {
        "n_samples": 9216113,
        "time": 300.00000071525574,
        "repeated_worlds": 9212017,
        "repeated_progs": 9212017,
        "unique_progs": 4096,
        "delp_calls": 4096
    }
}