{
    "status": {
        "a_13": {
            "yes": 1219,
            "no": 0,
            "undecided": 1233,
            "unknown": 0,
            "pyes": 0.7421105561586637,
            "pno": 0.0,
            "pundecided": 0.031073720816189074,
            "punknown": 0.0,
            "time": 97.80619311332703,
            "delp_calls": 4895,
            "percY": 59670.05,
            "percN": 0.0,
            "percU": 60355.35,
            "percUNK": 0.0,
            "l": 0.7421105561586637,
            "u": 1.0,
            "flag": "INTEREST"
        }
    },
    "data": {
        "n_samples": 4895,
        "time": 300.0002167224884,
        "repeated_programs": 0,
        "inconsistent_programs": 2443,
        "worlds_consulted": 1435,
        "delp_calls": 4895
    }
}