{
    "status": {
        "d_43": {
            "yes": 4096,
            "no": 0,
            "undecided": 0,
            "unknown": 0,
            "pyes": 1.0000000000000009,
            "pno": 0.0,
            "pundecided": 0.0,
            "punknown": 0.0,
            "time": 165.14955925941467,
            "delp_calls": 3060,
            "percY": 1431526809.6,
            "percN": 0.0,
            "percU": 0.0,
            "percUNK": 0.0,
            "l": 1.0000000000000009,
            "u": 1.0,
            "flag": "INTEREST"
        },
        "a_11": {
            "yes": 4096,
            "no": 0,
            "undecided": 0,
            "unknown": 0,
            "pyes": 1.0000000000000013,
            "pno": 0.0,
            "pundecided": 0.0,
            "punknown": 0.0,
            "time": 163.8498146533966,
            "delp_calls": 3060,
            "percY": 1431526809.6,
            "percN": 0.0,
            "percU": 0.0,
            "percUNK": 0.0,
            "l": 1.0000000000000013,
            "u": 1.0,
            "flag": "INTEREST"
        },
        "~a_18": {
            "yes": 0,
            "no": 3840,
            "undecided": 256,
            "unknown": 0,
            "pyes": 0.0,
            "pno": 0.9981322810000005,
            "pundecided": 0.0018677189999999988,
            "punknown": 0.0,
            "time": 167.72219944000244,
            "delp_calls": 3060,
            "percY": 0.0,
            "percN": 1342056384.0,
            "percU": 89470425.6,
            "percUNK": 0.0,
            "l": 0.0,
            "u": 0.0018677189999994903,
            "flag": "INTEREST"
        }
    },
    "data": {
        "n_samples": 34949385,
        "time": 900.000022649765,
        "repeated_worlds": 34937097,
        "repeated_progs": 34940205,
        "unique_progs": 9180,
        "delp_calls": 9180
    }
}