{
    "status": {
        "a_9": {
            "yes": 9440,
            "no": 0,
            "undecided": 9455,
            "unknown": 0,
            "pyes": 0.4092371968703608,
            "pno": 0.0,
            "pundecided": 0.007905141736824687,
            "punknown": 0.0,
            "time": 903.233332157135,
            "delp_calls": 1024,
            "percY": 6467155.2,
            "percN": 0.0,
            "percU": 6477431.4,
            "percUNK": 0.0,
            "l": 0.4092371968703608,
            "u": 1.0
        },
        "~a_5": {
            "yes": 14766,
            "no": 0,
            "undecided": 14707,
            "unknown": 0,
            "pyes": 0.10428480780351514,
            "pno": 0.0,
            "pundecided": 0.007628420706992026,
            "punknown": 0.0,
            "time": 1336.665472984314,
            "delp_calls": 1024,
            "percY": 10115891.28,
            "percN": 0.0,
            "percU": 10075471.56,
            "percUNK": 0.0,
            "l": 0.10428480780351514,
            "u": 1.0
        },
        "a_7": {
            "yes": 6500,
            "no": 2003,
            "undecided": 8593,
            "unknown": 0,
            "pyes": 0.016511007669446114,
            "pno": 0.00047346456305595445,
            "pundecided": 0.002253824414957707,
            "punknown": 0.0,
            "time": 826.3416488170624,
            "delp_calls": 1024,
            "percY": 4453020.0,
            "percN": 1372215.24,
            "percU": 5886892.44,
            "percUNK": 0.0,
            "l": 0.016511007669446114,
            "u": 0.999526535436944
        }
    },
    "data": {
        "n_samples": 68508,
        "time": 180.00113534927368,
        "repeated_worlds": 3044,
        "repeated_progs": 65436,
        "unique_progs": 3072,
        "delp_calls": 3072
    }
}