{
    "status": {
        "d_28": {
            "yes": 420,
            "no": 0,
            "undecided": 382,
            "unknown": 0,
            "pyes": 0.13326360107193483,
            "pno": 0.0,
            "pundecided": 0.04800255285179728,
            "punknown": 0.0,
            "time": 37.58495211601257,
            "delp_calls": 802,
            "percY": 6657.0,
            "percN": 0.0,
            "percU": 6054.7,
            "percUNK": 0.0,
            "l": 0.13326360107193483,
            "u": 1.0
        },
        "~a_14": {
            "yes": 468,
            "no": 0,
            "undecided": 315,
            "unknown": 0,
            "pyes": 0.1349321377263587,
            "pno": 0.0,
            "pundecided": 0.022098816873852376,
            "punknown": 0.0,
            "time": 38.11945629119873,
            "delp_calls": 783,
            "percY": 7417.8,
            "percN": 0.0,
            "percU": 4992.75,
            "percUNK": 0.0,
            "l": 0.1349321377263587,
            "u": 1.0
        }
    },
    "data": {
        "n_samples": 1585,
        "time": 120.07247972488403,
        "repeated_programs": 0,
        "inconsistent_programs": 0,
        "worlds_consulted": 1448,
        "delp_calls": 1585
    }
}