{
    "status": {
        "d_20": {
            "yes": 4096,
            "no": 0,
            "undecided": 0,
            "unknown": 0,
            "pyes": 1.0000000000000007,
            "pno": 0.0,
            "pundecided": 0.0,
            "punknown": 0.0,
            "time": 165.4326364994049,
            "delp_calls": 3374,
            "percY": 859858944.0,
            "percN": 0.0,
            "percU": 0.0,
            "percUNK": 0.0,
            "l": 1.0000000000000007,
            "u": 1.0,
            "flag": "INTEREST"
        },
        "~a_15": {
            "yes": 440,
            "no": 136,
            "undecided": 3520,
            "unknown": 0,
            "pyes": 0.7334729820777481,
            "pno": 0.0005703475086471492,
            "pundecided": 0.265956670413605,
            "punknown": 0.0,
            "time": 171.45391988754272,
            "delp_calls": 3374,
            "percY": 92367660.0,
            "percN": 28550004.0,
            "percU": 738941280.0,
            "percUNK": 0.0,
            "l": 0.7334729820777481,
            "u": 0.9994296524913528,
            "flag": "INTEREST"
        }
    },
    "data": {
        "n_samples": 20992650,
        "time": 600.0000176429749,
        "repeated_worlds": 20984458,
        "repeated_progs": 20985902,
        "unique_progs": 6748,
        "delp_calls": 6748
    }
}