{
    "status": {
        "d_24": {
            "yes": 174,
            "no": 0,
            "undecided": 60,
            "unknown": 32,
            "pyes": 0.00634132642076847,
            "pno": 0.0,
            "pundecided": 0.00012558850078467254,
            "punknown": 1.9557269427896044e-06,
            "time": 10.596260786056519,
            "delp_calls": 266,
            "percY": 925.68,
            "percN": 0.0,
            "percU": 319.2,
            "percUNK": 170.24,
            "l": 0.00634132642076847,
            "u": 1.0
        },
        "a_13": {
            "yes": 153,
            "no": 0,
            "undecided": 113,
            "unknown": 0,
            "pyes": 0.02748497110538388,
            "pno": 0.0,
            "pundecided": 0.005340457199356323,
            "punknown": 0.0,
            "time": 10.567091941833496,
            "delp_calls": 266,
            "percY": 813.96,
            "percN": 0.0,
            "percU": 601.16,
            "percUNK": 0.0,
            "l": 0.02748497110538388,
            "u": 1.0
        }
    },
    "data": {
        "n_samples": 532,
        "time": 120.35200500488281,
        "repeated_programs": 0,
        "inconsistent_programs": 0,
        "worlds_consulted": 517,
        "delp_calls": 532
    }
}