{
    "status": {
        "d_14": {
            "yes": 2560,
            "no": 0,
            "undecided": 336,
            "unknown": 1200,
            "pyes": 0.914540755000002,
            "pno": 0.0,
            "pundecided": 0.0032401520934900022,
            "punknown": 0.08221909290651,
            "time": 162.0954089164734,
            "delp_calls": 1725,
            "percY": 889550233.6,
            "percN": 0.0,
            "percU": 116753468.16,
            "percUNK": 416976672.0,
            "l": 0.914540755000002,
            "u": 1.0,
            "flag": "INTEREST"
        },
        "a_7": {
            "yes": 312,
            "no": 64,
            "undecided": 2792,
            "unknown": 928,
            "pyes": 0.6749322050379045,
            "pno": 0.001906700316066279,
            "pundecided": 0.24666209481404436,
            "punknown": 0.07649899983198459,
            "time": 159.88042545318604,
            "delp_calls": 1725,
            "percY": 108413934.72,
            "percN": 22238755.84,
            "percU": 970165723.52,
            "percUNK": 322461959.68,
            "l": 0.6749322050379045,
            "u": 0.9980932996839337,
            "flag": "INTEREST"
        }
    },
    "data": {
        "n_samples": 34748056,
        "time": 600.0000245571136,
        "repeated_worlds": 34739864,
        "repeated_progs": 34744606,
        "unique_progs": 3450,
        "delp_calls": 3450
    }
}