{
    "status": {
        "a_18": {
            "yes": 1110,
            "no": 12,
            "undecided": 83,
            "unknown": 0,
            "pyes": 0.00034814341277272337,
            "pno": 7.570335325995422e-09,
            "pundecided": 1.8064535201778615e-05,
            "punknown": 0.0,
            "time": 57.53972625732422,
            "delp_calls": 1197,
            "percY": 13375.5,
            "percN": 144.6,
            "percU": 1000.15,
            "percUNK": 0.0,
            "l": 0.00034814341277272337,
            "u": 0.9999999924296646
        }
    },
    "data": {
        "n_samples": 1205,
        "time": 60.00153923034668,
        "repeated_worlds": 0,
        "repeated_progs": 8,
        "unique_progs": 1197,
        "delp_calls": 1197
    }
}