{
    "status": {
        "a_7": {
            "yes": 218656,
            "no": 131013,
            "undecided": 349501,
            "unknown": 0,
            "pyes": 0.008225601507352851,
            "pno": 0.02175459579294043,
            "pundecided": 0.010194623763782605,
            "punknown": 0.0,
            "time": 27447.752464532852,
            "delp_calls": 512,
            "percY": 1561811703.68,
            "percN": 935797036.14,
            "percU": 2496408752.78,
            "percUNK": 0.0,
            "l": 0.008225601507352851,
            "u": 0.9782454042070595
        }
    },
    "data": {
        "n_samples": 714278,
        "time": 300.0001611709595,
        "repeated_worlds": 15108,
        "repeated_progs": 713766,
        "unique_progs": 512,
        "delp_calls": 512
    }
}