{
    "status": {
        "~d_10": {
            "yes": 1674,
            "no": 0,
            "undecided": 1653,
            "unknown": 0,
            "pyes": 0.8193514849751559,
            "pno": 0.0,
            "pundecided": 0.09064851502484372,
            "punknown": 0.0,
            "time": 136.89086842536926,
            "delp_calls": 6492,
            "percY": 108676.08,
            "percN": 0.0,
            "percU": 107312.76,
            "percUNK": 0.0,
            "l": 0.8193514849751559,
            "u": 1.0,
            "flag": "INTEREST"
        }
    },
    "data": {
        "n_samples": 6492,
        "time": 300.04207396507263,
        "repeated_programs": 0,
        "inconsistent_programs": 3165,
        "worlds_consulted": 128,
        "delp_calls": 6492
    }
}