{
    "status": {
        "~d_10": {
            "yes": 131072,
            "no": 0,
            "undecided": 131072,
            "unknown": 0,
            "pyes": 0.9003862472254283,
            "pno": 0.0,
            "pundecided": 0.09961375277455195,
            "punknown": 0.0,
            "time": 10691.388671875,
            "delp_calls": 256,
            "percY": 18927287009.28,
            "percN": 0.0,
            "percU": 18927287009.28,
            "percUNK": 0.0,
            "l": 0.9003862472254283,
            "u": 1.0,
            "flag": "INTEREST"
        }
    },
    "data": {
        "n_samples": 14440374,
        "time": 300.0000100135803,
        "repeated_worlds": 14178230,
        "repeated_progs": 14440118,
        "unique_progs": 256,
        "delp_calls": 256
    }
}