{
    "status": {
        "d_15": {
            "yes": 4096,
            "no": 0,
            "undecided": 0,
            "unknown": 0,
            "pyes": 0.9999999999999994,
            "pno": 0.0,
            "pundecided": 0.0,
            "punknown": 0.0,
            "time": 159.69565200805664,
            "delp_calls": 141,
            "percY": 2615860592.64,
            "percN": 0.0,
            "percU": 0.0,
            "percUNK": 0.0,
            "l": 0.9999999999999994,
            "u": 1.0,
            "flag": "INTEREST"
        },
        "a_6": {
            "yes": 4096,
            "no": 0,
            "undecided": 0,
            "unknown": 0,
            "pyes": 0.9999999999999998,
            "pno": 0.0,
            "pundecided": 0.0,
            "punknown": 0.0,
            "time": 157.48495292663574,
            "delp_calls": 141,
            "percY": 2615860592.64,
            "percN": 0.0,
            "percU": 0.0,
            "percUNK": 0.0,
            "l": 0.9999999999999998,
            "u": 1.0,
            "flag": "INTEREST"
        },
        "a_7": {
            "yes": 1768,
            "no": 2328,
            "undecided": 0,
            "unknown": 0,
            "pyes": 0.9246528314711234,
            "pno": 0.07534716852887624,
            "pundecided": 0.0,
            "punknown": 0.0,
            "time": 165.3553705215454,
            "delp_calls": 141,
            "percY": 1129111701.12,
            "percN": 1486748891.52,
            "percU": 0.0,
            "percUNK": 0.0,
            "l": 0.9246528314711234,
            "u": 0.9246528314711238,
            "flag": "INTEREST"
        }
    },
    "data": {
        "n_samples": 63863784,
        "time": 900.0000329017639,
        "repeated_worlds": 63851496,
        "repeated_progs": 63863361,
        "unique_progs": 423,
        "delp_calls": 423
    }
}