{
    "status": {
        "a_7": {
            "yes": 1792,
            "no": 256,
            "undecided": 2048,
            "unknown": 0,
            "pyes": 0.74407325,
            "pno": 0.2059267500000001,
            "pundecided": 0.04999999999999999,
            "punknown": 0.0,
            "time": 164.9486598968506,
            "delp_calls": 512,
            "percY": 47255559.68,
            "percN": 6750794.24,
            "percU": 54006353.92,
            "percUNK": 0.0,
            "l": 0.74407325,
            "u": 0.7940732499999998,
            "flag": "INTEREST"
        }
    },
    "data": {
        "n_samples": 2637029,
        "time": 60.00001263618469,
        "repeated_worlds": 2632933,
        "repeated_progs": 2636517,
        "unique_progs": 512,
        "delp_calls": 512
    }
}