{
    "status": {
        "~a_18": {
            "yes": 251,
            "no": 83,
            "undecided": 1442,
            "unknown": 0,
            "pyes": 0.03263930482221529,
            "pno": 3.405078944439748e-07,
            "pundecided": 0.005539217239311865,
            "punknown": 0.0,
            "time": 80.10179829597473,
            "delp_calls": 2507,
            "percY": 6292.57,
            "percN": 2080.81,
            "percU": 36150.94,
            "percUNK": 0.0,
            "l": 0.03263930482221529,
            "u": 0.9999996594921056
        }
    },
    "data": {
        "n_samples": 2507,
        "time": 300.1038181781769,
        "repeated_programs": 0,
        "inconsistent_programs": 731,
        "worlds_consulted": 3053,
        "delp_calls": 2507
    }
}