{
    "status": {
        "a_6": {
            "yes": 131072,
            "no": 0,
            "undecided": 131072,
            "unknown": 0,
            "pyes": 0.9324358154999284,
            "pno": 0.0,
            "pundecided": 0.06756418449999887,
            "punknown": 0.0,
            "time": 10643.782836914062,
            "delp_calls": 1024,
            "percY": 29678573977.6,
            "percN": 0.0,
            "percU": 29678573977.6,
            "percUNK": 0.0,
            "l": 0.9324358154999284,
            "u": 1.0,
            "flag": "INTEREST"
        },
        "a_7": {
            "yes": 81920,
            "no": 49152,
            "undecided": 131072,
            "unknown": 0,
            "pyes": 0.9199786336395657,
            "pno": 0.012457181860408038,
            "pundecided": 0.06756418449999763,
            "punknown": 0.0,
            "time": 11943.648193359375,
            "delp_calls": 1024,
            "percY": 18549108736.0,
            "percN": 11129465241.6,
            "percU": 29678573977.6,
            "percUNK": 0.0,
            "l": 0.9199786336395657,
            "u": 0.987542818139592,
            "flag": "INTEREST"
        }
    },
    "data": {
        "n_samples": 22642955,
        "time": 600.0000042915344,
        "repeated_worlds": 22118667,
        "repeated_progs": 22640907,
        "unique_progs": 2048,
        "delp_calls": 2048
    }
}