{
    "status": {
        "a_6": {
            "yes": 1553,
            "no": 0,
            "undecided": 1588,
            "unknown": 4,
            "pyes": 0.037297432619999994,
            "pno": 0.0,
            "pundecided": 0.00270256738,
            "punknown": 0.0,
            "time": 134.35841417312622,
            "delp_calls": 6209,
            "percY": 190630.75,
            "percN": 0.0,
            "percU": 194927.0,
            "percUNK": 491.0,
            "l": 0.037297432619999994,
            "u": 1.0
        },
        "a_7": {
            "yes": 1190,
            "no": 417,
            "undecided": 1582,
            "unknown": 6,
            "pyes": 0.034273225639591905,
            "pno": 0.0030242069804080787,
            "pundecided": 0.00270256738,
            "punknown": 0.0,
            "time": 141.6584496498108,
            "delp_calls": 6066,
            "percY": 146072.5,
            "percN": 51186.75,
            "percU": 194190.5,
            "percUNK": 736.5,
            "l": 0.034273225639591905,
            "u": 0.9969757930195919
        }
    },
    "data": {
        "n_samples": 12275,
        "time": 600.0198345184326,
        "repeated_programs": 0,
        "inconsistent_programs": 5935,
        "worlds_consulted": 1024,
        "delp_calls": 12275
    }
}