{
    "status": {
        "d_32": {
            "yes": 2560,
            "no": 0,
            "undecided": 128,
            "unknown": 1408,
            "pyes": 0.8673190349999994,
            "pno": 0.0,
            "pundecided": 0.0,
            "punknown": 0.1326809649999999,
            "time": 165.72394490242004,
            "delp_calls": 4096,
            "percY": 232724915.2,
            "percN": 0.0,
            "percU": 11636245.76,
            "percUNK": 127998703.36,
            "l": 0.8673190349999994,
            "u": 1.0,
            "flag": "INTEREST"
        }
    },
    "data": {
        "n_samples": 9090817,
        "time": 300.0000002384186,
        "repeated_worlds": 9086721,
        "repeated_progs": 9086721,
        "unique_progs": 4096,
        "delp_calls": 4096
    }
}