{
    "status": {
        "d_32": {
            "yes": 387,
            "no": 0,
            "undecided": 17,
            "unknown": 231,
            "pyes": 0.014213339524771572,
            "pno": 0.0,
            "pundecided": 0.0,
            "punknown": 0.005615448133661657,
            "time": 25.28395175933838,
            "delp_calls": 635,
            "percY": 2457.45,
            "percN": 0.0,
            "percU": 107.95,
            "percUNK": 1466.85,
            "l": 0.014213339524771572,
            "u": 1.0
        }
    },
    "data": {
        "n_samples": 635,
        "time": 300.2983121871948,
        "repeated_programs": 0,
        "inconsistent_programs": 0,
        "worlds_consulted": 589,
        "delp_calls": 635
    }
}