{
    "status": {
        "d_29": {
            "yes": 2682,
            "no": 0,
            "undecided": 0,
            "unknown": 0,
            "pyes": 0.23113395674569046,
            "pno": 0.0,
            "pundecided": 0.0,
            "punknown": 0.0,
            "time": 107.84236311912537,
            "delp_calls": 3540,
            "percY": 186720.84,
            "percN": 0.0,
            "percU": 0.0,
            "percUNK": 0.0,
            "l": 0.23113395674569046,
            "u": 1.0
        },
        "a_15": {
            "yes": 1627,
            "no": 977,
            "undecided": 0,
            "unknown": 0,
            "pyes": 0.1311539246914835,
            "pno": 0.1863937667258328,
            "pundecided": 0.0,
            "punknown": 0.0,
            "time": 111.25058007240295,
            "delp_calls": 3422,
            "percY": 113271.74,
            "percN": 68018.74,
            "percU": 0.0,
            "percUNK": 0.0,
            "l": 0.1311539246914835,
            "u": 0.8136062332741671
        }
    },
    "data": {
        "n_samples": 6962,
        "time": 600.0641272068024,
        "repeated_programs": 0,
        "inconsistent_programs": 1676,
        "worlds_consulted": 3626,
        "delp_calls": 6962
    }
}