{
    "status": {
        "d_29": {
            "yes": 4096,
            "no": 0,
            "undecided": 0,
            "unknown": 0,
            "pyes": 0.9999999999999996,
            "pno": 0.0,
            "pundecided": 0.0,
            "punknown": 0.0,
            "time": 167.12120509147644,
            "delp_calls": 3978,
            "percY": 746403266.56,
            "percN": 0.0,
            "percU": 0.0,
            "percUNK": 0.0,
            "l": 0.9999999999999996,
            "u": 1.0,
            "flag": "INTEREST"
        },
        "a_15": {
            "yes": 1920,
            "no": 1152,
            "undecided": 1024,
            "unknown": 0,
            "pyes": 0.7189717415137775,
            "pno": 0.22187820780046327,
            "pundecided": 0.05915005068575997,
            "punknown": 0.0,
            "time": 174.35616612434387,
            "delp_calls": 3978,
            "percY": 349876531.2,
            "percN": 209925918.72,
            "percU": 186600816.64,
            "percUNK": 0.0,
            "l": 0.7189717415137775,
            "u": 0.7781217921995367,
            "flag": "INTEREST"
        }
    },
    "data": {
        "n_samples": 18222736,
        "time": 600.0000076293945,
        "repeated_worlds": 18214544,
        "repeated_progs": 18214780,
        "unique_progs": 7956,
        "delp_calls": 7956
    }
}