{
    "status": {
        "a_7": {
            "yes": 112,
            "no": 90,
            "undecided": 472,
            "unknown": 21,
            "pyes": 0.005907787987636726,
            "pno": 0.010728927370870152,
            "pundecided": 0.0023220360612088934,
            "punknown": 1.4394027916241028e-08,
            "time": 29.085533142089844,
            "delp_calls": 695,
            "percY": 1552.32,
            "percN": 1247.4,
            "percU": 6541.92,
            "percUNK": 291.06,
            "l": 0.005907787987636726,
            "u": 0.9892710726291298
        },
        "~a_8": {
            "yes": 300,
            "no": 121,
            "undecided": 251,
            "unknown": 19,
            "pyes": 0.0003799186893022837,
            "pno": 0.015172030942616476,
            "pundecided": 0.003515185565726299,
            "punknown": 1.48879316103841e-08,
            "time": 29.39709448814392,
            "delp_calls": 691,
            "percY": 4158.0,
            "percN": 1677.06,
            "percU": 3478.86,
            "percUNK": 263.34,
            "l": 0.0003799186893022837,
            "u": 0.9848279690573836
        }
    },
    "data": {
        "n_samples": 1386,
        "time": 120.21675324440002,
        "repeated_programs": 0,
        "inconsistent_programs": 0,
        "worlds_consulted": 17264,
        "delp_calls": 1386
    }
}