{
    "status": {
        "a_9": {
            "yes": 2048,
            "no": 0,
            "undecided": 2048,
            "unknown": 0,
            "pyes": 0.8974415377999995,
            "pno": 0.0,
            "pundecided": 0.10255846220000008,
            "punknown": 0.0,
            "time": 236.03863906860352,
            "delp_calls": 256,
            "percY": 937816514.56,
            "percN": 0.0,
            "percU": 937816514.56,
            "percUNK": 0.0,
            "l": 0.8974415377999995,
            "u": 1.0,
            "flag": "INTEREST"
        },
        "a_8": {
            "yes": 768,
            "no": 1280,
            "undecided": 2048,
            "unknown": 0,
            "pyes": 0.8229215285999999,
            "pno": 0.07452000920000004,
            "pundecided": 0.10255846219999999,
            "punknown": 0.0,
            "time": 242.16058731079102,
            "delp_calls": 256,
            "percY": 351681192.96,
            "percN": 586135321.6,
            "percU": 937816514.56,
            "percUNK": 0.0,
            "l": 0.8229215285999999,
            "u": 0.9254799908,
            "flag": "INTEREST"
        },
        "a_7": {
            "yes": 1152,
            "no": 896,
            "undecided": 2048,
            "unknown": 0,
            "pyes": 0.9015345915840003,
            "pno": 0.09747640841599993,
            "pundecided": 0.0009889999999999994,
            "punknown": 0.0,
            "time": 242.7696762084961,
            "delp_calls": 256,
            "percY": 527521789.44,
            "percN": 410294725.12,
            "percU": 937816514.56,
            "percUNK": 0.0,
            "l": 0.9015345915840003,
            "u": 0.9025235915840001,
            "flag": "INTEREST"
        }
    },
    "data": {
        "n_samples": 45791822,
        "time": 900.0000336170197,
        "repeated_worlds": 45779534,
        "repeated_progs": 45791054,
        "unique_progs": 768,
        "delp_calls": 768
    }
}