{
    "status": {
        "a_15": {
            "yes": 3072,
            "no": 1024,
            "undecided": 0,
            "unknown": 0,
            "pyes": 0.021187796888000005,
            "pno": 0.9788122031120011,
            "pundecided": 0.0,
            "punknown": 0.0,
            "time": 212.5326771736145,
            "delp_calls": 4096,
            "percY": 184247470.08,
            "percN": 61415823.36,
            "percU": 0.0,
            "percUNK": 0.0,
            "l": 0.021187796888000005,
            "u": 0.021187796887998878,
            "flag": "INTEREST"
        }
    },
    "data": {
        "n_samples": 5997639,
        "time": 300.0000054836273,
        "repeated_worlds": 5993543,
        "repeated_progs": 5993543,
        "unique_progs": 4096,
        "delp_calls": 4096
    }
}