{
    "status": {
        "~d_16": {
            "yes": 131072,
            "no": 0,
            "undecided": 131072,
            "unknown": 0,
            "pyes": 0.8982727171660047,
            "pno": 0.0,
            "pundecided": 0.10172728283391982,
            "punknown": 0.0,
            "time": 10581.98568725586,
            "delp_calls": 2048,
            "percY": 31431570227.2,
            "percN": 0.0,
            "percU": 31431570227.2,
            "percUNK": 0.0,
            "l": 0.8982727171660047,
            "u": 1.0,
            "flag": "INTEREST"
        },
        "a_8": {
            "yes": 49152,
            "no": 81920,
            "undecided": 131072,
            "unknown": 0,
            "pyes": 0.7506105433326997,
            "pno": 0.17253558930401666,
            "pundecided": 0.07685386736327035,
            "punknown": 0.0,
            "time": 11875.145050048828,
            "delp_calls": 2048,
            "percY": 11786838835.2,
            "percN": 19644731392.0,
            "percU": 31431570227.2,
            "percUNK": 0.0,
            "l": 0.7506105433326997,
            "u": 0.8274644106959833,
            "flag": "INTEREST"
        },
        "a_7": {
            "yes": 114688,
            "no": 16384,
            "undecided": 131072,
            "unknown": 0,
            "pyes": 0.8978489569756483,
            "pno": 0.007731043024320024,
            "pundecided": 0.09441999999999266,
            "punknown": 0.0,
            "time": 13089.149627685547,
            "delp_calls": 2048,
            "percY": 27502623948.8,
            "percN": 3928946278.4,
            "percU": 31431570227.2,
            "percUNK": 0.0,
            "l": 0.8978489569756483,
            "u": 0.99226895697568,
            "flag": "INTEREST"
        }
    },
    "data": {
        "n_samples": 23980385,
        "time": 900.0000207424164,
        "repeated_worlds": 23193953,
        "repeated_progs": 23974241,
        "unique_progs": 6144,
        "delp_calls": 6144
    }
}