{
    "status": {
        "d_21": {
            "yes": 190,
            "no": 0,
            "undecided": 0,
            "unknown": 0,
            "pyes": 0.0017084214630175996,
            "pno": 0.0,
            "pundecided": 0.0,
            "punknown": 0.0,
            "time": 7.816086053848267,
            "delp_calls": 760,
            "percY": 1444.0,
            "percN": 0.0,
            "percU": 0.0,
            "percUNK": 0.0,
            "l": 0.0017084214630175996,
            "u": 1.0
        }
    },
    "data": {
        "n_samples": 760,
        "time": 60.084758281707764,
        "repeated_programs": 0,
        "inconsistent_programs": 570,
        "worlds_consulted": 181,
        "delp_calls": 760
    }
}