{
    "status": {
        "d_21": {
            "yes": 1274,
            "no": 0,
            "undecided": 0,
            "unknown": 0,
            "pyes": 0.022232883200092788,
            "pno": 0.0,
            "pundecided": 0.0,
            "punknown": 0.0,
            "time": 58.346121072769165,
            "delp_calls": 1243,
            "percY": 19237.4,
            "percN": 0.0,
            "percU": 0.0,
            "percUNK": 0.0,
            "l": 0.022232883200092788,
            "u": 1.0
        }
    },
    "data": {
        "n_samples": 1510,
        "time": 60.02394461631775,
        "repeated_worlds": 236,
        "repeated_progs": 267,
        "unique_progs": 1243,
        "delp_calls": 1243
    }
}