{
    "status": {
        "~d_12": {
            "yes": 4096,
            "no": 0,
            "undecided": 0,
            "unknown": 0,
            "pyes": 1.0000000000000016,
            "pno": 0.0,
            "pundecided": 0.0,
            "punknown": 0.0,
            "time": 183.58759117126465,
            "delp_calls": 98,
            "percY": 465889157.12,
            "percN": 0.0,
            "percU": 0.0,
            "percUNK": 0.0,
            "l": 1.0000000000000016,
            "u": 1.0,
            "flag": "INTEREST"
        },
        "~a_6": {
            "yes": 3072,
            "no": 0,
            "undecided": 1024,
            "unknown": 0,
            "pyes": 0.9582714692000003,
            "pno": 0.0,
            "pundecided": 0.0417285308,
            "punknown": 0.0,
            "time": 170.05462646484375,
            "delp_calls": 98,
            "percY": 349416867.84,
            "percN": 0.0,
            "percU": 116472289.28,
            "percUNK": 0.0,
            "l": 0.9582714692000003,
            "u": 1.0,
            "flag": "INTEREST"
        },
        "a_7": {
            "yes": 0,
            "no": 3072,
            "undecided": 1024,
            "unknown": 0,
            "pyes": 0.0,
            "pno": 0.9582714692000006,
            "pundecided": 0.04172853079999988,
            "punknown": 0.0,
            "time": 175.55130767822266,
            "delp_calls": 98,
            "percY": 0.0,
            "percN": 349416867.84,
            "percU": 116472289.28,
            "percUNK": 0.0,
            "l": 0.0,
            "u": 0.041728530799999386,
            "flag": "INTEREST"
        }
    },
    "data": {
        "n_samples": 11374247,
        "time": 180.0000171661377,
        "repeated_worlds": 11361959,
        "repeated_progs": 11373953,
        "unique_progs": 294,
        "delp_calls": 294
    }
}