{
    "status": {
        "~a_0": {
            "yes": 262144,
            "no": 0,
            "undecided": 0,
            "unknown": 0,
            "pyes": 0.9999999999999348,
            "pno": 0.0,
            "pundecided": 0.0,
            "punknown": 0.0,
            "time": 10918.661926269531,
            "delp_calls": 280,
            "percY": 107155305267.2,
            "percN": 0.0,
            "percU": 0.0,
            "percUNK": 0.0,
            "l": 0.9999999999999348,
            "u": 1.0,
            "flag": "INTEREST"
        },
        "a_6": {
            "yes": 65536,
            "no": 0,
            "undecided": 196608,
            "unknown": 0,
            "pyes": 0.8432980732799938,
            "pno": 0.0,
            "pundecided": 0.15670192671999905,
            "punknown": 0.0,
            "time": 12151.346099853516,
            "delp_calls": 280,
            "percY": 26788826316.8,
            "percN": 0.0,
            "percU": 80366478950.4,
            "percUNK": 0.0,
            "l": 0.8432980732799938,
            "u": 1.0,
            "flag": "INTEREST"
        },
        "a_7": {
            "yes": 6144,
            "no": 59392,
            "undecided": 196608,
            "unknown": 0,
            "pyes": 0.05899730475749665,
            "pno": 0.7843007685224987,
            "pundecided": 0.15670192672000108,
            "punknown": 0.0,
            "time": 13712.657409667969,
            "delp_calls": 280,
            "percY": 2511452467.2,
            "percN": 24277373849.6,
            "percU": 80366478950.4,
            "percUNK": 0.0,
            "l": 0.05899730475749665,
            "u": 0.21569923147750125,
            "flag": "INTEREST"
        }
    },
    "data": {
        "n_samples": 40876505,
        "time": 900.0000107288361,
        "repeated_worlds": 40090073,
        "repeated_progs": 40875665,
        "unique_progs": 840,
        "delp_calls": 840
    }
}