{
    "status": {
        "d_77": {
            "yes": 1590,
            "no": 0,
            "undecided": 0,
            "unknown": 0,
            "pyes": 0.0025623031903696755,
            "pno": 0.0,
            "pundecided": 0.0,
            "punknown": 0.0,
            "time": 68.09051418304443,
            "delp_calls": 2150,
            "percY": 68036.1,
            "percN": 0.0,
            "percU": 0.0,
            "percUNK": 0.0,
            "l": 0.0025623031903696755,
            "u": 1.0
        },
        "a_13": {
            "yes": 1157,
            "no": 0,
            "undecided": 0,
            "unknown": 395,
            "pyes": 0.00030546887404687604,
            "pno": 0.0,
            "pundecided": 0.0,
            "punknown": 2.9440943487611632e-05,
            "time": 67.66096782684326,
            "delp_calls": 2129,
            "percY": 49508.03,
            "percN": 0.0,
            "percU": 0.0,
            "percUNK": 16902.05,
            "l": 0.00030546887404687604,
            "u": 1.0
        }
    },
    "data": {
        "n_samples": 4279,
        "time": 600.0583829879761,
        "repeated_programs": 0,
        "inconsistent_programs": 1137,
        "worlds_consulted": 4359,
        "delp_calls": 4279
    }
}