{
    "status": {
        "d_45": {
            "yes": 1360,
            "no": 0,
            "undecided": 0,
            "unknown": 0,
            "pyes": 0.7433560715417743,
            "pno": 0.0,
            "pundecided": 0.0,
            "punknown": 0.0,
            "time": 60.434964656829834,
            "delp_calls": 1283,
            "percY": 44798.4,
            "percN": 0.0,
            "percU": 0.0,
            "percUNK": 0.0,
            "l": 0.7433560715417743,
            "u": 1.0,
            "flag": "INTEREST"
        },
        "a_16": {
            "yes": 996,
            "no": 0,
            "undecided": 349,
            "unknown": 0,
            "pyes": 0.6424709161734165,
            "pno": 0.0,
            "pundecided": 0.007040566147791628,
            "punknown": 0.0,
            "time": 60.66553735733032,
            "delp_calls": 1267,
            "percY": 32808.24,
            "percN": 0.0,
            "percU": 11496.06,
            "percUNK": 0.0,
            "l": 0.6424709161734165,
            "u": 1.0,
            "flag": "INTEREST"
        }
    },
    "data": {
        "n_samples": 3294,
        "time": 120.07737755775452,
        "repeated_worlds": 589,
        "repeated_progs": 744,
        "unique_progs": 2550,
        "delp_calls": 2550
    }
}