{
    "status": {
        "d_62": {
            "yes": 484,
            "no": 0,
            "undecided": 0,
            "unknown": 0,
            "pyes": 0.015569273902118212,
            "pno": 0.0,
            "pundecided": 0.0,
            "punknown": 0.0,
            "time": 22.28446936607361,
            "delp_calls": 639,
            "percY": 3092.76,
            "percN": 0.0,
            "percU": 0.0,
            "percUNK": 0.0,
            "l": 0.015569273902118212,
            "u": 1.0
        }
    },
    "data": {
        "n_samples": 639,
        "time": 60.08811330795288,
        "repeated_programs": 0,
        "inconsistent_programs": 155,
        "worlds_consulted": 525,
        "delp_calls": 639
    }
}