{
    "status": {
        "d_62": {
            "yes": 1262,
            "no": 0,
            "undecided": 0,
            "unknown": 0,
            "pyes": 0.19987728532255705,
            "pno": 0.0,
            "pundecided": 0.0,
            "punknown": 0.0,
            "time": 59.900681257247925,
            "delp_calls": 1196,
            "percY": 19094.06,
            "percN": 0.0,
            "percU": 0.0,
            "percUNK": 0.0,
            "l": 0.19987728532255705,
            "u": 1.0
        }
    },
    "data": {
        "n_samples": 1513,
        "time": 60.03553819656372,
        "repeated_worlds": 251,
        "repeated_progs": 317,
        "unique_progs": 1196,
        "delp_calls": 1196
    }
}