{
    "status": {
        "d_18": {
            "yes": 1606,
            "no": 0,
            "undecided": 1552,
            "unknown": 0,
            "pyes": 0.2960721322252398,
            "pno": 0.0,
            "pundecided": 0.006042288412760001,
            "punknown": 0.0,
            "time": 139.5881953239441,
            "delp_calls": 6013,
            "percY": 290220.26,
            "percN": 0.0,
            "percU": 280461.92,
            "percUNK": 0.0,
            "l": 0.2960721322252398,
            "u": 1.0
        },
        "a_8": {
            "yes": 956,
            "no": 701,
            "undecided": 1501,
            "unknown": 0,
            "pyes": 0.27334121024612984,
            "pno": 0.0018359797148699995,
            "pundecided": 0.026936988619828923,
            "punknown": 0.0,
            "time": 139.4441590309143,
            "delp_calls": 6018,
            "percY": 172758.76,
            "percN": 126677.71,
            "percU": 271245.71,
            "percUNK": 0.0,
            "l": 0.27334121024612984,
            "u": 0.99816402028513
        },
        "~a_8": {
            "yes": 656,
            "no": 954,
            "undecided": 1537,
            "unknown": 0,
            "pyes": 0.0018375252380570773,
            "pno": 0.2733396645375203,
            "pundecided": 0.026935177468810467,
            "punknown": 0.0,
            "time": 138.5310754776001,
            "delp_calls": 6040,
            "percY": 118545.76,
            "percN": 172397.34,
            "percU": 277751.27,
            "percUNK": 0.0,
            "l": 0.0018375252380570773,
            "u": 0.7266603354624797
        }
    },
    "data": {
        "n_samples": 18071,
        "time": 900.1111767292023,
        "repeated_programs": 0,
        "inconsistent_programs": 8608,
        "worlds_consulted": 1532,
        "delp_calls": 18071
    }
}