{
    "status": {
        "d_18": {
            "yes": 131072,
            "no": 0,
            "undecided": 131072,
            "unknown": 0,
            "pyes": 0.9799999999999436,
            "pno": 0.0,
            "pundecided": 0.019999999999998987,
            "punknown": 0.0,
            "time": 10629.570007324219,
            "delp_calls": 1024,
            "percY": 47263801671.68,
            "percN": 0.0,
            "percU": 47263801671.68,
            "percUNK": 0.0,
            "l": 0.9799999999999436,
            "u": 1.0,
            "flag": "INTEREST"
        },
        "a_8": {
            "yes": 81920,
            "no": 49152,
            "undecided": 131072,
            "unknown": 0,
            "pyes": 0.8887277729999721,
            "pno": 0.006772226999999813,
            "pundecided": 0.1044999999999905,
            "punknown": 0.0,
            "time": 11896.401062011719,
            "delp_calls": 1024,
            "percY": 29539876044.8,
            "percN": 17723925626.88,
            "percU": 47263801671.68,
            "percUNK": 0.0,
            "l": 0.8887277729999721,
            "u": 0.9932277730000002,
            "flag": "INTEREST"
        },
        "~a_8": {
            "yes": 49152,
            "no": 81920,
            "undecided": 131072,
            "unknown": 0,
            "pyes": 0.006772226999999941,
            "pno": 0.8887277729999773,
            "pundecided": 0.10449999999999722,
            "punknown": 0.0,
            "time": 13012.41552734375,
            "delp_calls": 1024,
            "percY": 17723925626.88,
            "percN": 29539876044.8,
            "percU": 47263801671.68,
            "percUNK": 0.0,
            "l": 0.006772226999999941,
            "u": 0.1112722270000227,
            "flag": "INTEREST"
        }
    },
    "data": {
        "n_samples": 36059419,
        "time": 900.0000207424164,
        "repeated_worlds": 35272987,
        "repeated_progs": 36056347,
        "unique_progs": 3072,
        "delp_calls": 3072
    }
}