{
    "status": {
        "~d_77": {
            "yes": 218,
            "no": 0,
            "undecided": 212,
            "unknown": 0,
            "pyes": 0.08964777437856142,
            "pno": 0.0,
            "pundecided": 0.004962985574188492,
            "punknown": 0.0,
            "time": 18.143678426742554,
            "delp_calls": 851,
            "percY": 1855.18,
            "percN": 0.0,
            "percU": 1804.12,
            "percUNK": 0.0,
            "l": 0.08964777437856142,
            "u": 1.0
        }
    },
    "data": {
        "n_samples": 851,
        "time": 60.05617380142212,
        "repeated_programs": 0,
        "inconsistent_programs": 421,
        "worlds_consulted": 397,
        "delp_calls": 851
    }
}