{
    "status": {
        "~d_50": {
            "yes": 3584,
            "no": 0,
            "undecided": 64,
            "unknown": 448,
            "pyes": 0.9976942519199989,
            "pno": 0.0,
            "pundecided": 1.6664816812089593e-05,
            "punknown": 0.002289083263187904,
            "time": 163.3070604801178,
            "delp_calls": 4096,
            "percY": 978959349.76,
            "percN": 0.0,
            "percU": 17481416.96,
            "percUNK": 122369918.72,
            "l": 0.9976942519199989,
            "u": 1.0,
            "flag": "INTEREST"
        },
        "a_13": {
            "yes": 1322,
            "no": 0,
            "undecided": 2762,
            "unknown": 12,
            "pyes": 0.9305034253151165,
            "pno": 0.0,
            "pundecided": 0.06949657448809624,
            "punknown": 1.967874048e-10,
            "time": 161.976975440979,
            "delp_calls": 4096,
            "percY": 361100519.08,
            "percN": 0.0,
            "percU": 754432400.68,
            "percUNK": 3277765.68,
            "l": 0.9305034253151165,
            "u": 1.0,
            "flag": "INTEREST"
        },
        "a_16": {
            "yes": 1788,
            "no": 302,
            "undecided": 2006,
            "unknown": 0,
            "pyes": 0.9315954228557635,
            "pno": 0.05703037008135837,
            "pundecided": 0.011374207062878837,
            "punknown": 0.0,
            "time": 166.6552107334137,
            "delp_calls": 4096,
            "percY": 488387086.32,
            "percN": 82490436.28,
            "percU": 547933162.84,
            "percUNK": 0.0,
            "l": 0.9315954228557635,
            "u": 0.9429696299186416,
            "flag": "INTEREST"
        }
    },
    "data": {
        "n_samples": 27314714,
        "time": 900.0000092983246,
        "repeated_worlds": 27302426,
        "repeated_progs": 27302426,
        "unique_progs": 12288,
        "delp_calls": 12288
    }
}