{
    "status": {
        "~d_45": {
            "yes": 3584,
            "no": 0,
            "undecided": 320,
            "unknown": 192,
            "pyes": 0.9093697017212642,
            "pno": 0.0,
            "pundecided": 0.09062782938920881,
            "punknown": 2.4688895256000002e-06,
            "time": 164.1902117729187,
            "delp_calls": 4096,
            "percY": 336557670.4,
            "percN": 0.0,
            "percU": 30049792.0,
            "percUNK": 18029875.2,
            "l": 0.9093697017212642,
            "u": 1.0,
            "flag": "INTEREST"
        }
    },
    "data": {
        "n_samples": 9390560,
        "time": 300.00000619888306,
        "repeated_worlds": 9386464,
        "repeated_progs": 9386464,
        "unique_progs": 4096,
        "delp_calls": 4096
    }
}