{
    "status": {
        "d_15": {
            "yes": 152,
            "no": 0,
            "undecided": 0,
            "unknown": 0,
            "pyes": 0.08308535905281654,
            "pno": 0.0,
            "pundecided": 0.0,
            "punknown": 0.0,
            "time": 7.522155284881592,
            "delp_calls": 152,
            "percY": 495.52,
            "percN": 0.0,
            "percU": 0.0,
            "percUNK": 0.0,
            "l": 0.08308535905281654,
            "u": 1.0
        },
        "a_8": {
            "yes": 0,
            "no": 113,
            "undecided": 61,
            "unknown": 0,
            "pyes": 0.0,
            "pno": 0.07121327122432052,
            "pundecided": 0.004857286350169051,
            "punknown": 0.0,
            "time": 8.7693030834198,
            "delp_calls": 174,
            "percY": 0.0,
            "percN": 368.38,
            "percU": 198.86,
            "percUNK": 0.0,
            "l": 0.0,
            "u": 0.9287867287756795
        }
    },
    "data": {
        "n_samples": 326,
        "time": 121.46867871284485,
        "repeated_programs": 0,
        "inconsistent_programs": 0,
        "worlds_consulted": 24456,
        "delp_calls": 326
    }
}