{
    "status": {
        "~a_0": {
            "yes": 1331,
            "no": 0,
            "undecided": 0,
            "unknown": 794,
            "pyes": 0.6216469455874661,
            "pno": 0.0,
            "pundecided": 0.0,
            "punknown": 0.04173055932106926,
            "time": 99.68087029457092,
            "delp_calls": 1216,
            "percY": 40728.6,
            "percN": 0.0,
            "percU": 0.0,
            "percUNK": 24296.4,
            "l": 0.6216469455874661,
            "u": 1.0,
            "flag": "INTEREST"
        }
    },
    "data": {
        "n_samples": 3060,
        "time": 60.00335621833801,
        "repeated_worlds": 935,
        "repeated_progs": 1844,
        "unique_progs": 1216,
        "delp_calls": 1216
    }
}