{
    "status": {
        "~d_25": {
            "yes": 1234,
            "no": 0,
            "undecided": 1307,
            "unknown": 0,
            "pyes": 0.015809567252429813,
            "pno": 0.0,
            "pundecided": 0.005730480696990347,
            "punknown": 0.0,
            "time": 100.76256132125854,
            "delp_calls": 4932,
            "percY": 60860.88,
            "percN": 0.0,
            "percU": 64461.24,
            "percUNK": 0.0,
            "l": 0.015809567252429813,
            "u": 1.0
        }
    },
    "data": {
        "n_samples": 4932,
        "time": 300.06635093688965,
        "repeated_programs": 0,
        "inconsistent_programs": 2391,
        "worlds_consulted": 1461,
        "delp_calls": 4932
    }
}