{
    "status": {
        "~a_3": {
            "yes": 1388,
            "no": 0,
            "undecided": 0,
            "unknown": 0,
            "pyes": 0.8785175332313462,
            "pno": 0.0,
            "pundecided": 0.0,
            "punknown": 0.0,
            "time": 63.88243651390076,
            "delp_calls": 1388,
            "percY": 19265.44,
            "percN": 0.0,
            "percU": 0.0,
            "percUNK": 0.0,
            "l": 0.8785175332313462,
            "u": 1.0,
            "flag": "INTEREST"
        }
    },
    "data": {
        "n_samples": 1388,
        "time": 303.99336338043213,
        "repeated_programs": 0,
        "inconsistent_programs": 0,
        "worlds_consulted": 27768,
        "delp_calls": 1388
    }
}