{
    "status": {
        "~d_23": {
            "yes": 2560,
            "no": 0,
            "undecided": 1344,
            "unknown": 192,
            "pyes": 0.9260725664496003,
            "pno": 0.0,
            "pundecided": 0.0737298744542476,
            "punknown": 0.00019755909615243777,
            "time": 163.67585921287537,
            "delp_calls": 4096,
            "percY": 209269068.8,
            "percN": 0.0,
            "percU": 109866261.12,
            "percUNK": 15695180.16,
            "l": 0.9260725664496003,
            "u": 1.0,
            "flag": "INTEREST"
        }
    },
    "data": {
        "n_samples": 8174573,
        "time": 300.0000123977661,
        "repeated_worlds": 8170477,
        "repeated_progs": 8170477,
        "unique_progs": 4096,
        "delp_calls": 4096
    }
}