{
    "status": {
        "~d_23": {
            "yes": 631,
            "no": 0,
            "undecided": 331,
            "unknown": 48,
            "pyes": 0.04772883509664495,
            "pno": 0.0,
            "pundecided": 0.0546976213387558,
            "punknown": 8.417579616999968e-06,
            "time": 39.78221654891968,
            "delp_calls": 1010,
            "percY": 6373.1,
            "percN": 0.0,
            "percU": 3343.1,
            "percUNK": 484.8,
            "l": 0.04772883509664495,
            "u": 1.0
        }
    },
    "data": {
        "n_samples": 1010,
        "time": 300.2577757835388,
        "repeated_programs": 0,
        "inconsistent_programs": 0,
        "worlds_consulted": 900,
        "delp_calls": 1010
    }
}