{
    "status": {
        "a_3": {
            "yes": 970,
            "no": 0,
            "undecided": 0,
            "unknown": 939,
            "pyes": 0.0012584685125944077,
            "pno": 0.0,
            "pundecided": 0.0,
            "punknown": 7.304651825030042e-06,
            "time": 90.40704393386841,
            "delp_calls": 1204,
            "percY": 59674.4,
            "percN": 0.0,
            "percU": 0.0,
            "percUNK": 57767.28,
            "l": 0.0012584685125944077,
            "u": 1.0
        },
        "~a_6": {
            "yes": 1005,
            "no": 0,
            "undecided": 974,
            "unknown": 0,
            "pyes": 1.756077411657576e-05,
            "pno": 0.0,
            "pundecided": 4.478029133795446e-05,
            "punknown": 0.0,
            "time": 89.4929621219635,
            "delp_calls": 1260,
            "percY": 61827.6,
            "percN": 0.0,
            "percU": 59920.48,
            "percUNK": 0.0,
            "l": 1.756077411657576e-05,
            "u": 1.0
        },
        "a_8": {
            "yes": 879,
            "no": 268,
            "undecided": 1085,
            "unknown": 0,
            "pyes": 0.0005709717497631503,
            "pno": 0.00036219318255886486,
            "pundecided": 7.396669316479187e-06,
            "punknown": 0.0,
            "time": 93.51498699188232,
            "delp_calls": 1355,
            "percY": 54076.08,
            "percN": 16487.36,
            "percU": 66749.2,
            "percUNK": 0.0,
            "l": 0.0005709717497631503,
            "u": 0.9996378068174412
        }
    },
    "data": {
        "n_samples": 6152,
        "time": 180.08320498466492,
        "repeated_worlds": 32,
        "repeated_progs": 2333,
        "unique_progs": 3819,
        "delp_calls": 3819
    }
}