{
    "status": {
        "a_0": {
            "yes": 1721,
            "no": 0,
            "undecided": 0,
            "unknown": 1636,
            "pyes": 0.06439999999999999,
            "pno": 0.0,
            "pundecided": 0.0,
            "punknown": 0.0056,
            "time": 136.89533710479736,
            "delp_calls": 6603,
            "percY": 113637.63,
            "percN": 0.0,
            "percU": 0.0,
            "percUNK": 108025.08,
            "l": 0.06439999999999999,
            "u": 1.0
        }
    },
    "data": {
        "n_samples": 6603,
        "time": 300.0003516674042,
        "repeated_programs": 0,
        "inconsistent_programs": 3246,
        "worlds_consulted": 128,
        "delp_calls": 6603
    }
}