{
    "status": {
        "a_0": {
            "yes": 131072,
            "no": 0,
            "undecided": 0,
            "unknown": 131072,
            "pyes": 0.9199999999999812,
            "pno": 0.0,
            "pundecided": 0.0,
            "punknown": 0.07999999999999619,
            "time": 10418.633544921875,
            "delp_calls": 256,
            "percY": 18944616038.4,
            "percN": 0.0,
            "percU": 0.0,
            "percUNK": 18944616038.4,
            "l": 0.9199999999999812,
            "u": 1.0,
            "flag": "INTEREST"
        }
    },
    "data": {
        "n_samples": 14453595,
        "time": 300.000009059906,
        "repeated_worlds": 14191451,
        "repeated_progs": 14453339,
        "unique_progs": 256,
        "delp_calls": 256
    }
}