{
    "status": {
        "~d_16": {
            "yes": 1534,
            "no": 0,
            "undecided": 1549,
            "unknown": 548,
            "pyes": 0.004315915849132798,
            "pno": 0.0,
            "pundecided": 0.017550370737011198,
            "punknown": 0.000133713413856,
            "time": 157.13506293296814,
            "delp_calls": 3926,
            "percY": 60224.84,
            "percN": 0.0,
            "percU": 60813.74,
            "percUNK": 21514.48,
            "l": 0.004315915849132798,
            "u": 1.0
        }
    },
    "data": {
        "n_samples": 3926,
        "time": 300.03214502334595,
        "repeated_programs": 0,
        "inconsistent_programs": 295,
        "worlds_consulted": 12400,
        "delp_calls": 3926
    }
}