{
    "status": {
        "~d_16": {
            "yes": 65536,
            "no": 0,
            "undecided": 159744,
            "unknown": 36864,
            "pyes": 0.8042081191395413,
            "pno": 0.0,
            "pundecided": 0.18781425096658022,
            "punknown": 0.007977629893878003,
            "time": 11592.331466674805,
            "delp_calls": 420,
            "percY": 8708112384.0,
            "percN": 0.0,
            "percU": 21226023936.0,
            "percUNK": 4898313216.0,
            "l": 0.8042081191395413,
            "u": 1.0,
            "flag": "INTEREST"
        }
    },
    "data": {
        "n_samples": 13287525,
        "time": 300.0000114440918,
        "repeated_worlds": 13025381,
        "repeated_progs": 13287105,
        "unique_progs": 420,
        "delp_calls": 420
    }
}