{
    "status": {
        "~d_66": {
            "yes": 4096,
            "no": 0,
            "undecided": 0,
            "unknown": 0,
            "pyes": 1.0000000000000004,
            "pno": 0.0,
            "pundecided": 0.0,
            "punknown": 0.0,
            "time": 168.2027142047882,
            "delp_calls": 3728,
            "percY": 858582097.92,
            "percN": 0.0,
            "percU": 0.0,
            "percUNK": 0.0,
            "l": 1.0000000000000004,
            "u": 1.0,
            "flag": "INTEREST"
        },
        "~a_18": {
            "yes": 4096,
            "no": 0,
            "undecided": 0,
            "unknown": 0,
            "pyes": 1.0000000000000009,
            "pno": 0.0,
            "pundecided": 0.0,
            "punknown": 0.0,
            "time": 232.56669735908508,
            "delp_calls": 3728,
            "percY": 858582097.92,
            "percN": 0.0,
            "percU": 0.0,
            "percUNK": 0.0,
            "l": 1.0000000000000009,
            "u": 1.0,
            "flag": "INTEREST"
        },
        "a_18": {
            "yes": 0,
            "no": 4096,
            "undecided": 0,
            "unknown": 0,
            "pyes": 0.0,
            "pno": 1.0000000000000009,
            "pundecided": 0.0,
            "punknown": 0.0,
            "time": 247.12960243225098,
            "delp_calls": 3728,
            "percY": 0.0,
            "percN": 858582097.92,
            "percU": 0.0,
            "percUNK": 0.0,
            "l": 0.0,
            "u": -8.881784197001252e-16,
            "flag": "INTEREST"
        }
    },
    "data": {
        "n_samples": 20961477,
        "time": 900.0000252723694,
        "repeated_worlds": 20949189,
        "repeated_progs": 20950293,
        "unique_progs": 11184,
        "delp_calls": 11184
    }
}