{
    "status": {
        "a_9": {
            "yes": 1680,
            "no": 2551,
            "undecided": 0,
            "unknown": 0,
            "pyes": 0.1341339683140124,
            "pno": 0.03085519008598758,
            "pundecided": 0.0,
            "punknown": 0.0,
            "time": 263.40823912620544,
            "delp_calls": 4231,
            "percY": 71080.8,
            "percN": 107932.81,
            "percU": 0.0,
            "percUNK": 0.0,
            "l": 0.1341339683140124,
            "u": 0.9691448099140124
        }
    },
    "data": {
        "n_samples": 4231,
        "time": 300.0600628852844,
        "repeated_programs": 0,
        "inconsistent_programs": 0,
        "worlds_consulted": 768,
        "delp_calls": 4231
    }
}