{
    "status": {
        "~d_14": {
            "yes": 2673,
            "no": 0,
            "undecided": 0,
            "unknown": 0,
            "pyes": 0.9999999999999998,
            "pno": 0.0,
            "pundecided": 0.0,
            "punknown": 0.0,
            "time": 133.44184827804565,
            "delp_calls": 2673,
            "percY": 209643.39,
            "percN": 0.0,
            "percU": 0.0,
            "percUNK": 0.0,
            "l": 0.9999999999999998,
            "u": 1.0,
            "flag": "INTEREST"
        },
        "a_7": {
            "yes": 1358,
            "no": 908,
            "undecided": 361,
            "unknown": 0,
            "pyes": 0.4001421166523441,
            "pno": 0.5316512100262857,
            "pundecided": 0.06524408041980483,
            "punknown": 0.0,
            "time": 133.32314252853394,
            "delp_calls": 2627,
            "percY": 106507.94,
            "percN": 71214.44,
            "percU": 28313.23,
            "percUNK": 0.0,
            "l": 0.4001421166523441,
            "u": 0.4683487899737143,
            "flag": "INTEREST"
        },
        "~a_9": {
            "yes": 1765,
            "no": 0,
            "undecided": 778,
            "unknown": 0,
            "pyes": 0.6569133325318648,
            "pno": 0.0,
            "pundecided": 0.342501610869234,
            "punknown": 0.0,
            "time": 132.11351132392883,
            "delp_calls": 2543,
            "percY": 138428.95,
            "percN": 0.0,
            "percU": 61018.54,
            "percUNK": 0.0,
            "l": 0.6569133325318648,
            "u": 1.0,
            "flag": "INTEREST"
        }
    },
    "data": {
        "n_samples": 7843,
        "time": 900.34055519104,
        "repeated_programs": 0,
        "inconsistent_programs": 0,
        "worlds_consulted": 48879,
        "delp_calls": 7843
    }
}