{
    "status": {
        "a_1": {
            "yes": 4096,
            "no": 0,
            "undecided": 0,
            "unknown": 0,
            "pyes": 0.9999999999999984,
            "pno": 0.0,
            "pundecided": 0.0,
            "punknown": 0.0,
            "time": 160.23124313354492,
            "delp_calls": 65,
            "percY": 2344532705.28,
            "percN": 0.0,
            "percU": 0.0,
            "percUNK": 0.0,
            "l": 0.9999999999999984,
            "u": 1.0,
            "flag": "INTEREST"
        },
        "~a_7": {
            "yes": 1792,
            "no": 2304,
            "undecided": 0,
            "unknown": 0,
            "pyes": 0.13119545098100246,
            "pno": 0.8688045490189974,
            "pundecided": 0.0,
            "punknown": 0.0,
            "time": 170.75722885131836,
            "delp_calls": 65,
            "percY": 1025733058.56,
            "percN": 1318799646.72,
            "percU": 0.0,
            "percUNK": 0.0,
            "l": 0.13119545098100246,
            "u": 0.1311954509810026,
            "flag": "INTEREST"
        },
        "~a_8": {
            "yes": 2048,
            "no": 2048,
            "undecided": 0,
            "unknown": 0,
            "pyes": 0.08027583645150992,
            "pno": 0.9197241635484906,
            "pundecided": 0.0,
            "punknown": 0.0,
            "time": 172.0798110961914,
            "delp_calls": 65,
            "percY": 1172266352.64,
            "percN": 1172266352.64,
            "percU": 0.0,
            "percUNK": 0.0,
            "l": 0.08027583645150992,
            "u": 0.08027583645150937,
            "flag": "INTEREST"
        }
    },
    "data": {
        "n_samples": 57239568,
        "time": 900.0000166893005,
        "repeated_worlds": 57227280,
        "repeated_progs": 57239373,
        "unique_progs": 195,
        "delp_calls": 195
    }
}