{
    "status": {
        "~a_16": {
            "yes": 783,
            "no": 0,
            "undecided": 179,
            "unknown": 0,
            "pyes": 0.5822394124383145,
            "pno": 0.0,
            "pundecided": 0.023698864946084506,
            "punknown": 0.0,
            "time": 57.90520906448364,
            "delp_calls": 957,
            "percY": 19582.83,
            "percN": 0.0,
            "percU": 4476.79,
            "percUNK": 0.0,
            "l": 0.5822394124383145,
            "u": 1.0,
            "flag": "INTEREST"
        },
        "~a_14": {
            "yes": 749,
            "no": 440,
            "undecided": 0,
            "unknown": 0,
            "pyes": 0.07933239180989582,
            "pno": 0.06102476907598756,
            "pundecided": 0.0,
            "punknown": 0.0,
            "time": 57.459349393844604,
            "delp_calls": 1187,
            "percY": 18732.49,
            "percN": 11004.4,
            "percU": 0.0,
            "percUNK": 0.0,
            "l": 0.07933239180989582,
            "u": 0.9389752309240125
        }
    },
    "data": {
        "n_samples": 2501,
        "time": 120.11452746391296,
        "repeated_worlds": 350,
        "repeated_progs": 357,
        "unique_progs": 2144,
        "delp_calls": 2144
    }
}