{
    "status": {
        "~d_16": {
            "yes": 650,
            "no": 0,
            "undecided": 702,
            "unknown": 0,
            "pyes": 0.9599999999999997,
            "pno": 0.0,
            "pundecided": 0.03999999999999999,
            "punknown": 0.0,
            "time": 54.37634611129761,
            "delp_calls": 1352,
            "percY": 8788.0,
            "percN": 0.0,
            "percU": 9491.04,
            "percUNK": 0.0,
            "l": 0.9599999999999997,
            "u": 1.0,
            "flag": "INTEREST"
        }
    },
    "data": {
        "n_samples": 1352,
        "time": 60.02981162071228,
        "repeated_programs": 0,
        "inconsistent_programs": 0,
        "worlds_consulted": 64,
        "delp_calls": 1352
    }
}