{
    "status": {
        "~d_16": {
            "yes": 1265,
            "no": 0,
            "undecided": 1214,
            "unknown": 68,
            "pyes": 0.0091,
            "pno": 0.0,
            "pundecided": 0.0008999907804566209,
            "punknown": 9.219543379200002e-09,
            "time": 146.48781418800354,
            "delp_calls": 4755,
            "percY": 60150.75,
            "percN": 0.0,
            "percU": 57725.7,
            "percUNK": 3233.4,
            "l": 0.0091,
            "u": 1.0
        }
    },
    "data": {
        "n_samples": 4755,
        "time": 300.0333790779114,
        "repeated_programs": 0,
        "inconsistent_programs": 2208,
        "worlds_consulted": 64,
        "delp_calls": 4755
    }
}