{
    "status": {
        "~d_16": {
            "yes": 2048,
            "no": 0,
            "undecided": 2048,
            "unknown": 0,
            "pyes": 0.9099999999999991,
            "pno": 0.0,
            "pundecided": 0.09000000000000023,
            "punknown": 0.0,
            "time": 244.40653228759766,
            "delp_calls": 128,
            "percY": 273404682.24,
            "percN": 0.0,
            "percU": 273404682.24,
            "percUNK": 0.0,
            "l": 0.9099999999999991,
            "u": 1.0,
            "flag": "INTEREST"
        }
    },
    "data": {
        "n_samples": 13349838,
        "time": 300.0000042915344,
        "repeated_worlds": 13345742,
        "repeated_progs": 13349710,
        "unique_progs": 128,
        "delp_calls": 128
    }
}