{
    "status": {
        "d_15": {
            "yes": 2048,
            "no": 0,
            "undecided": 2048,
            "unknown": 0,
            "pyes": 0.9800000000000001,
            "pno": 0.0,
            "pundecided": 0.020000000000000028,
            "punknown": 0.0,
            "time": 239.13863849639893,
            "delp_calls": 1024,
            "percY": 910920355.84,
            "percN": 0.0,
            "percU": 910920355.84,
            "percUNK": 0.0,
            "l": 0.9800000000000001,
            "u": 1.0,
            "flag": "INTEREST"
        },
        "~a_8": {
            "yes": 1792,
            "no": 256,
            "undecided": 2048,
            "unknown": 0,
            "pyes": 0.13624420818935964,
            "pno": 0.8137557918106401,
            "pundecided": 0.05,
            "punknown": 0.0,
            "time": 185.83507347106934,
            "delp_calls": 1024,
            "percY": 797055311.36,
            "percN": 113865044.48,
            "percU": 910920355.84,
            "percUNK": 0.0,
            "l": 0.13624420818935964,
            "u": 0.18624420818935994,
            "flag": "INTEREST"
        },
        "~a_7": {
            "yes": 1024,
            "no": 1024,
            "undecided": 2048,
            "unknown": 0,
            "pyes": 0.9214999999999992,
            "pno": 0.028499999999999998,
            "pundecided": 0.04999999999999997,
            "punknown": 0.0,
            "time": 182.4203224182129,
            "delp_calls": 1024,
            "percY": 455460177.92,
            "percN": 455460177.92,
            "percU": 910920355.84,
            "percUNK": 0.0,
            "l": 0.9214999999999992,
            "u": 0.9715,
            "flag": "INTEREST"
        }
    },
    "data": {
        "n_samples": 44478533,
        "time": 900.0000455379486,
        "repeated_worlds": 44466245,
        "repeated_progs": 44475461,
        "unique_progs": 3072,
        "delp_calls": 3072
    }
}