{
    "status": {
        "d_15": {
            "yes": 1248,
            "no": 0,
            "undecided": 1188,
            "unknown": 0,
            "pyes": 0.9211470166922672,
            "pno": 0.0,
            "pundecided": 0.018799724554425894,
            "punknown": 0.0,
            "time": 144.4200005531311,
            "delp_calls": 4492,
            "percY": 168342.72,
            "percN": 0.0,
            "percU": 160249.32,
            "percUNK": 0.0,
            "l": 0.9211470166922672,
            "u": 1.0,
            "flag": "INTEREST"
        },
        "~a_8": {
            "yes": 1006,
            "no": 242,
            "undecided": 1217,
            "unknown": 0,
            "pyes": 0.0880740304908297,
            "pno": 0.8026962113742716,
            "pundecided": 0.047000000000000014,
            "punknown": 0.0,
            "time": 142.44994020462036,
            "delp_calls": 4557,
            "percY": 135699.34,
            "percN": 32643.38,
            "percU": 164161.13,
            "percUNK": 0.0,
            "l": 0.0880740304908297,
            "u": 0.1973037886257284,
            "flag": "INTEREST"
        },
        "~a_7": {
            "yes": 595,
            "no": 646,
            "undecided": 1116,
            "unknown": 0,
            "pyes": 0.8662078235954016,
            "pno": 0.026681977159735474,
            "pundecided": 0.04699967821643404,
            "punknown": 0.0,
            "time": 141.1907823085785,
            "delp_calls": 4440,
            "percY": 80259.55,
            "percN": 87138.94,
            "percU": 150537.24,
            "percUNK": 0.0,
            "l": 0.8662078235954016,
            "u": 0.9733180228402645,
            "flag": "INTEREST"
        }
    },
    "data": {
        "n_samples": 13489,
        "time": 900.1351523399353,
        "repeated_programs": 0,
        "inconsistent_programs": 6231,
        "worlds_consulted": 1518,
        "delp_calls": 13489
    }
}