{
    "status": {
        "~a_4": {
            "yes": 6879,
            "no": 0,
            "undecided": 0,
            "unknown": 0,
            "pyes": 1.0000000000000002,
            "pno": 0.0,
            "pundecided": 0.0,
            "punknown": 0.0,
            "time": 264.17897725105286,
            "delp_calls": 6879,
            "percY": 1428286.77,
            "percN": 0.0,
            "percU": 0.0,
            "percUNK": 0.0,
            "l": 1.0000000000000002,
            "u": 1.0,
            "flag": "INTEREST"
        },
        "a_5": {
            "yes": 4927,
            "no": 0,
            "undecided": 2211,
            "unknown": 0,
            "pyes": 0.9946,
            "pno": 0.0,
            "pundecided": 0.0054,
            "punknown": 0.0,
            "time": 264.3319969177246,
            "delp_calls": 7138,
            "percY": 1022993.01,
            "percN": 0.0,
            "percU": 459069.93,
            "percUNK": 0.0,
            "l": 0.9946,
            "u": 1.0,
            "flag": "INTEREST"
        },
        "a_8": {
            "yes": 1603,
            "no": 5143,
            "undecided": 0,
            "unknown": 0,
            "pyes": 0.8827,
            "pno": 0.11729999999999997,
            "pundecided": 0.0,
            "punknown": 0.0,
            "time": 265.1021432876587,
            "delp_calls": 6746,
            "percY": 332830.89,
            "percN": 1067841.09,
            "percU": 0.0,
            "percUNK": 0.0,
            "l": 0.8827,
            "u": 0.8827,
            "flag": "INTEREST"
        }
    },
    "data": {
        "n_samples": 20763,
        "time": 900.0254848003387,
        "repeated_programs": 0,
        "inconsistent_programs": 0,
        "worlds_consulted": 768,
        "delp_calls": 20763
    }
}