{
    "status": {
        "~a_4": {
            "yes": 4096,
            "no": 0,
            "undecided": 0,
            "unknown": 0,
            "pyes": 1.0000000000000007,
            "pno": 0.0,
            "pundecided": 0.0,
            "punknown": 0.0,
            "time": 156.43019104003906,
            "delp_calls": 26,
            "percY": 2590054932.48,
            "percN": 0.0,
            "percU": 0.0,
            "percUNK": 0.0,
            "l": 1.0000000000000007,
            "u": 1.0,
            "flag": "INTEREST"
        },
        "a_5": {
            "yes": 3072,
            "no": 0,
            "undecided": 1024,
            "unknown": 0,
            "pyes": 0.9946000000000007,
            "pno": 0.0,
            "pundecided": 0.0053999999999999986,
            "punknown": 0.0,
            "time": 158.2849349975586,
            "delp_calls": 26,
            "percY": 1942541199.36,
            "percN": 0.0,
            "percU": 647513733.12,
            "percUNK": 0.0,
            "l": 0.9946000000000007,
            "u": 1.0,
            "flag": "INTEREST"
        },
        "a_8": {
            "yes": 1024,
            "no": 3072,
            "undecided": 0,
            "unknown": 0,
            "pyes": 0.8827000000000015,
            "pno": 0.1173,
            "pundecided": 0.0,
            "punknown": 0.0,
            "time": 170.29916381835938,
            "delp_calls": 26,
            "percY": 647513733.12,
            "percN": 1942541199.36,
            "percU": 0.0,
            "percUNK": 0.0,
            "l": 0.8827000000000015,
            "u": 0.8827,
            "flag": "INTEREST"
        }
    },
    "data": {
        "n_samples": 63233763,
        "time": 900.0000212192535,
        "repeated_worlds": 63221475,
        "repeated_progs": 63233685,
        "unique_progs": 78,
        "delp_calls": 78
    }
}