{
    "status": {
        "d_20": {
            "yes": 2998,
            "no": 0,
            "undecided": 1335,
            "unknown": 0,
            "pyes": 0.7874298691440489,
            "pno": 0.0,
            "pundecided": 0.004713577167154128,
            "punknown": 0.0,
            "time": 172.26467275619507,
            "delp_calls": 4333,
            "percY": 380626.08,
            "percN": 0.0,
            "percU": 169491.6,
            "percUNK": 0.0,
            "l": 0.7874298691440489,
            "u": 1.0,
            "flag": "INTEREST"
        },
        "a_14": {
            "yes": 3165,
            "no": 0,
            "undecided": 1136,
            "unknown": 0,
            "pyes": 0.1781398160983091,
            "pno": 0.0,
            "pundecided": 0.18647071405515778,
            "punknown": 0.0,
            "time": 172.24558997154236,
            "delp_calls": 4301,
            "percY": 401828.4,
            "percN": 0.0,
            "percU": 144226.56,
            "percUNK": 0.0,
            "l": 0.1781398160983091,
            "u": 1.0
        },
        "~a_16": {
            "yes": 2627,
            "no": 865,
            "undecided": 570,
            "unknown": 0,
            "pyes": 0.35635514020987236,
            "pno": 0.06233583219069105,
            "pundecided": 0.01171027775527869,
            "punknown": 0.0,
            "time": 179.34785437583923,
            "delp_calls": 4062,
            "percY": 333523.92,
            "percN": 109820.4,
            "percU": 72367.2,
            "percUNK": 0.0,
            "l": 0.35635514020987236,
            "u": 0.937664167809309
        }
    },
    "data": {
        "n_samples": 12696,
        "time": 900.0559017658234,
        "repeated_programs": 0,
        "inconsistent_programs": 0,
        "worlds_consulted": 9402,
        "delp_calls": 12696
    }
}