{
    "status": {
        "~a_4": {
            "yes": 4096,
            "no": 0,
            "undecided": 0,
            "unknown": 0,
            "pyes": 1.0000000000000009,
            "pno": 0.0,
            "pundecided": 0.0,
            "punknown": 0.0,
            "time": 166.4593255519867,
            "delp_calls": 3824,
            "percY": 377371525.12,
            "percN": 0.0,
            "percU": 0.0,
            "percUNK": 0.0,
            "l": 1.0000000000000009,
            "u": 1.0,
            "flag": "INTEREST"
        }
    },
    "data": {
        "n_samples": 9213172,
        "time": 300.0000023841858,
        "repeated_worlds": 9209076,
        "repeated_progs": 9209348,
        "unique_progs": 3824,
        "delp_calls": 3824
    }
}