{
    "status": {
        "d_31": {
            "yes": 1193,
            "no": 0,
            "undecided": 136,
            "unknown": 39,
            "pyes": 0.1358006326218817,
            "pno": 0.0,
            "pundecided": 6.08154956049738e-06,
            "punknown": 1.881973938332736e-08,
            "time": 56.02150917053223,
            "delp_calls": 1367,
            "percY": 59375.61,
            "percN": 0.0,
            "percU": 6768.72,
            "percUNK": 1941.03,
            "l": 0.1358006326218817,
            "u": 1.0
        },
        "a_15": {
            "yes": 451,
            "no": 216,
            "undecided": 698,
            "unknown": 0,
            "pyes": 0.05648647394783267,
            "pno": 0.6601027604604944,
            "pundecided": 0.009826321555324577,
            "punknown": 0.0,
            "time": 55.9505877494812,
            "delp_calls": 1365,
            "percY": 22446.27,
            "percN": 10750.32,
            "percU": 34739.46,
            "percUNK": 0.0,
            "l": 0.05648647394783267,
            "u": 0.33989723953950557,
            "flag": "INTEREST"
        },
        "a_14": {
            "yes": 272,
            "no": 161,
            "undecided": 938,
            "unknown": 3,
            "pyes": 0.006218599059629853,
            "pno": 0.11332966437393807,
            "pundecided": 0.05251111972486461,
            "punknown": 0.0,
            "time": 56.053080797195435,
            "delp_calls": 1374,
            "percY": 13537.44,
            "percN": 8012.97,
            "percU": 46684.26,
            "percUNK": 149.31,
            "l": 0.006218599059629853,
            "u": 0.8866703356260619
        }
    },
    "data": {
        "n_samples": 4977,
        "time": 180.0655062198639,
        "repeated_worlds": 870,
        "repeated_progs": 871,
        "unique_progs": 4106,
        "delp_calls": 4106
    }
}