{
    "status": {
        "d_31": {
            "yes": 231,
            "no": 0,
            "undecided": 23,
            "unknown": 3,
            "pyes": 0.0071589882519904596,
            "pno": 0.0,
            "pundecided": 2.5518623254379424e-07,
            "punknown": 4.6737682048512e-10,
            "time": 10.268727540969849,
            "delp_calls": 257,
            "percY": 1845.69,
            "percN": 0.0,
            "percU": 183.77,
            "percUNK": 23.97,
            "l": 0.0071589882519904596,
            "u": 1.0
        },
        "a_15": {
            "yes": 81,
            "no": 44,
            "undecided": 146,
            "unknown": 0,
            "pyes": 0.02485454015840387,
            "pno": 0.00024826474259041905,
            "pundecided": 0.0005258963243631874,
            "punknown": 0.0,
            "time": 10.335525512695312,
            "delp_calls": 271,
            "percY": 647.19,
            "percN": 351.56,
            "percU": 1166.54,
            "percUNK": 0.0,
            "l": 0.02485454015840387,
            "u": 0.9997517352574096
        },
        "a_14": {
            "yes": 62,
            "no": 26,
            "undecided": 183,
            "unknown": 0,
            "pyes": 0.004044346435381697,
            "pno": 4.926485577058597e-06,
            "pundecided": 0.0031579461672666636,
            "punknown": 0.0,
            "time": 10.389874935150146,
            "delp_calls": 271,
            "percY": 495.38,
            "percN": 207.74,
            "percU": 1462.17,
            "percUNK": 0.0,
            "l": 0.004044346435381697,
            "u": 0.999995073514423
        }
    },
    "data": {
        "n_samples": 799,
        "time": 180.1633415222168,
        "repeated_programs": 0,
        "inconsistent_programs": 0,
        "worlds_consulted": 768,
        "delp_calls": 799
    }
}