{
    "status": {
        "~a_8": {
            "yes": 734,
            "no": 9,
            "undecided": 882,
            "unknown": 30,
            "pyes": 0.1293889783761331,
            "pno": 0.00012057315886455842,
            "pundecided": 0.06441513488238765,
            "punknown": 8.185461647367043e-05,
            "time": 70.76452016830444,
            "delp_calls": 1332,
            "percY": 15979.18,
            "percN": 195.93,
            "percU": 19201.14,
            "percUNK": 653.1,
            "l": 0.1293889783761331,
            "u": 0.9998794268411354
        }
    },
    "data": {
        "n_samples": 2177,
        "time": 60.00112843513489,
        "repeated_worlds": 522,
        "repeated_progs": 845,
        "unique_progs": 1332,
        "delp_calls": 1332
    }
}