{
    "status": {
        "d_39": {
            "yes": 2560,
            "no": 0,
            "undecided": 0,
            "unknown": 1536,
            "pyes": 0.9962837420000016,
            "pno": 0.0,
            "pundecided": 0.0,
            "punknown": 0.0037162580000000005,
            "time": 163.347323179245,
            "delp_calls": 4083,
            "percY": 236769254.4,
            "percN": 0.0,
            "percU": 0.0,
            "percUNK": 142061552.64,
            "l": 0.9962837420000016,
            "u": 1.0,
            "flag": "INTEREST"
        }
    },
    "data": {
        "n_samples": 9248799,
        "time": 300.00000405311584,
        "repeated_worlds": 9244703,
        "repeated_progs": 9244716,
        "unique_progs": 4083,
        "delp_calls": 4083
    }
}