{
    "status": {
        "~a_6": {
            "yes": 338533,
            "no": 0,
            "undecided": 338670,
            "unknown": 0,
            "pyes": 0.040030018835095625,
            "pno": 0.0,
            "pundecided": 0.0014653042595226804,
            "punknown": 0.0,
            "time": 27568.923169136047,
            "delp_calls": 512,
            "percY": 4608063801.38,
            "percN": 0.0,
            "percU": 4609928626.2,
            "percUNK": 0.0,
            "l": 0.040030018835095625,
            "u": 1.0
        },
        "a_7": {
            "yes": 184171,
            "no": 143846,
            "undecided": 328475,
            "unknown": 0,
            "pyes": 0.018769644062367658,
            "pno": 0.015272793465831155,
            "pundecided": 0.0013125491896194934,
            "punknown": 0.0,
            "time": 35094.52064681053,
            "delp_calls": 512,
            "percY": 2506909868.06,
            "percN": 1958011613.56,
            "percU": 4471155713.5,
            "percUNK": 0.0,
            "l": 0.018769644062367658,
            "u": 0.9847272065341689
        }
    },
    "data": {
        "n_samples": 1361186,
        "time": 600.0003747940063,
        "repeated_worlds": 27491,
        "repeated_progs": 1360162,
        "unique_progs": 1024,
        "delp_calls": 1024
    }
}