{
    "status": {
        "~d_62": {
            "yes": 2484,
            "no": 0,
            "undecided": 805,
            "unknown": 0,
            "pyes": 0.24455955717102934,
            "pno": 0.0,
            "pundecided": 0.02314608201583841,
            "punknown": 0.0,
            "time": 132.86179733276367,
            "delp_calls": 3289,
            "percY": 163124.28,
            "percN": 0.0,
            "percU": 52864.35,
            "percUNK": 0.0,
            "l": 0.24455955717102934,
            "u": 1.0
        },
        "~a_12": {
            "yes": 2336,
            "no": 0,
            "undecided": 942,
            "unknown": 0,
            "pyes": 0.9228380536873092,
            "pno": 0.0,
            "pundecided": 0.005037406196491923,
            "punknown": 0.0,
            "time": 133.49294066429138,
            "delp_calls": 3278,
            "percY": 153405.12,
            "percN": 0.0,
            "percU": 61861.14,
            "percUNK": 0.0,
            "l": 0.9228380536873092,
            "u": 1.0,
            "flag": "INTEREST"
        }
    },
    "data": {
        "n_samples": 6567,
        "time": 600.072390794754,
        "repeated_programs": 0,
        "inconsistent_programs": 0,
        "worlds_consulted": 4641,
        "delp_calls": 6567
    }
}