{
    "status": {
        "~a_4": {
            "yes": 1555,
            "no": 0,
            "undecided": 1666,
            "unknown": 0,
            "pyes": 0.7183340531999997,
            "pno": 0.0,
            "pundecided": 0.025790748079999985,
            "punknown": 0.0,
            "time": 143.26468062400818,
            "delp_calls": 6054,
            "percY": 284907.1,
            "percN": 0.0,
            "percU": 305244.52,
            "percUNK": 0.0,
            "l": 0.7183340531999997,
            "u": 1.0,
            "flag": "INTEREST"
        },
        "a_7": {
            "yes": 1831,
            "no": 0,
            "undecided": 1583,
            "unknown": 0,
            "pyes": 0.7014274992611453,
            "pno": 0.0,
            "pundecided": 0.042697297535999996,
            "punknown": 0.0,
            "time": 148.19550848007202,
            "delp_calls": 6212,
            "percY": 335475.82,
            "percN": 0.0,
            "percU": 290037.26,
            "percUNK": 0.0,
            "l": 0.7014274992611453,
            "u": 1.0,
            "flag": "INTEREST"
        },
        "a_8": {
            "yes": 1383,
            "no": 235,
            "undecided": 1662,
            "unknown": 0,
            "pyes": 0.7182223787052529,
            "pno": 0.00011167449474665108,
            "pundecided": 0.025757631837432748,
            "punknown": 0.0,
            "time": 146.73786067962646,
            "delp_calls": 6056,
            "percY": 253393.26,
            "percN": 43056.7,
            "percU": 304511.64,
            "percUNK": 0.0,
            "l": 0.7182223787052529,
            "u": 0.9998883255052533,
            "flag": "INTEREST"
        }
    },
    "data": {
        "n_samples": 18322,
        "time": 900.0872404575348,
        "repeated_programs": 0,
        "inconsistent_programs": 8407,
        "worlds_consulted": 1533,
        "delp_calls": 18322
    }
}