{
    "status": {
        "~a_1": {
            "yes": 2160,
            "no": 0,
            "undecided": 0,
            "unknown": 0,
            "pyes": 0.9999999999999998,
            "pno": 0.0,
            "pundecided": 0.0,
            "punknown": 0.0,
            "time": 103.4637508392334,
            "delp_calls": 2160,
            "percY": 137635.2,
            "percN": 0.0,
            "percU": 0.0,
            "percUNK": 0.0,
            "l": 0.9999999999999998,
            "u": 1.0,
            "flag": "INTEREST"
        },
        "a_5": {
            "yes": 2132,
            "no": 0,
            "undecided": 0,
            "unknown": 0,
            "pyes": 0.9997782424106127,
            "pno": 0.0,
            "pundecided": 0.0,
            "punknown": 0.0,
            "time": 103.7637403011322,
            "delp_calls": 2132,
            "percY": 135851.04,
            "percN": 0.0,
            "percU": 0.0,
            "percUNK": 0.0,
            "l": 0.9997782424106127,
            "u": 1.0,
            "flag": "INTEREST"
        },
        "~a_9": {
            "yes": 53,
            "no": 1846,
            "undecided": 181,
            "unknown": 0,
            "pyes": 0.0005831834758727053,
            "pno": 0.9846910229046386,
            "pundecided": 0.010919294682615217,
            "punknown": 0.0,
            "time": 103.41287350654602,
            "delp_calls": 2080,
            "percY": 3377.16,
            "percN": 117627.12,
            "percU": 11533.32,
            "percUNK": 0.0,
            "l": 0.0005831834758727053,
            "u": 0.015308977095361387,
            "flag": "INTEREST"
        }
    },
    "data": {
        "n_samples": 6372,
        "time": 901.1923685073853,
        "repeated_programs": 0,
        "inconsistent_programs": 0,
        "worlds_consulted": 49092,
        "delp_calls": 6372
    }
}