{
    "status": {
        "~a_1": {
            "yes": 652521,
            "no": 0,
            "undecided": 0,
            "unknown": 0,
            "pyes": 0.04092705165115585,
            "pno": 0.0,
            "pundecided": 0.0,
            "punknown": 0.0,
            "time": 28603.82214808464,
            "delp_calls": 320,
            "percY": 12767088856.59,
            "percN": 0.0,
            "percU": 0.0,
            "percUNK": 0.0,
            "l": 0.04092705165115585,
            "u": 1.0
        },
        "a_5": {
            "yes": 635118,
            "no": 0,
            "undecided": 0,
            "unknown": 0,
            "pyes": 0.03427240562485426,
            "pno": 0.0,
            "pundecided": 0.0,
            "punknown": 0.0,
            "time": 34934.41328215599,
            "delp_calls": 320,
            "percY": 12426585413.22,
            "percN": 0.0,
            "percU": 0.0,
            "percUNK": 0.0,
            "l": 0.03427240562485426,
            "u": 1.0
        },
        "~a_9": {
            "yes": 3687,
            "no": 594811,
            "undecided": 33188,
            "unknown": 0,
            "pyes": 1.2388253366732902e-05,
            "pno": 0.03616150643996498,
            "pundecided": 0.00035471370730873024,
            "punknown": 0.0,
            "time": 41987.659311294556,
            "delp_calls": 320,
            "percY": 72139067.73,
            "percN": 11637947115.69,
            "percU": 649349438.52,
            "percUNK": 0.0,
            "l": 1.2388253366732902e-05,
            "u": 0.963838493560035
        }
    },
    "data": {
        "n_samples": 1956579,
        "time": 900.000411272049,
        "repeated_worlds": 37254,
        "repeated_progs": 1955619,
        "unique_progs": 960,
        "delp_calls": 960
    }
}