{
    "status": {
        "~a_2": {
            "yes": 5447,
            "no": 0,
            "undecided": 0,
            "unknown": 0,
            "pyes": 0.9325568336434809,
            "pno": 0.0,
            "pundecided": 0.0,
            "punknown": 0.0,
            "time": 242.85567903518677,
            "delp_calls": 5447,
            "percY": 884919.62,
            "percN": 0.0,
            "percU": 0.0,
            "percUNK": 0.0,
            "l": 0.9325568336434809,
            "u": 1.0,
            "flag": "INTEREST"
        },
        "a_6": {
            "yes": 5577,
            "no": 0,
            "undecided": 0,
            "unknown": 0,
            "pyes": 0.9325568336434813,
            "pno": 0.0,
            "pundecided": 0.0,
            "punknown": 0.0,
            "time": 244.12297248840332,
            "delp_calls": 5577,
            "percY": 906039.42,
            "percN": 0.0,
            "percU": 0.0,
            "percUNK": 0.0,
            "l": 0.9325568336434813,
            "u": 1.0,
            "flag": "INTEREST"
        },
        "~a_8": {
            "yes": 2004,
            "no": 3109,
            "undecided": 53,
            "unknown": 56,
            "pyes": 0.05850543411585428,
            "pno": 0.874051399527627,
            "pundecided": 0.0,
            "punknown": 0.0,
            "time": 245.5613670349121,
            "delp_calls": 5222,
            "percY": 325569.84,
            "percN": 505088.14,
            "percU": 8610.38,
            "percUNK": 9097.76,
            "l": 0.05850543411585428,
            "u": 0.125948600472373,
            "flag": "INTEREST"
        }
    },
    "data": {
        "n_samples": 16246,
        "time": 900.1028881072998,
        "repeated_programs": 0,
        "inconsistent_programs": 0,
        "worlds_consulted": 12384,
        "delp_calls": 16246
    }
}