{
    "status": {
        "~a_17": {
            "yes": 333,
            "no": 838,
            "undecided": 1115,
            "unknown": 0,
            "pyes": 0.003995042763846761,
            "pno": 0.7261816227300423,
            "pundecided": 0.10183735721416463,
            "punknown": 0.0,
            "time": 94.1029360294342,
            "delp_calls": 4593,
            "percY": 15294.69,
            "percN": 38489.34,
            "percU": 51211.95,
            "percUNK": 0.0,
            "l": 0.003995042763846761,
            "u": 0.2738183772699577,
            "flag": "INTEREST"
        }
    },
    "data": {
        "n_samples": 4593,
        "time": 300.01032042503357,
        "repeated_programs": 0,
        "inconsistent_programs": 2307,
        "worlds_consulted": 1361,
        "delp_calls": 4593
    }
}