{
    "status": {
        "~d_12": {
            "yes": 1713,
            "no": 0,
            "undecided": 1711,
            "unknown": 45,
            "pyes": 0.20363270055165322,
            "pno": 0.0,
            "pundecided": 0.07866173146445612,
            "punknown": 0.00020179800150442608,
            "time": 147.39812302589417,
            "delp_calls": 6181,
            "percY": 105880.53,
            "percN": 0.0,
            "percU": 105756.91,
            "percUNK": 2781.45,
            "l": 0.20363270055165322,
            "u": 1.0
        }
    },
    "data": {
        "n_samples": 6181,
        "time": 300.03098487854004,
        "repeated_programs": 0,
        "inconsistent_programs": 2712,
        "worlds_consulted": 976,
        "delp_calls": 6181
    }
}