{
    "status": {
        "~d_12": {
            "yes": 259635,
            "no": 0,
            "undecided": 259557,
            "unknown": 0,
            "pyes": 0.02224576899528266,
            "pno": 0.0,
            "pundecided": 0.008555311439270538,
            "punknown": 0.0,
            "time": 21194.914705991745,
            "delp_calls": 2048,
            "percY": 1369548661.5,
            "percN": 0.0,
            "percU": 1369137219.3,
            "percUNK": 0.0,
            "l": 0.02224576899528266,
            "u": 1.0
        }
    },
    "data": {
        "n_samples": 527490,
        "time": 300.00021600723267,
        "repeated_worlds": 8298,
        "repeated_progs": 525442,
        "unique_progs": 2048,
        "delp_calls": 2048
    }
}