{
    "status": {
        "~d_10": {
            "yes": 131072,
            "no": 0,
            "undecided": 131072,
            "unknown": 0,
            "pyes": 0.82244496182235,
            "pno": 0.0,
            "pundecided": 0.1775550381776016,
            "punknown": 0.0,
            "time": 10048.721313476562,
            "delp_calls": 1024,
            "percY": 16329266954.24,
            "percN": 0.0,
            "percU": 16329266954.24,
            "percUNK": 0.0,
            "l": 0.82244496182235,
            "u": 1.0,
            "flag": "INTEREST"
        }
    },
    "data": {
        "n_samples": 12458242,
        "time": 300.0000009536743,
        "repeated_worlds": 12196098,
        "repeated_progs": 12457218,
        "unique_progs": 1024,
        "delp_calls": 1024
    }
}