{
    "status": {
        "a_5": {
            "yes": 145380,
            "no": 0,
            "undecided": 145580,
            "unknown": 0,
            "pyes": 0.015087173187553825,
            "pno": 0.0,
            "pundecided": 0.005047404314698844,
            "punknown": 0.0,
            "time": 12018.958424568176,
            "delp_calls": 4096,
            "percY": 781584687.0,
            "percN": 0.0,
            "percU": 782659917.0,
            "percUNK": 0.0,
            "l": 0.015087173187553825,
            "u": 1.0
        },
        "a_9": {
            "yes": 67839,
            "no": 53227,
            "undecided": 121369,
            "unknown": 0,
            "pyes": 0.0035718703465632386,
            "pno": 0.006278683371587439,
            "pundecided": 0.00392945843072905,
            "punknown": 0.0,
            "time": 11380.18671965599,
            "delp_calls": 4096,
            "percY": 364712639.85,
            "percN": 286156336.05,
            "percU": 652497949.35,
            "percUNK": 0.0,
            "l": 0.0035718703465632386,
            "u": 0.9937213166284126
        }
    },
    "data": {
        "n_samples": 537615,
        "time": 600.0002307891846,
        "repeated_worlds": 4220,
        "repeated_progs": 529423,
        "unique_progs": 8192,
        "delp_calls": 8192
    }
}