{
    "status": {
        "a_5": {
            "yes": 1510,
            "no": 0,
            "undecided": 1630,
            "unknown": 0,
            "pyes": 0.20721145614424086,
            "pno": 0.0,
            "pundecided": 0.08181608510825936,
            "punknown": 0.0,
            "time": 145.95321798324585,
            "delp_calls": 5613,
            "percY": 167685.5,
            "percN": 0.0,
            "percU": 181011.5,
            "percUNK": 0.0,
            "l": 0.20721145614424086,
            "u": 1.0
        },
        "a_9": {
            "yes": 835,
            "no": 692,
            "undecided": 1576,
            "unknown": 0,
            "pyes": 0.05784319222969552,
            "pno": 0.13624207368289581,
            "pundecided": 0.08430758616336864,
            "punknown": 0.0,
            "time": 147.42733216285706,
            "delp_calls": 5492,
            "percY": 92726.75,
            "percN": 76846.6,
            "percU": 175014.8,
            "percUNK": 0.0,
            "l": 0.05784319222969552,
            "u": 0.8637579263171042
        }
    },
    "data": {
        "n_samples": 11105,
        "time": 600.0932178497314,
        "repeated_programs": 0,
        "inconsistent_programs": 4862,
        "worlds_consulted": 3095,
        "delp_calls": 11105
    }
}