{
    "status": {
        "a_8": {
            "yes": 659,
            "no": 2048,
            "undecided": 1911,
            "unknown": 11,
            "pyes": 0.023462221655407924,
            "pno": 0.9354180405648519,
            "pundecided": 0.037685084189427384,
            "punknown": 0.0,
            "time": 181.3933219909668,
            "delp_calls": 4629,
            "percY": 30505.11,
            "percN": 94801.92,
            "percU": 88460.19,
            "percUNK": 509.19,
            "l": 0.023462221655407924,
            "u": 0.0645819594351481,
            "flag": "INTEREST"
        }
    },
    "data": {
        "n_samples": 4629,
        "time": 300.0454668998718,
        "repeated_programs": 0,
        "inconsistent_programs": 0,
        "worlds_consulted": 3931,
        "delp_calls": 4629
    }
}