{
    "status": {
        "a_1": {
            "yes": 3342,
            "no": 0,
            "undecided": 0,
            "unknown": 2552,
            "pyes": 0.5944838953635313,
            "pno": 0.0,
            "pundecided": 0.0,
            "punknown": 0.03794399999999997,
            "time": 276.1028211116791,
            "delp_calls": 5894,
            "percY": 594675.48,
            "percN": 0.0,
            "percU": 0.0,
            "percUNK": 454102.88,
            "l": 0.5944838953635313,
            "u": 1.0,
            "flag": "INTEREST"
        },
        "a_7": {
            "yes": 5784,
            "no": 0,
            "undecided": 0,
            "unknown": 186,
            "pyes": 0.6323999999999999,
            "pno": 0.0,
            "pundecided": 0.0,
            "punknown": 2.789536353141431e-05,
            "time": 276.5336947441101,
            "delp_calls": 5970,
            "percY": 1029204.96,
            "percN": 0.0,
            "percU": 0.0,
            "percUNK": 33096.84,
            "l": 0.6323999999999999,
            "u": 1.0,
            "flag": "INTEREST"
        },
        "a_8": {
            "yes": 5834,
            "no": 0,
            "undecided": 0,
            "unknown": 96,
            "pyes": 0.6323581569547029,
            "pno": 0.0,
            "pundecided": 0.0,
            "punknown": 6.973840882853578e-05,
            "time": 276.2500596046448,
            "delp_calls": 5930,
            "percY": 1038101.96,
            "percN": 0.0,
            "percU": 0.0,
            "percUNK": 17082.24,
            "l": 0.6323581569547029,
            "u": 1.0,
            "flag": "INTEREST"
        }
    },
    "data": {
        "n_samples": 17794,
        "time": 900.0880403518677,
        "repeated_programs": 0,
        "inconsistent_programs": 0,
        "worlds_consulted": 771,
        "delp_calls": 17794
    }
}