{
    "status": {
        "d_28": {
            "yes": 4096,
            "no": 0,
            "undecided": 0,
            "unknown": 0,
            "pyes": 0.9999999999999977,
            "pno": 0.0,
            "pundecided": 0.0,
            "punknown": 0.0,
            "time": 165.6907136440277,
            "delp_calls": 3482,
            "percY": 836643512.32,
            "percN": 0.0,
            "percU": 0.0,
            "percUNK": 0.0,
            "l": 0.9999999999999977,
            "u": 1.0,
            "flag": "INTEREST"
        },
        "a_19": {
            "yes": 2176,
            "no": 0,
            "undecided": 1920,
            "unknown": 0,
            "pyes": 0.9322160462780072,
            "pno": 0.0,
            "pundecided": 0.06778395372199195,
            "punknown": 0.0,
            "time": 198.42584896087646,
            "delp_calls": 3482,
            "percY": 444466865.92,
            "percN": 0.0,
            "percU": 392176646.4,
            "percUNK": 0.0,
            "l": 0.9322160462780072,
            "u": 1.0,
            "flag": "INTEREST"
        }
    },
    "data": {
        "n_samples": 20425867,
        "time": 600.0000131130219,
        "repeated_worlds": 20417675,
        "repeated_progs": 20418903,
        "unique_progs": 6964,
        "delp_calls": 6964
    }
}