{
    "status": {
        "a_10": {
            "yes": 598,
            "no": 0,
            "undecided": 74,
            "unknown": 0,
            "pyes": 0.8520627509176038,
            "pno": 0.0,
            "pundecided": 0.052292610302453614,
            "punknown": 0.0,
            "time": 33.17763590812683,
            "delp_calls": 714,
            "percY": 4269.72,
            "percN": 0.0,
            "percU": 528.36,
            "percUNK": 0.0,
            "l": 0.8520627509176038,
            "u": 1.0,
            "flag": "INTEREST"
        }
    },
    "data": {
        "n_samples": 714,
        "time": 60.002615451812744,
        "repeated_programs": 0,
        "inconsistent_programs": 42,
        "worlds_consulted": 1911,
        "delp_calls": 714
    }
}