{
    "status": {
        "~d_38": {
            "yes": 1627,
            "no": 0,
            "undecided": 0,
            "unknown": 0,
            "pyes": 0.08674914687489493,
            "pno": 0.0,
            "pundecided": 0.0,
            "punknown": 0.0,
            "time": 66.8887722492218,
            "delp_calls": 1390,
            "percY": 97083.09,
            "percN": 0.0,
            "percU": 0.0,
            "percUNK": 0.0,
            "l": 0.08674914687489493,
            "u": 1.0
        },
        "a_13": {
            "yes": 1256,
            "no": 0,
            "undecided": 411,
            "unknown": 0,
            "pyes": 0.06649935152852733,
            "pno": 0.0,
            "pundecided": 0.003943070647775102,
            "punknown": 0.0,
            "time": 68.0317451953888,
            "delp_calls": 1402,
            "percY": 74945.52,
            "percN": 0.0,
            "percU": 24524.37,
            "percUNK": 0.0,
            "l": 0.06649935152852733,
            "u": 1.0
        },
        "~a_14": {
            "yes": 45,
            "no": 1407,
            "undecided": 0,
            "unknown": 0,
            "pyes": 0.0,
            "pno": 0.1632854987185893,
            "pundecided": 0.0,
            "punknown": 0.0,
            "time": 65.32211828231812,
            "delp_calls": 1272,
            "percY": 2685.15,
            "percN": 83955.69,
            "percU": 0.0,
            "percUNK": 0.0,
            "l": 0.0,
            "u": 0.8367145012814107
        }
    },
    "data": {
        "n_samples": 5967,
        "time": 180.02491760253906,
        "repeated_worlds": 1221,
        "repeated_progs": 1903,
        "unique_progs": 4064,
        "delp_calls": 4064
    }
}