{
    "status": {
        "~d_38": {
            "yes": 611,
            "no": 0,
            "undecided": 0,
            "unknown": 0,
            "pyes": 0.03500476706717526,
            "pno": 0.0,
            "pundecided": 0.0,
            "punknown": 0.0,
            "time": 26.97543478012085,
            "delp_calls": 793,
            "percY": 14444.04,
            "percN": 0.0,
            "percU": 0.0,
            "percUNK": 0.0,
            "l": 0.03500476706717526,
            "u": 1.0
        },
        "a_13": {
            "yes": 438,
            "no": 0,
            "undecided": 160,
            "unknown": 0,
            "pyes": 0.09599922903369434,
            "pno": 0.0,
            "pundecided": 0.003898316640439442,
            "punknown": 0.0,
            "time": 26.253780126571655,
            "delp_calls": 797,
            "percY": 10354.32,
            "percN": 0.0,
            "percU": 3782.4,
            "percUNK": 0.0,
            "l": 0.09599922903369434,
            "u": 1.0
        },
        "~a_14": {
            "yes": 22,
            "no": 557,
            "undecided": 0,
            "unknown": 0,
            "pyes": 0.0,
            "pno": 0.073828735803216,
            "pundecided": 0.0,
            "punknown": 0.0,
            "time": 26.73769760131836,
            "delp_calls": 774,
            "percY": 520.08,
            "percN": 13167.48,
            "percU": 0.0,
            "percUNK": 0.0,
            "l": 0.0,
            "u": 0.926171264196784
        }
    },
    "data": {
        "n_samples": 2364,
        "time": 180.1069746017456,
        "repeated_programs": 0,
        "inconsistent_programs": 576,
        "worlds_consulted": 2262,
        "delp_calls": 2364
    }
}