{
    "status": {
        "a_4": {
            "yes": 262144,
            "no": 0,
            "undecided": 0,
            "unknown": 0,
            "pyes": 0.9999999999999579,
            "pno": 0.0,
            "pundecided": 0.0,
            "punknown": 0.0,
            "time": 11154.979583740234,
            "delp_calls": 480,
            "percY": 35297776107.52,
            "percN": 0.0,
            "percU": 0.0,
            "percUNK": 0.0,
            "l": 0.9999999999999579,
            "u": 1.0,
            "flag": "INTEREST"
        }
    },
    "data": {
        "n_samples": 13465033,
        "time": 300.00001311302185,
        "repeated_worlds": 13202889,
        "repeated_progs": 13464553,
        "unique_progs": 480,
        "delp_calls": 480
    }
}