{
    "status": {
        "~d_55": {
            "yes": 2560,
            "no": 0,
            "undecided": 128,
            "unknown": 1408,
            "pyes": 0.8921010790756008,
            "pno": 0.0,
            "pundecided": 0.0004473881257023361,
            "punknown": 0.10745153279869765,
            "time": 162.81374549865723,
            "delp_calls": 4096,
            "percY": 694392422.4,
            "percN": 0.0,
            "percU": 34719621.12,
            "percUNK": 381915832.32,
            "l": 0.8921010790756008,
            "u": 1.0,
            "flag": "INTEREST"
        },
        "a_15": {
            "yes": 392,
            "no": 0,
            "undecided": 3684,
            "unknown": 20,
            "pyes": 0.875716841771778,
            "pno": 0.0,
            "pundecided": 0.12428315811698303,
            "punknown": 1.1123854560000005e-10,
            "time": 162.2029116153717,
            "delp_calls": 4096,
            "percY": 106328839.68,
            "percN": 0.0,
            "percU": 999274095.36,
            "percUNK": 5424940.8,
            "l": 0.875716841771778,
            "u": 1.0,
            "flag": "INTEREST"
        },
        "~a_15": {
            "yes": 0,
            "no": 392,
            "undecided": 3684,
            "unknown": 20,
            "pyes": 0.0,
            "pno": 0.8757168417717781,
            "pundecided": 0.12428315811698291,
            "punknown": 1.1123854560000005e-10,
            "time": 165.40905284881592,
            "delp_calls": 4096,
            "percY": 0.0,
            "percN": 106328839.68,
            "percU": 999274095.36,
            "percUNK": 5424940.8,
            "l": 0.0,
            "u": 0.12428315822822189,
            "flag": "INTEREST"
        }
    },
    "data": {
        "n_samples": 27124704,
        "time": 900.0000252723694,
        "repeated_worlds": 27112416,
        "repeated_progs": 27112416,
        "unique_progs": 12288,
        "delp_calls": 12288
    }
}