{
    "status": {
        "a_9": {
            "yes": 156672,
            "no": 39936,
            "undecided": 65536,
            "unknown": 0,
            "pyes": 0.8697994112578799,
            "pno": 0.003143068742122951,
            "pundecided": 0.12705751999999906,
            "punknown": 0.0,
            "time": 11596.266481399536,
            "delp_calls": 1070,
            "percY": 32684251484.16,
            "percN": 8331279790.08,
            "percU": 13671843758.08,
            "percUNK": 0.0,
            "l": 0.8697994112578799,
            "u": 0.996856931257877,
            "flag": "INTEREST"
        },
        "a_7": {
            "yes": 77824,
            "no": 184320,
            "undecided": 0,
            "unknown": 0,
            "pyes": 0.9241104013329945,
            "pno": 0.07588959866700933,
            "pundecided": 0.0,
            "punknown": 0.0,
            "time": 12693.593536376953,
            "delp_calls": 1070,
            "percY": 16235314462.72,
            "percN": 38452060569.6,
            "percU": 0.0,
            "percUNK": 0.0,
            "l": 0.9241104013329945,
            "u": 0.9241104013329907,
            "flag": "INTEREST"
        }
    },
    "data": {
        "n_samples": 20861578,
        "time": 600.000013589859,
        "repeated_worlds": 20337290,
        "repeated_progs": 20859438,
        "unique_progs": 2140,
        "delp_calls": 2140
    }
}