{
    "status": {
        "d_59": {
            "yes": 3744,
            "no": 0,
            "undecided": 0,
            "unknown": 0,
            "pyes": 0.8056908371526459,
            "pno": 0.0,
            "pundecided": 0.0,
            "punknown": 0.0,
            "time": 145.88411235809326,
            "delp_calls": 3744,
            "percY": 361445.76,
            "percN": 0.0,
            "percU": 0.0,
            "percUNK": 0.0,
            "l": 0.8056908371526459,
            "u": 1.0,
            "flag": "INTEREST"
        },
        "a_15": {
            "yes": 3852,
            "no": 0,
            "undecided": 0,
            "unknown": 0,
            "pyes": 0.7869460783790162,
            "pno": 0.0,
            "pundecided": 0.0,
            "punknown": 0.0,
            "time": 145.32673048973083,
            "delp_calls": 3852,
            "percY": 371872.08,
            "percN": 0.0,
            "percU": 0.0,
            "percUNK": 0.0,
            "l": 0.7869460783790162,
            "u": 1.0,
            "flag": "INTEREST"
        },
        "~a_20": {
            "yes": 0,
            "no": 2058,
            "undecided": 0,
            "unknown": 0,
            "pyes": 0.0,
            "pno": 0.1805964404943942,
            "pundecided": 0.0,
            "punknown": 0.0,
            "time": 217.32454919815063,
            "delp_calls": 2058,
            "percY": 0.0,
            "percN": 198679.32,
            "percU": 0.0,
            "percUNK": 0.0,
            "l": 0.0,
            "u": 0.8194035595056058
        }
    },
    "data": {
        "n_samples": 9654,
        "time": 900.1860921382904,
        "repeated_programs": 0,
        "inconsistent_programs": 0,
        "worlds_consulted": 6901,
        "delp_calls": 9654
    }
}