{
    "status": {
        "d_17": {
            "yes": 1530,
            "no": 0,
            "undecided": 1405,
            "unknown": 64,
            "pyes": 0.04979531248290622,
            "pno": 0.0,
            "pundecided": 0.0472716810023645,
            "punknown": 0.0003283189976354809,
            "time": 143.24453926086426,
            "delp_calls": 5620,
            "percY": 256045.5,
            "percN": 0.0,
            "percU": 235126.75,
            "percUNK": 10710.4,
            "l": 0.04979531248290622,
            "u": 1.0
        },
        "a_7": {
            "yes": 849,
            "no": 714,
            "undecided": 1423,
            "unknown": 0,
            "pyes": 0.028720392507853142,
            "pno": 0.02622372669214685,
            "pundecided": 0.04201445363281175,
            "punknown": 0.0,
            "time": 142.8462040424347,
            "delp_calls": 5607,
            "percY": 142080.15,
            "percN": 119487.9,
            "percU": 238139.05,
            "percUNK": 0.0,
            "l": 0.028720392507853142,
            "u": 0.9737762733078531
        },
        "~a_8": {
            "yes": 541,
            "no": 906,
            "undecided": 1448,
            "unknown": 0,
            "pyes": 0.015214764798821756,
            "pno": 0.03972890447975632,
            "pundecided": 0.04182687100042336,
            "punknown": 0.0,
            "time": 141.15327525138855,
            "delp_calls": 5508,
            "percY": 90536.35,
            "percN": 151619.1,
            "percU": 242322.8,
            "percUNK": 0.0,
            "l": 0.015214764798821756,
            "u": 0.9602710955202437
        }
    },
    "data": {
        "n_samples": 16735,
        "time": 900.0945496559143,
        "repeated_programs": 0,
        "inconsistent_programs": 7855,
        "worlds_consulted": 1532,
        "delp_calls": 16735
    }
}