{
    "status": {
        "a_1": {
            "yes": 1024,
            "no": 0,
            "undecided": 3072,
            "unknown": 0,
            "pyes": 0.8649000000000013,
            "pno": 0.0,
            "pundecided": 0.13510000000000005,
            "punknown": 0.0,
            "time": 158.77479362487793,
            "delp_calls": 112,
            "percY": 438543616.0,
            "percN": 0.0,
            "percU": 1315630848.0,
            "percUNK": 0.0,
            "l": 0.8649000000000013,
            "u": 1.0,
            "flag": "INTEREST"
        },
        "a_9": {
            "yes": 768,
            "no": 3328,
            "undecided": 0,
            "unknown": 0,
            "pyes": 0.125989778559732,
            "pno": 0.8740102214402693,
            "pundecided": 0.0,
            "punknown": 0.0,
            "time": 166.2445945739746,
            "delp_calls": 112,
            "percY": 328907712.0,
            "percN": 1425266752.0,
            "percU": 0.0,
            "percUNK": 0.0,
            "l": 0.125989778559732,
            "u": 0.1259897785597307,
            "flag": "INTEREST"
        }
    },
    "data": {
        "n_samples": 42826525,
        "time": 600.0000221729279,
        "repeated_worlds": 42818333,
        "repeated_progs": 42826301,
        "unique_progs": 224,
        "delp_calls": 224
    }
}