{
    "status": {
        "a_8": {
            "yes": 540,
            "no": 0,
            "undecided": 0,
            "unknown": 372,
            "pyes": 0.7649083066336749,
            "pno": 0.0,
            "pundecided": 0.0,
            "punknown": 0.008196710123827035,
            "time": 36.004544496536255,
            "delp_calls": 912,
            "percY": 9801.0,
            "percN": 0.0,
            "percU": 0.0,
            "percUNK": 6751.8,
            "l": 0.7649083066336749,
            "u": 1.0,
            "flag": "INTEREST"
        },
        "~a_15": {
            "yes": 166,
            "no": 344,
            "undecided": 393,
            "unknown": 0,
            "pyes": 0.016666164777702372,
            "pno": 0.06760621965329315,
            "pundecided": 0.001567366790848692,
            "punknown": 0.0,
            "time": 39.77051043510437,
            "delp_calls": 903,
            "percY": 3012.9,
            "percN": 6243.6,
            "percU": 7132.95,
            "percUNK": 0.0,
            "l": 0.016666164777702372,
            "u": 0.9323937803467068
        }
    },
    "data": {
        "n_samples": 1815,
        "time": 600.4635772705078,
        "repeated_programs": 0,
        "inconsistent_programs": 0,
        "worlds_consulted": 1637,
        "delp_calls": 1815
    }
}