{
    "status": {
        "a_6": {
            "yes": 3072,
            "no": 0,
            "undecided": 0,
            "unknown": 1024,
            "pyes": 0.8923155714999998,
            "pno": 0.0,
            "pundecided": 0.0,
            "punknown": 0.10768442849999998,
            "time": 166.532160282135,
            "delp_calls": 4048,
            "percY": 807082168.32,
            "percN": 0.0,
            "percU": 0.0,
            "percUNK": 269027389.44,
            "l": 0.8923155714999998,
            "u": 1.0,
            "flag": "INTEREST"
        },
        "a_11": {
            "yes": 3072,
            "no": 0,
            "undecided": 1024,
            "unknown": 0,
            "pyes": 0.9997732959399981,
            "pno": 0.0,
            "pundecided": 0.00022670406000000026,
            "punknown": 0.0,
            "time": 165.90893507003784,
            "delp_calls": 4048,
            "percY": 807082168.32,
            "percN": 0.0,
            "percU": 269027389.44,
            "percUNK": 0.0,
            "l": 0.9997732959399981,
            "u": 1.0,
            "flag": "INTEREST"
        },
        "~a_17": {
            "yes": 0,
            "no": 3020,
            "undecided": 1076,
            "unknown": 0,
            "pyes": 0.0,
            "pno": 0.9159338157212202,
            "pundecided": 0.08406618427877872,
            "punknown": 0.0,
            "time": 189.42059636116028,
            "delp_calls": 4048,
            "percY": 0.0,
            "percN": 793420621.2,
            "percU": 282688936.56,
            "percUNK": 0.0,
            "l": 0.0,
            "u": 0.08406618427877977,
            "flag": "INTEREST"
        }
    },
    "data": {
        "n_samples": 26272206,
        "time": 900.0000288486481,
        "repeated_worlds": 26259918,
        "repeated_progs": 26260062,
        "unique_progs": 12144,
        "delp_calls": 12144
    }
}