{
    "status": {
        "~d_65": {
            "yes": 3435,
            "no": 0,
            "undecided": 0,
            "unknown": 0,
            "pyes": 0.7921003261582109,
            "pno": 0.0,
            "pundecided": 0.0,
            "punknown": 0.0,
            "time": 136.81944131851196,
            "delp_calls": 3435,
            "percY": 233923.5,
            "percN": 0.0,
            "percU": 0.0,
            "percUNK": 0.0,
            "l": 0.7921003261582109,
            "u": 1.0,
            "flag": "INTEREST"
        },
        "~a_12": {
            "yes": 3375,
            "no": 0,
            "undecided": 0,
            "unknown": 0,
            "pyes": 0.9134731368863312,
            "pno": 0.0,
            "pundecided": 0.0,
            "punknown": 0.0,
            "time": 135.4284155368805,
            "delp_calls": 3375,
            "percY": 229837.5,
            "percN": 0.0,
            "percU": 0.0,
            "percUNK": 0.0,
            "l": 0.9134731368863312,
            "u": 1.0,
            "flag": "INTEREST"
        }
    },
    "data": {
        "n_samples": 6810,
        "time": 600.0700244903564,
        "repeated_programs": 0,
        "inconsistent_programs": 0,
        "worlds_consulted": 4932,
        "delp_calls": 6810
    }
}