{
    "status": {
        "a_7": {
            "yes": 98304,
            "no": 32768,
            "undecided": 131072,
            "unknown": 0,
            "pyes": 0.21481774444053173,
            "pno": 0.7851822555594551,
            "pundecided": 0.0,
            "punknown": 0.0,
            "time": 10556.6640625,
            "delp_calls": 256,
            "percY": 28382004510.72,
            "percN": 9460668170.24,
            "percU": 37842672680.96,
            "percUNK": 0.0,
            "l": 0.21481774444053173,
            "u": 0.2148177444405449,
            "flag": "INTEREST"
        },
        "~a_8": {
            "yes": 57344,
            "no": 57344,
            "undecided": 147456,
            "unknown": 0,
            "pyes": 0.11096028923014728,
            "pno": 0.883766369895279,
            "pundecided": 0.0052733408745599805,
            "punknown": 0.0,
            "time": 11988.852294921875,
            "delp_calls": 256,
            "percY": 16556169297.92,
            "percN": 16556169297.92,
            "percU": 42573006766.08,
            "percUNK": 0.0,
            "l": 0.11096028923014728,
            "u": 0.11623363010472099,
            "flag": "INTEREST"
        }
    },
    "data": {
        "n_samples": 28871668,
        "time": 600.0000185966492,
        "repeated_worlds": 28347380,
        "repeated_progs": 28871156,
        "unique_progs": 512,
        "delp_calls": 512
    }
}