{
    "status": {
        "~d_44": {
            "yes": 7063,
            "no": 0,
            "undecided": 0,
            "unknown": 0,
            "pyes": 0.012775720842570686,
            "pno": 0.0,
            "pundecided": 0.0,
            "punknown": 0.0,
            "time": 299.974586725235,
            "delp_calls": 6674,
            "percY": 505569.54,
            "percN": 0.0,
            "percU": 0.0,
            "percUNK": 0.0,
            "l": 0.012775720842570686,
            "u": 1.0
        }
    },
    "data": {
        "n_samples": 7158,
        "time": 300.0183115005493,
        "repeated_worlds": 95,
        "repeated_progs": 484,
        "unique_progs": 6674,
        "delp_calls": 6674
    }
}