{
    "status": {
        "d_16": {
            "yes": 833,
            "no": 0,
            "undecided": 0,
            "unknown": 0,
            "pyes": 0.8930523721967114,
            "pno": 0.0,
            "pundecided": 0.0,
            "punknown": 0.0,
            "time": 40.0053985118866,
            "delp_calls": 833,
            "percY": 13702.85,
            "percN": 0.0,
            "percU": 0.0,
            "percUNK": 0.0,
            "l": 0.8930523721967114,
            "u": 1.0,
            "flag": "INTEREST"
        },
        "a_7": {
            "yes": 254,
            "no": 363,
            "undecided": 195,
            "unknown": 0,
            "pyes": 0.09065230767118171,
            "pno": 0.8259345752719862,
            "pundecided": 0.028006150703518157,
            "punknown": 0.0,
            "time": 40.958473682403564,
            "delp_calls": 812,
            "percY": 4178.3,
            "percN": 5971.35,
            "percU": 3207.75,
            "percUNK": 0.0,
            "l": 0.09065230767118171,
            "u": 0.17406542472801378,
            "flag": "INTEREST"
        }
    },
    "data": {
        "n_samples": 1645,
        "time": 600.3686373233795,
        "repeated_programs": 0,
        "inconsistent_programs": 0,
        "worlds_consulted": 60120,
        "delp_calls": 1645
    }
}