{
    "status": {
        "~d_30": {
            "yes": 4096,
            "no": 0,
            "undecided": 0,
            "unknown": 0,
            "pyes": 1.0000000000000007,
            "pno": 0.0,
            "pundecided": 0.0,
            "punknown": 0.0,
            "time": 166.41785430908203,
            "delp_calls": 3820,
            "percY": 415814000.64,
            "percN": 0.0,
            "percU": 0.0,
            "percUNK": 0.0,
            "l": 1.0000000000000007,
            "u": 1.0,
            "flag": "INTEREST"
        }
    },
    "data": {
        "n_samples": 10151709,
        "time": 300.0000047683716,
        "repeated_worlds": 10147613,
        "repeated_progs": 10147889,
        "unique_progs": 3820,
        "delp_calls": 3820
    }
}