{
    "status": {
        "~d_30": {
            "yes": 985,
            "no": 0,
            "undecided": 0,
            "unknown": 0,
            "pyes": 0.02079347011196647,
            "pno": 0.0,
            "pundecided": 0.0,
            "punknown": 0.0,
            "time": 39.02079439163208,
            "delp_calls": 4057,
            "percY": 39961.45,
            "percN": 0.0,
            "percU": 0.0,
            "percUNK": 0.0,
            "l": 0.02079347011196647,
            "u": 1.0
        }
    },
    "data": {
        "n_samples": 4057,
        "time": 300.06116366386414,
        "repeated_programs": 0,
        "inconsistent_programs": 3072,
        "worlds_consulted": 659,
        "delp_calls": 4057
    }
}