{
    "status": {
        "a_4": {
            "yes": 748,
            "no": 0,
            "undecided": 0,
            "unknown": 105,
            "pyes": 0.5550557176386562,
            "pno": 0.0,
            "pundecided": 0.0,
            "punknown": 0.006231192811708264,
            "time": 33.61702346801758,
            "delp_calls": 853,
            "percY": 6380.44,
            "percN": 0.0,
            "percU": 0.0,
            "percUNK": 895.65,
            "l": 0.5550557176386562,
            "u": 1.0,
            "flag": "INTEREST"
        }
    },
    "data": {
        "n_samples": 853,
        "time": 300.00784635543823,
        "repeated_programs": 0,
        "inconsistent_programs": 0,
        "worlds_consulted": 768,
        "delp_calls": 853
    }
}