{
    "status": {
        "a_4": {
            "yes": 3584,
            "no": 0,
            "undecided": 0,
            "unknown": 512,
            "pyes": 0.9238600000000025,
            "pno": 0.0,
            "pundecided": 0.0,
            "punknown": 0.07614,
            "time": 165.52440094947815,
            "delp_calls": 4096,
            "percY": 325983006.72,
            "percN": 0.0,
            "percU": 0.0,
            "percUNK": 46569000.96,
            "l": 0.9238600000000025,
            "u": 1.0,
            "flag": "INTEREST"
        }
    },
    "data": {
        "n_samples": 9095508,
        "time": 300.00000262260437,
        "repeated_worlds": 9091412,
        "repeated_progs": 9091412,
        "unique_progs": 4096,
        "delp_calls": 4096
    }
}