{
    "status": {
        "a_3": {
            "yes": 1171,
            "no": 0,
            "undecided": 0,
            "unknown": 0,
            "pyes": 0.8581070309208324,
            "pno": 0.0,
            "pundecided": 0.0,
            "punknown": 0.0,
            "time": 47.230902910232544,
            "delp_calls": 4486,
            "percY": 151890.41,
            "percN": 0.0,
            "percU": 0.0,
            "percUNK": 0.0,
            "l": 0.8581070309208324,
            "u": 1.0,
            "flag": "INTEREST"
        },
        "a_17": {
            "yes": 1208,
            "no": 0,
            "undecided": 0,
            "unknown": 0,
            "pyes": 0.87643124938747,
            "pno": 0.0,
            "pundecided": 0.0,
            "punknown": 0.0,
            "time": 49.36345648765564,
            "delp_calls": 4511,
            "percY": 156689.68,
            "percN": 0.0,
            "percU": 0.0,
            "percUNK": 0.0,
            "l": 0.87643124938747,
            "u": 1.0,
            "flag": "INTEREST"
        },
        "~a_14": {
            "yes": 1044,
            "no": 0,
            "undecided": 0,
            "unknown": 0,
            "pyes": 0.9135644121986878,
            "pno": 0.0,
            "pundecided": 0.0,
            "punknown": 0.0,
            "time": 55.62222647666931,
            "delp_calls": 3974,
            "percY": 135417.24,
            "percN": 0.0,
            "percU": 0.0,
            "percUNK": 0.0,
            "l": 0.9135644121986878,
            "u": 1.0,
            "flag": "INTEREST"
        }
    },
    "data": {
        "n_samples": 12971,
        "time": 900.1682753562927,
        "repeated_programs": 0,
        "inconsistent_programs": 9548,
        "worlds_consulted": 2252,
        "delp_calls": 12971
    }
}