{
    "status": {
        "d_33": {
            "yes": 4096,
            "no": 0,
            "undecided": 0,
            "unknown": 0,
            "pyes": 1.000000000000003,
            "pno": 0.0,
            "pundecided": 0.0,
            "punknown": 0.0,
            "time": 166.7950086593628,
            "delp_calls": 2976,
            "percY": 468959846.4,
            "percN": 0.0,
            "percU": 0.0,
            "percUNK": 0.0,
            "l": 1.000000000000003,
            "u": 1.0,
            "flag": "INTEREST"
        }
    },
    "data": {
        "n_samples": 11449215,
        "time": 300.0000033378601,
        "repeated_worlds": 11445119,
        "repeated_progs": 11446239,
        "unique_progs": 2976,
        "delp_calls": 2976
    }
}