{
    "status": {
        "d_33": {
            "yes": 1137,
            "no": 0,
            "undecided": 0,
            "unknown": 0,
            "pyes": 0.011244971616677915,
            "pno": 0.0,
            "pundecided": 0.0,
            "punknown": 0.0,
            "time": 46.163094997406006,
            "delp_calls": 4235,
            "percY": 48151.95,
            "percN": 0.0,
            "percU": 0.0,
            "percUNK": 0.0,
            "l": 0.011244971616677915,
            "u": 1.0
        }
    },
    "data": {
        "n_samples": 4235,
        "time": 300.02514576911926,
        "repeated_programs": 0,
        "inconsistent_programs": 3098,
        "worlds_consulted": 795,
        "delp_calls": 4235
    }
}