{
    "status": {
        "a_12": {
            "yes": 117,
            "no": 0,
            "undecided": 1028,
            "unknown": 0,
            "pyes": 0.011452862191511618,
            "pno": 0.0,
            "pundecided": 0.017670103693129494,
            "punknown": 0.0,
            "time": 45.078970432281494,
            "delp_calls": 1145,
            "percY": 2676.96,
            "percN": 0.0,
            "percU": 23520.64,
            "percUNK": 0.0,
            "l": 0.011452862191511618,
            "u": 1.0
        },
        "a_17": {
            "yes": 106,
            "no": 8,
            "undecided": 1029,
            "unknown": 0,
            "pyes": 0.1025649389569228,
            "pno": 1.2578947549433856e-07,
            "pundecided": 0.06949477767684215,
            "punknown": 0.0,
            "time": 45.24055075645447,
            "delp_calls": 1143,
            "percY": 2425.28,
            "percN": 183.04,
            "percU": 23543.52,
            "percUNK": 0.0,
            "l": 0.1025649389569228,
            "u": 0.9999998742105245
        }
    },
    "data": {
        "n_samples": 2288,
        "time": 600.3071970939636,
        "repeated_programs": 0,
        "inconsistent_programs": 0,
        "worlds_consulted": 1989,
        "delp_calls": 2288
    }
}