{
    "status": {
        "d_22": {
            "yes": 4096,
            "no": 0,
            "undecided": 0,
            "unknown": 0,
            "pyes": 0.9999999999999964,
            "pno": 0.0,
            "pundecided": 0.0,
            "punknown": 0.0,
            "time": 166.3776500225067,
            "delp_calls": 3912,
            "percY": 1144328151.04,
            "percN": 0.0,
            "percU": 0.0,
            "percUNK": 0.0,
            "l": 0.9999999999999964,
            "u": 1.0,
            "flag": "INTEREST"
        },
        "a_13": {
            "yes": 2304,
            "no": 0,
            "undecided": 1792,
            "unknown": 0,
            "pyes": 0.9692346456799986,
            "pno": 0.0,
            "pundecided": 0.03076535432000002,
            "punknown": 0.0,
            "time": 166.40761017799377,
            "delp_calls": 3912,
            "percY": 643684584.96,
            "percN": 0.0,
            "percU": 500643566.08,
            "percUNK": 0.0,
            "l": 0.9692346456799986,
            "u": 1.0,
            "flag": "INTEREST"
        },
        "~a_19": {
            "yes": 0,
            "no": 3304,
            "undecided": 792,
            "unknown": 0,
            "pyes": 0.0,
            "pno": 0.9813916443484737,
            "pundecided": 0.01860835565152228,
            "punknown": 0.0,
            "time": 185.34103202819824,
            "delp_calls": 3912,
            "percY": 0.0,
            "percN": 923061574.96,
            "percU": 221266576.08,
            "percUNK": 0.0,
            "l": 0.0,
            "u": 0.018608355651526298,
            "flag": "INTEREST"
        }
    },
    "data": {
        "n_samples": 27937699,
        "time": 900.0000269412994,
        "repeated_worlds": 27925411,
        "repeated_progs": 27925963,
        "unique_progs": 11736,
        "delp_calls": 11736
    }
}