{
    "status": {
        "a_15": {
            "yes": 116,
            "no": 0,
            "undecided": 1101,
            "unknown": 4,
            "pyes": 0.05665642218677397,
            "pno": 0.0,
            "pundecided": 0.016943465891977035,
            "punknown": 1.1039523929280003e-11,
            "time": 55.696300983428955,
            "delp_calls": 1221,
            "percY": 1702.88,
            "percN": 0.0,
            "percU": 16162.68,
            "percUNK": 58.72,
            "l": 0.05665642218677397,
            "u": 1.0
        }
    },
    "data": {
        "n_samples": 1468,
        "time": 60.020002365112305,
        "repeated_worlds": 247,
        "repeated_progs": 247,
        "unique_progs": 1221,
        "delp_calls": 1221
    }
}