{
    "status": {
        "a_15": {
            "yes": 99,
            "no": 0,
            "undecided": 1009,
            "unknown": 7,
            "pyes": 0.018257865819752417,
            "pno": 0.0,
            "pundecided": 0.05151549004243802,
            "punknown": 2.942381324736e-11,
            "time": 54.62784004211426,
            "delp_calls": 1115,
            "percY": 1277.1,
            "percN": 0.0,
            "percU": 13016.1,
            "percUNK": 90.3,
            "l": 0.018257865819752417,
            "u": 1.0
        }
    },
    "data": {
        "n_samples": 1290,
        "time": 60.01601839065552,
        "repeated_worlds": 175,
        "repeated_progs": 175,
        "unique_progs": 1115,
        "delp_calls": 1115
    }
}