{
    "status": {
        "a_5": {
            "yes": 131069,
            "no": 0,
            "undecided": 131068,
            "unknown": 0,
            "pyes": 0.979999999999984,
            "pno": 0.0,
            "pundecided": 0.019999999748042143,
            "punknown": 0.0,
            "time": 10533.234006166458,
            "delp_calls": 4096,
            "percY": 5397119961.3,
            "percN": 0.0,
            "percU": 5397078783.6,
            "percUNK": 0.0,
            "l": 0.979999999999984,
            "u": 1.0,
            "flag": "INTEREST"
        },
        "~a_8": {
            "yes": 16275,
            "no": 113781,
            "undecided": 130098,
            "unknown": 0,
            "pyes": 0.0015166004335730357,
            "pno": 0.8646415195413321,
            "pundecided": 0.104443740314417,
            "punknown": 0.0,
            "time": 11771.49152636528,
            "delp_calls": 4096,
            "percY": 670167067.5,
            "percN": 4685239883.7,
            "percU": 5357136414.6,
            "percUNK": 0.0,
            "l": 0.0015166004335730357,
            "u": 0.13535848045866794,
            "flag": "INTEREST"
        }
    },
    "data": {
        "n_samples": 4117770,
        "time": 600.0000193119049,
        "repeated_worlds": 3595479,
        "repeated_progs": 4109578,
        "unique_progs": 8192,
        "delp_calls": 8192
    }
}