{
    "status": {
        "a_4": {
            "yes": 4096,
            "no": 0,
            "undecided": 0,
            "unknown": 0,
            "pyes": 0.9999999999999997,
            "pno": 0.0,
            "pundecided": 0.0,
            "punknown": 0.0,
            "time": 161.88484954833984,
            "delp_calls": 73,
            "percY": 2340396646.4,
            "percN": 0.0,
            "percU": 0.0,
            "percUNK": 0.0,
            "l": 0.9999999999999997,
            "u": 1.0,
            "flag": "INTEREST"
        },
        "~a_5": {
            "yes": 4096,
            "no": 0,
            "undecided": 0,
            "unknown": 0,
            "pyes": 0.9999999999999999,
            "pno": 0.0,
            "pundecided": 0.0,
            "punknown": 0.0,
            "time": 158.8157730102539,
            "delp_calls": 73,
            "percY": 2340396646.4,
            "percN": 0.0,
            "percU": 0.0,
            "percUNK": 0.0,
            "l": 0.9999999999999999,
            "u": 1.0,
            "flag": "INTEREST"
        },
        "~a_8": {
            "yes": 512,
            "no": 3456,
            "undecided": 128,
            "unknown": 0,
            "pyes": 0.0,
            "pno": 0.9999999999999997,
            "pundecided": 0.0,
            "punknown": 0.0,
            "time": 168.6690673828125,
            "delp_calls": 73,
            "percY": 292549580.8,
            "percN": 1974709670.4,
            "percU": 73137395.2,
            "percUNK": 0.0,
            "l": 0.0,
            "u": 3.3306690738754696e-16,
            "flag": "INTEREST"
        }
    },
    "data": {
        "n_samples": 57138590,
        "time": 900.000020980835,
        "repeated_worlds": 57126302,
        "repeated_progs": 57138371,
        "unique_progs": 219,
        "delp_calls": 219
    }
}