{
    "status": {
        "a_4": {
            "yes": 6273,
            "no": 0,
            "undecided": 0,
            "unknown": 0,
            "pyes": 0.9999999999999993,
            "pno": 0.0,
            "pundecided": 0.0,
            "punknown": 0.0,
            "time": 259.88864398002625,
            "delp_calls": 6273,
            "percY": 1055996.82,
            "percN": 0.0,
            "percU": 0.0,
            "percUNK": 0.0,
            "l": 0.9999999999999993,
            "u": 1.0,
            "flag": "INTEREST"
        },
        "~a_5": {
            "yes": 5439,
            "no": 0,
            "undecided": 0,
            "unknown": 0,
            "pyes": 0.9999999999999994,
            "pno": 0.0,
            "pundecided": 0.0,
            "punknown": 0.0,
            "time": 261.98439955711365,
            "delp_calls": 5439,
            "percY": 915601.26,
            "percN": 0.0,
            "percU": 0.0,
            "percUNK": 0.0,
            "l": 0.9999999999999994,
            "u": 1.0,
            "flag": "INTEREST"
        },
        "~a_8": {
            "yes": 947,
            "no": 3895,
            "undecided": 280,
            "unknown": 0,
            "pyes": 0.0,
            "pno": 0.9999999999999998,
            "pundecided": 0.0,
            "punknown": 0.0,
            "time": 264.12608432769775,
            "delp_calls": 5122,
            "percY": 159417.98,
            "percN": 655684.3,
            "percU": 47135.2,
            "percUNK": 0.0,
            "l": 0.0,
            "u": 2.220446049250313e-16,
            "flag": "INTEREST"
        }
    },
    "data": {
        "n_samples": 16834,
        "time": 900.088280916214,
        "repeated_programs": 0,
        "inconsistent_programs": 0,
        "worlds_consulted": 1536,
        "delp_calls": 16834
    }
}