{
    "status": {
        "~a_0": {
            "yes": 135012,
            "no": 0,
            "undecided": 0,
            "unknown": 135313,
            "pyes": 0.011315570868130414,
            "pno": 0.0,
            "pundecided": 0.0,
            "punknown": 0.004598432654625769,
            "time": 11198.845843791962,
            "delp_calls": 4096,
            "percY": 367850994.96,
            "percN": 0.0,
            "percU": 0.0,
            "percUNK": 368671093.54,
            "l": 0.011315570868130414,
            "u": 1.0
        }
    },
    "data": {
        "n_samples": 272458,
        "time": 300.0002820491791,
        "repeated_worlds": 2133,
        "repeated_progs": 268362,
        "unique_progs": 4096,
        "delp_calls": 4096
    }
}