{
    "status": {
        "~a_0": {
            "yes": 3152,
            "no": 0,
            "undecided": 0,
            "unknown": 0,
            "pyes": 0.6143237840135644,
            "pno": 0.0,
            "pundecided": 0.0,
            "punknown": 0.0,
            "time": 131.18800449371338,
            "delp_calls": 6035,
            "percY": 190223.2,
            "percN": 0.0,
            "percU": 0.0,
            "percUNK": 0.0,
            "l": 0.6143237840135644,
            "u": 1.0,
            "flag": "INTEREST"
        }
    },
    "data": {
        "n_samples": 6035,
        "time": 300.0462257862091,
        "repeated_programs": 0,
        "inconsistent_programs": 2883,
        "worlds_consulted": 1613,
        "delp_calls": 6035
    }
}