{
    "status": {
        "a_6": {
            "yes": 1859,
            "no": 0,
            "undecided": 0,
            "unknown": 0,
            "pyes": 0.0005872097689909897,
            "pno": 0.0,
            "pundecided": 0.0,
            "punknown": 0.0,
            "time": 77.56949782371521,
            "delp_calls": 2534,
            "percY": 47107.06,
            "percN": 0.0,
            "percU": 0.0,
            "percUNK": 0.0,
            "l": 0.0005872097689909897,
            "u": 1.0
        }
    },
    "data": {
        "n_samples": 2534,
        "time": 300.04531717300415,
        "repeated_programs": 0,
        "inconsistent_programs": 675,
        "worlds_consulted": 2615,
        "delp_calls": 2534
    }
}