{
    "status": {
        "a_15": {
            "yes": 227,
            "no": 0,
            "undecided": 2166,
            "unknown": 0,
            "pyes": 0.7075022546415379,
            "pno": 0.0,
            "pundecided": 0.15749447648010154,
            "punknown": 0.0,
            "time": 100.39400434494019,
            "delp_calls": 4745,
            "percY": 10771.15,
            "percN": 0.0,
            "percU": 102776.7,
            "percUNK": 0.0,
            "l": 0.7075022546415379,
            "u": 1.0,
            "flag": "INTEREST"
        }
    },
    "data": {
        "n_samples": 4745,
        "time": 300.0131847858429,
        "repeated_programs": 0,
        "inconsistent_programs": 2352,
        "worlds_consulted": 1441,
        "delp_calls": 4745
    }
}