{
    "status": {
        "d_10": {
            "yes": 1719,
            "no": 0,
            "undecided": 1649,
            "unknown": 0,
            "pyes": 0.9116157600000002,
            "pno": 0.0,
            "pundecided": 0.002734359999999999,
            "punknown": 0.0,
            "time": 146.49402594566345,
            "delp_calls": 6145,
            "percY": 316450.71,
            "percN": 0.0,
            "percU": 303564.41,
            "percUNK": 0.0,
            "l": 0.9116157600000002,
            "u": 1.0,
            "flag": "INTEREST"
        },
        "~a_5": {
            "yes": 1710,
            "no": 0,
            "undecided": 1707,
            "unknown": 0,
            "pyes": 0.9119826375049839,
            "pno": 0.0,
            "pundecided": 0.0023639999999999976,
            "punknown": 0.0,
            "time": 145.2475860118866,
            "delp_calls": 6288,
            "percY": 314793.9,
            "percN": 0.0,
            "percU": 314241.63,
            "percUNK": 0.0,
            "l": 0.9119826375049839,
            "u": 1.0,
            "flag": "INTEREST"
        },
        "~a_8": {
            "yes": 541,
            "no": 1223,
            "undecided": 1527,
            "unknown": 0,
            "pyes": 0.8161143608399597,
            "pno": 0.01850442869604044,
            "pundecided": 0.07973133046400001,
            "punknown": 0.0,
            "time": 147.11382150650024,
            "delp_calls": 5976,
            "percY": 99592.69,
            "percN": 225142.07,
            "percU": 281105.43,
            "percUNK": 0.0,
            "l": 0.8161143608399597,
            "u": 0.9814955713039596,
            "flag": "INTEREST"
        }
    },
    "data": {
        "n_samples": 18409,
        "time": 900.0490667819977,
        "repeated_programs": 0,
        "inconsistent_programs": 8333,
        "worlds_consulted": 1533,
        "delp_calls": 18409
    }
}