{
    "status": {
        "~d_13": {
            "yes": 874,
            "no": 0,
            "undecided": 0,
            "unknown": 0,
            "pyes": 0.8469914619822491,
            "pno": 0.0,
            "pundecided": 0.0,
            "punknown": 0.0,
            "time": 42.77726101875305,
            "delp_calls": 874,
            "percY": 23082.34,
            "percN": 0.0,
            "percU": 0.0,
            "percUNK": 0.0,
            "l": 0.8469914619822491,
            "u": 1.0,
            "flag": "INTEREST"
        },
        "a_7": {
            "yes": 283,
            "no": 326,
            "undecided": 297,
            "unknown": 0,
            "pyes": 0.47885327178936166,
            "pno": 0.11621952115290772,
            "pundecided": 0.3531669011260923,
            "punknown": 0.0,
            "time": 45.108980894088745,
            "delp_calls": 906,
            "percY": 7474.03,
            "percN": 8609.66,
            "percU": 7843.77,
            "percUNK": 0.0,
            "l": 0.47885327178936166,
            "u": 0.8837804788470923,
            "flag": "INTEREST"
        },
        "~a_7": {
            "yes": 267,
            "no": 317,
            "undecided": 277,
            "unknown": 0,
            "pyes": 0.09051088170479672,
            "pno": 0.4930277170223521,
            "pundecided": 0.3524819674347541,
            "punknown": 0.0,
            "time": 42.8012912273407,
            "delp_calls": 861,
            "percY": 7051.47,
            "percN": 8371.97,
            "percU": 7315.57,
            "percUNK": 0.0,
            "l": 0.09051088170479672,
            "u": 0.506972282977648,
            "flag": "INTEREST"
        }
    },
    "data": {
        "n_samples": 2641,
        "time": 906.2782216072083,
        "repeated_programs": 0,
        "inconsistent_programs": 0,
        "worlds_consulted": 88326,
        "delp_calls": 2641
    }
}