{
    "status": {
        "d_12": {
            "yes": 76421,
            "no": 0,
            "undecided": 0,
            "unknown": 0,
            "pyes": 0.00410327136699578,
            "pno": 0.0,
            "pundecided": 0.0,
            "punknown": 0.0,
            "time": 3805.155797481537,
            "delp_calls": 384,
            "percY": 115441562.6,
            "percN": 0.0,
            "percU": 0.0,
            "percUNK": 0.0,
            "l": 0.00410327136699578,
            "u": 1.0
        },
        "~a_6": {
            "yes": 74305,
            "no": 0,
            "undecided": 0,
            "unknown": 0,
            "pyes": 0.0052672903340046685,
            "pno": 0.0,
            "pundecided": 0.0,
            "punknown": 0.0,
            "time": 3704.3286685943604,
            "delp_calls": 384,
            "percY": 112245133.0,
            "percN": 0.0,
            "percU": 0.0,
            "percUNK": 0.0,
            "l": 0.0052672903340046685,
            "u": 1.0
        }
    },
    "data": {
        "n_samples": 151060,
        "time": 120.00087571144104,
        "repeated_worlds": 334,
        "repeated_progs": 150292,
        "unique_progs": 768,
        "delp_calls": 768
    }
}