{
    "status": {
        "d_45": {
            "yes": 1072,
            "no": 0,
            "undecided": 1136,
            "unknown": 0,
            "pyes": 0.0029427283076713245,
            "pno": 0.0,
            "pundecided": 0.043299077716830156,
            "punknown": 0.0,
            "time": 90.03945970535278,
            "delp_calls": 4458,
            "percY": 93724.96,
            "percN": 0.0,
            "percU": 99320.48,
            "percUNK": 0.0,
            "l": 0.0029427283076713245,
            "u": 1.0
        },
        "~a_18": {
            "yes": 1137,
            "no": 139,
            "undecided": 841,
            "unknown": 0,
            "pyes": 0.012166756954643783,
            "pno": 0.002794463980880274,
            "pundecided": 0.02805033277513943,
            "punknown": 0.0,
            "time": 96.37696170806885,
            "delp_calls": 4285,
            "percY": 99407.91,
            "percN": 12152.77,
            "percU": 73528.63,
            "percUNK": 0.0,
            "l": 0.012166756954643783,
            "u": 0.9972055360191198
        }
    },
    "data": {
        "n_samples": 8743,
        "time": 600.0294513702393,
        "repeated_programs": 0,
        "inconsistent_programs": 4418,
        "worlds_consulted": 2703,
        "delp_calls": 8743
    }
}