{
    "status": {
        "~d_13": {
            "yes": 5490,
            "no": 0,
            "undecided": 0,
            "unknown": 0,
            "pyes": 1.0000000000000004,
            "pno": 0.0,
            "pundecided": 0.0,
            "punknown": 0.0,
            "time": 260.8071904182434,
            "delp_calls": 5490,
            "percY": 643757.4,
            "percN": 0.0,
            "percU": 0.0,
            "percUNK": 0.0,
            "l": 1.0000000000000004,
            "u": 1.0,
            "flag": "INTEREST"
        },
        "~a_7": {
            "yes": 0,
            "no": 4411,
            "undecided": 1825,
            "unknown": 0,
            "pyes": 0.0,
            "pno": 0.9458687231200004,
            "pundecided": 0.054131276879999995,
            "punknown": 0.0,
            "time": 253.20298385620117,
            "delp_calls": 6236,
            "percY": 0.0,
            "percN": 517233.86,
            "percU": 213999.5,
            "percUNK": 0.0,
            "l": 0.0,
            "u": 0.054131276879999635,
            "flag": "INTEREST"
        }
    },
    "data": {
        "n_samples": 11726,
        "time": 600.0890305042267,
        "repeated_programs": 0,
        "inconsistent_programs": 0,
        "worlds_consulted": 2048,
        "delp_calls": 11726
    }
}