{
    "status": {
        "~d_13": {
            "yes": 4096,
            "no": 0,
            "undecided": 0,
            "unknown": 0,
            "pyes": 0.9999999999999989,
            "pno": 0.0,
            "pundecided": 0.0,
            "punknown": 0.0,
            "time": 160.67548942565918,
            "delp_calls": 198,
            "percY": 1536248340.48,
            "percN": 0.0,
            "percU": 0.0,
            "percUNK": 0.0,
            "l": 0.9999999999999989,
            "u": 1.0,
            "flag": "INTEREST"
        },
        "~a_7": {
            "yes": 0,
            "no": 2816,
            "undecided": 1280,
            "unknown": 0,
            "pyes": 0.0,
            "pno": 0.9458687231200008,
            "pundecided": 0.05413127687999993,
            "punknown": 0.0,
            "time": 169.2002878189087,
            "delp_calls": 198,
            "percY": 0.0,
            "percN": 1056170734.08,
            "percU": 480077606.4,
            "percUNK": 0.0,
            "l": 0.0,
            "u": 0.05413127687999919,
            "flag": "INTEREST"
        }
    },
    "data": {
        "n_samples": 37506063,
        "time": 600.0000240802765,
        "repeated_worlds": 37497871,
        "repeated_progs": 37505667,
        "unique_progs": 396,
        "delp_calls": 396
    }
}