{
    "status": {
        "a_15": {
            "yes": 282,
            "no": 35,
            "undecided": 416,
            "unknown": 3,
            "pyes": 0.06045240271804254,
            "pno": 4.776455749799301e-05,
            "pundecided": 0.019776121639589306,
            "punknown": 0.0007097802284779315,
            "time": 32.877952575683594,
            "delp_calls": 736,
            "percY": 2075.52,
            "percN": 257.6,
            "percU": 3061.76,
            "percUNK": 22.08,
            "l": 0.06045240271804254,
            "u": 0.999952235442502
        }
    },
    "data": {
        "n_samples": 736,
        "time": 300.20660042762756,
        "repeated_programs": 0,
        "inconsistent_programs": 0,
        "worlds_consulted": 677,
        "delp_calls": 736
    }
}