{
    "status": {
        "a_8": {
            "yes": 3247,
            "no": 0,
            "undecided": 0,
            "unknown": 0,
            "pyes": 0.7800397452157484,
            "pno": 0.0,
            "pundecided": 0.0,
            "punknown": 0.0,
            "time": 129.96076035499573,
            "delp_calls": 3247,
            "percY": 105430.09,
            "percN": 0.0,
            "percU": 0.0,
            "percUNK": 0.0,
            "l": 0.7800397452157484,
            "u": 1.0,
            "flag": "INTEREST"
        }
    },
    "data": {
        "n_samples": 3247,
        "time": 300.0296642780304,
        "repeated_programs": 0,
        "inconsistent_programs": 0,
        "worlds_consulted": 2341,
        "delp_calls": 3247
    }
}