{
    "status": {
        "a_6": {
            "yes": 2560,
            "no": 0,
            "undecided": 1408,
            "unknown": 128,
            "pyes": 0.917847600000001,
            "pno": 0.0,
            "pundecided": 0.07984449898736372,
            "punknown": 0.0023079010126361987,
            "time": 163.61093735694885,
            "delp_calls": 4082,
            "percY": 421982796.8,
            "percN": 0.0,
            "percU": 232090538.24,
            "percUNK": 21099139.84,
            "l": 0.917847600000001,
            "u": 1.0,
            "flag": "INTEREST"
        },
        "a_11": {
            "yes": 2752,
            "no": 0,
            "undecided": 1344,
            "unknown": 0,
            "pyes": 0.9424014031965297,
            "pno": 0.0,
            "pundecided": 0.0575985968034688,
            "punknown": 0.0,
            "time": 161.7449381351471,
            "delp_calls": 4082,
            "percY": 453631506.56,
            "percN": 0.0,
            "percU": 221540968.32,
            "percUNK": 0.0,
            "l": 0.9424014031965297,
            "u": 1.0,
            "flag": "INTEREST"
        }
    },
    "data": {
        "n_samples": 16483703,
        "time": 600.0000169277191,
        "repeated_worlds": 16475511,
        "repeated_progs": 16475539,
        "unique_progs": 8164,
        "delp_calls": 8164
    }
}