{
    "status": {
        "a_6": {
            "yes": 1032,
            "no": 0,
            "undecided": 529,
            "unknown": 63,
            "pyes": 0.6538785201394733,
            "pno": 0.0,
            "pundecided": 0.054868587066736224,
            "punknown": 0.0021340602705778398,
            "time": 62.76494264602661,
            "delp_calls": 1624,
            "percY": 33498.72,
            "percN": 0.0,
            "percU": 17171.34,
            "percUNK": 2044.98,
            "l": 0.6538785201394733,
            "u": 1.0,
            "flag": "INTEREST"
        },
        "a_11": {
            "yes": 1047,
            "no": 0,
            "undecided": 575,
            "unknown": 0,
            "pyes": 0.12810160618982006,
            "pno": 0.0,
            "pundecided": 0.011193998684143152,
            "punknown": 0.0,
            "time": 62.542439460754395,
            "delp_calls": 1622,
            "percY": 33985.62,
            "percN": 0.0,
            "percU": 18664.5,
            "percUNK": 0.0,
            "l": 0.12810160618982006,
            "u": 1.0
        }
    },
    "data": {
        "n_samples": 3246,
        "time": 600.1971061229706,
        "repeated_programs": 0,
        "inconsistent_programs": 0,
        "worlds_consulted": 2696,
        "delp_calls": 3246
    }
}