{
    "status": {
        "a_6": {
            "yes": 325276,
            "no": 0,
            "undecided": 325949,
            "unknown": 0,
            "pyes": 0.019399823042476633,
            "pno": 0.0,
            "pundecided": 0.015392088993483485,
            "punknown": 0.0,
            "time": 25171.762737751007,
            "delp_calls": 1024,
            "percY": 4165712149.2,
            "percN": 0.0,
            "percU": 4174331058.3,
            "percUNK": 0.0,
            "l": 0.019399823042476633,
            "u": 1.0
        },
        "a_8": {
            "yes": 132434,
            "no": 132653,
            "undecided": 340266,
            "unknown": 0,
            "pyes": 0.007086709897124689,
            "pno": 0.012343639478467429,
            "pundecided": 0.021804010589181456,
            "punknown": 0.0,
            "time": 31136.374166727066,
            "delp_calls": 1024,
            "percY": 1696042507.8,
            "percN": 1698847175.1,
            "percU": 4357684582.2,
            "percUNK": 0.0,
            "l": 0.007086709897124689,
            "u": 0.9876563605215326
        }
    },
    "data": {
        "n_samples": 1280670,
        "time": 600.0000898838043,
        "repeated_worlds": 24092,
        "repeated_progs": 1278622,
        "unique_progs": 2048,
        "delp_calls": 2048
    }
}