{
    "status": {
        "a_17": {
            "yes": 640,
            "no": 640,
            "undecided": 2816,
            "unknown": 0,
            "pyes": 0.06519818917560331,
            "pno": 0.7611180867023623,
            "pundecided": 0.1736837241220353,
            "punknown": 0.0,
            "time": 251.68192267417908,
            "delp_calls": 4096,
            "percY": 26354233.6,
            "percN": 26354233.6,
            "percU": 115958627.84,
            "percUNK": 0.0,
            "l": 0.06519818917560331,
            "u": 0.23888191329763775,
            "flag": "INTEREST"
        },
        "~a_17": {
            "yes": 640,
            "no": 640,
            "undecided": 2816,
            "unknown": 0,
            "pyes": 0.761118086702362,
            "pno": 0.06519818917560322,
            "pundecided": 0.17368372412203514,
            "punknown": 0.0,
            "time": 277.5381329059601,
            "delp_calls": 4096,
            "percY": 26354233.6,
            "percN": 26354233.6,
            "percU": 115958627.84,
            "percUNK": 0.0,
            "l": 0.761118086702362,
            "u": 0.9348018108243967,
            "flag": "INTEREST"
        }
    },
    "data": {
        "n_samples": 4117849,
        "time": 600.000009059906,
        "repeated_worlds": 4109657,
        "repeated_progs": 4109657,
        "unique_progs": 8192,
        "delp_calls": 8192
    }
}