{
    "status": {
        "d_13": {
            "yes": 4096,
            "no": 0,
            "undecided": 0,
            "unknown": 0,
            "pyes": 1.0000000000000004,
            "pno": 0.0,
            "pundecided": 0.0,
            "punknown": 0.0,
            "time": 163.719078540802,
            "delp_calls": 288,
            "percY": 2307903897.6,
            "percN": 0.0,
            "percU": 0.0,
            "percUNK": 0.0,
            "l": 1.0000000000000004,
            "u": 1.0,
            "flag": "INTEREST"
        },
        "a_5": {
            "yes": 4096,
            "no": 0,
            "undecided": 0,
            "unknown": 0,
            "pyes": 1.0000000000000004,
            "pno": 0.0,
            "pundecided": 0.0,
            "punknown": 0.0,
            "time": 162.12707328796387,
            "delp_calls": 288,
            "percY": 2307903897.6,
            "percN": 0.0,
            "percU": 0.0,
            "percUNK": 0.0,
            "l": 1.0000000000000004,
            "u": 1.0,
            "flag": "INTEREST"
        },
        "a_8": {
            "yes": 672,
            "no": 304,
            "undecided": 3120,
            "unknown": 0,
            "pyes": 0.005767619999999999,
            "pno": 0.807480153600001,
            "pundecided": 0.1867522263999998,
            "punknown": 0.0,
            "time": 203.0669915676117,
            "delp_calls": 288,
            "percY": 378640483.2,
            "percN": 171289742.4,
            "percU": 1757973672.0,
            "percUNK": 0.0,
            "l": 0.005767619999999999,
            "u": 0.19251984639999897,
            "flag": "INTEREST"
        }
    },
    "data": {
        "n_samples": 56345310,
        "time": 900.0000331401825,
        "repeated_worlds": 56333022,
        "repeated_progs": 56344446,
        "unique_progs": 864,
        "delp_calls": 864
    }
}