{
    "status": {
        "d_13": {
            "yes": 4673,
            "no": 0,
            "undecided": 0,
            "unknown": 0,
            "pyes": 1.0,
            "pno": 0.0,
            "pundecided": 0.0,
            "punknown": 0.0,
            "time": 235.64554166793823,
            "delp_calls": 4673,
            "percY": 651369.47,
            "percN": 0.0,
            "percU": 0.0,
            "percUNK": 0.0,
            "l": 1.0,
            "u": 1.0,
            "flag": "INTEREST"
        },
        "a_5": {
            "yes": 4757,
            "no": 0,
            "undecided": 0,
            "unknown": 0,
            "pyes": 1.0000000000000002,
            "pno": 0.0,
            "pundecided": 0.0,
            "punknown": 0.0,
            "time": 236.09554958343506,
            "delp_calls": 4757,
            "percY": 663078.23,
            "percN": 0.0,
            "percU": 0.0,
            "percUNK": 0.0,
            "l": 1.0000000000000002,
            "u": 1.0,
            "flag": "INTEREST"
        },
        "a_8": {
            "yes": 912,
            "no": 672,
            "undecided": 2925,
            "unknown": 0,
            "pyes": 0.005767619999999999,
            "pno": 0.8074801536000001,
            "pundecided": 0.1867522263999999,
            "punknown": 0.0,
            "time": 237.765718460083,
            "delp_calls": 4509,
            "percY": 127123.68,
            "percN": 93670.08,
            "percU": 407715.75,
            "percUNK": 0.0,
            "l": 0.005767619999999999,
            "u": 0.19251984639999986,
            "flag": "INTEREST"
        }
    },
    "data": {
        "n_samples": 13939,
        "time": 900.1014401912689,
        "repeated_programs": 0,
        "inconsistent_programs": 0,
        "worlds_consulted": 12288,
        "delp_calls": 13939
    }
}