{
    "status": {
        "d_64": {
            "yes": 7001,
            "no": 0,
            "undecided": 0,
            "unknown": 0,
            "pyes": 0.04243707660378748,
            "pno": 0.0,
            "pundecided": 0.0,
            "punknown": 0.0,
            "time": 286.5856337547302,
            "delp_calls": 6961,
            "percY": 496440.91,
            "percN": 0.0,
            "percU": 0.0,
            "percUNK": 0.0,
            "l": 0.04243707660378748,
            "u": 1.0
        }
    },
    "data": {
        "n_samples": 7091,
        "time": 300.0098695755005,
        "repeated_worlds": 90,
        "repeated_progs": 130,
        "unique_progs": 6961,
        "delp_calls": 6961
    }
}