{
    "status": {
        "d_64": {
            "yes": 2001,
            "no": 0,
            "undecided": 0,
            "unknown": 0,
            "pyes": 0.039624278351818365,
            "pno": 0.0,
            "pundecided": 0.0,
            "punknown": 0.0,
            "time": 84.11225938796997,
            "delp_calls": 2001,
            "percY": 40040.01,
            "percN": 0.0,
            "percU": 0.0,
            "percUNK": 0.0,
            "l": 0.039624278351818365,
            "u": 1.0
        }
    },
    "data": {
        "n_samples": 2001,
        "time": 300.13328218460083,
        "repeated_programs": 0,
        "inconsistent_programs": 0,
        "worlds_consulted": 2402,
        "delp_calls": 2001
    }
}