{
    "status": {
        "d_44": {
            "yes": 814,
            "no": 0,
            "undecided": 2384,
            "unknown": 0,
            "pyes": 0.7943263092156438,
            "pno": 0.0,
            "pundecided": 0.06454403051616121,
            "punknown": 0.0,
            "time": 129.63849353790283,
            "delp_calls": 3198,
            "percY": 78485.88,
            "percN": 0.0,
            "percU": 229865.28,
            "percUNK": 0.0,
            "l": 0.7943263092156438,
            "u": 1.0,
            "flag": "INTEREST"
        },
        "a_14": {
            "yes": 206,
            "no": 0,
            "undecided": 3064,
            "unknown": 0,
            "pyes": 0.7137490818725812,
            "pno": 0.0,
            "pundecided": 0.09287244375088248,
            "punknown": 0.0,
            "time": 129.98143124580383,
            "delp_calls": 3270,
            "percY": 19862.52,
            "percN": 0.0,
            "percU": 295430.88,
            "percUNK": 0.0,
            "l": 0.7137490818725812,
            "u": 1.0,
            "flag": "INTEREST"
        },
        "a_19": {
            "yes": 1736,
            "no": 90,
            "undecided": 1348,
            "unknown": 0,
            "pyes": 0.8854583381222446,
            "pno": 0.0,
            "pundecided": 0.06101095652894908,
            "punknown": 0.0,
            "time": 132.86947989463806,
            "delp_calls": 3174,
            "percY": 167385.12,
            "percN": 8677.8,
            "percU": 129974.16,
            "percUNK": 0.0,
            "l": 0.8854583381222446,
            "u": 1.0,
            "flag": "INTEREST"
        }
    },
    "data": {
        "n_samples": 9642,
        "time": 900.1301910877228,
        "repeated_programs": 0,
        "inconsistent_programs": 0,
        "worlds_consulted": 6939,
        "delp_calls": 9642
    }
}