{
    "status": {
        "d_57": {
            "yes": 374,
            "no": 0,
            "undecided": 116,
            "unknown": 0,
            "pyes": 0.017476395486805414,
            "pno": 0.0,
            "pundecided": 8.631962368371138e-05,
            "punknown": 0.0,
            "time": 22.50187039375305,
            "delp_calls": 490,
            "percY": 3668.94,
            "percN": 0.0,
            "percU": 1137.96,
            "percUNK": 0.0,
            "l": 0.017476395486805414,
            "u": 1.0
        },
        "~a_11": {
            "yes": 378,
            "no": 0,
            "undecided": 113,
            "unknown": 0,
            "pyes": 0.019816841618383232,
            "pno": 0.0,
            "pundecided": 0.003965432030938354,
            "punknown": 0.0,
            "time": 22.514559030532837,
            "delp_calls": 491,
            "percY": 3708.18,
            "percN": 0.0,
            "percU": 1108.53,
            "percUNK": 0.0,
            "l": 0.019816841618383232,
            "u": 1.0
        }
    },
    "data": {
        "n_samples": 981,
        "time": 120.1349983215332,
        "repeated_programs": 0,
        "inconsistent_programs": 0,
        "worlds_consulted": 923,
        "delp_calls": 981
    }
}