{
    "status": {
        "d_43": {
            "yes": 108,
            "no": 0,
            "undecided": 4,
            "unknown": 6,
            "pyes": 4.693172206949913e-05,
            "pno": 0.0,
            "pundecided": 7.956983549245499e-07,
            "punknown": 4.3652139971814004e-07,
            "time": 5.70279860496521,
            "delp_calls": 118,
            "percY": 127.44,
            "percN": 0.0,
            "percU": 4.72,
            "percUNK": 7.08,
            "l": 4.693172206949913e-05,
            "u": 1.0
        }
    },
    "data": {
        "n_samples": 118,
        "time": 60.01161479949951,
        "repeated_programs": 0,
        "inconsistent_programs": 0,
        "worlds_consulted": 117,
        "delp_calls": 118
    }
}