{
    "status": {
        "d_43": {
            "yes": 973,
            "no": 0,
            "undecided": 73,
            "unknown": 61,
            "pyes": 0.6506867954573368,
            "pno": 0.0,
            "pundecided": 0.002382500949342349,
            "punknown": 0.012125417204541463,
            "time": 55.27950668334961,
            "delp_calls": 1107,
            "percY": 12425.21,
            "percN": 0.0,
            "percU": 932.21,
            "percUNK": 778.97,
            "l": 0.6506867954573368,
            "u": 1.0,
            "flag": "INTEREST"
        }
    },
    "data": {
        "n_samples": 1277,
        "time": 60.027514696121216,
        "repeated_worlds": 170,
        "repeated_progs": 170,
        "unique_progs": 1107,
        "delp_calls": 1107
    }
}