{
    "status": {
        "d_42": {
            "yes": 7038,
            "no": 0,
            "undecided": 0,
            "unknown": 0,
            "pyes": 0.03605861865685898,
            "pno": 0.0,
            "pundecided": 0.0,
            "punknown": 0.0,
            "time": 287.28217792510986,
            "delp_calls": 6996,
            "percY": 501809.4,
            "percN": 0.0,
            "percU": 0.0,
            "percUNK": 0.0,
            "l": 0.03605861865685898,
            "u": 1.0
        }
    },
    "data": {
        "n_samples": 7130,
        "time": 300.0303156375885,
        "repeated_worlds": 92,
        "repeated_progs": 134,
        "unique_progs": 6996,
        "delp_calls": 6996
    }
}