{
    "status": {
        "a_5": {
            "yes": 3034,
            "no": 0,
            "undecided": 0,
            "unknown": 0,
            "pyes": 0.19462685962484,
            "pno": 0.0,
            "pundecided": 0.0,
            "punknown": 0.0,
            "time": 123.13418555259705,
            "delp_calls": 3034,
            "percY": 180796.06,
            "percN": 0.0,
            "percU": 0.0,
            "percUNK": 0.0,
            "l": 0.19462685962484,
            "u": 1.0
        },
        "a_15": {
            "yes": 2278,
            "no": 0,
            "undecided": 647,
            "unknown": 0,
            "pyes": 0.2864476062242544,
            "pno": 0.0,
            "pundecided": 0.02637519046260609,
            "punknown": 0.0,
            "time": 128.2327630519867,
            "delp_calls": 2925,
            "percY": 135746.02,
            "percN": 0.0,
            "percU": 38554.73,
            "percUNK": 0.0,
            "l": 0.2864476062242544,
            "u": 1.0
        }
    },
    "data": {
        "n_samples": 5959,
        "time": 600.0891647338867,
        "repeated_programs": 0,
        "inconsistent_programs": 0,
        "worlds_consulted": 4716,
        "delp_calls": 5959
    }
}