{
    "status": {
        "a_6": {
            "yes": 2226,
            "no": 0,
            "undecided": 0,
            "unknown": 0,
            "pyes": 0.8847218002400106,
            "pno": 0.0,
            "pundecided": 0.0,
            "punknown": 0.0,
            "time": 135.31634163856506,
            "delp_calls": 3546,
            "percY": 157088.82,
            "percN": 0.0,
            "percU": 0.0,
            "percUNK": 0.0,
            "l": 0.8847218002400106,
            "u": 1.0,
            "flag": "INTEREST"
        },
        "a_8": {
            "yes": 0,
            "no": 1268,
            "undecided": 934,
            "unknown": 0,
            "pyes": 0.0,
            "pno": 0.811231034392342,
            "pundecided": 0.001431225902356677,
            "punknown": 0.0,
            "time": 136.1927511692047,
            "delp_calls": 3511,
            "percY": 0.0,
            "percN": 89482.76,
            "percU": 65912.38,
            "percUNK": 0.0,
            "l": 0.0,
            "u": 0.188768965607658,
            "flag": "INTEREST"
        }
    },
    "data": {
        "n_samples": 7057,
        "time": 600.077800989151,
        "repeated_programs": 0,
        "inconsistent_programs": 2629,
        "worlds_consulted": 23276,
        "delp_calls": 7057
    }
}