{
    "status": {
        "~d_49": {
            "yes": 222,
            "no": 0,
            "undecided": 233,
            "unknown": 0,
            "pyes": 0.02357912539461441,
            "pno": 0.0,
            "pundecided": 0.0028797934679354797,
            "punknown": 0.0,
            "time": 20.542733907699585,
            "delp_calls": 895,
            "percY": 3831.72,
            "percN": 0.0,
            "percU": 4021.58,
            "percUNK": 0.0,
            "l": 0.02357912539461441,
            "u": 1.0
        },
        "a_18": {
            "yes": 360,
            "no": 48,
            "undecided": 0,
            "unknown": 0,
            "pyes": 0.007940225109461452,
            "pno": 0.06560224297177626,
            "pundecided": 0.0,
            "punknown": 0.0,
            "time": 20.39517641067505,
            "delp_calls": 831,
            "percY": 6213.6,
            "percN": 828.48,
            "percU": 0.0,
            "percUNK": 0.0,
            "l": 0.007940225109461452,
            "u": 0.9343977570282237
        }
    },
    "data": {
        "n_samples": 1726,
        "time": 120.09064984321594,
        "repeated_programs": 0,
        "inconsistent_programs": 863,
        "worlds_consulted": 780,
        "delp_calls": 1726
    }
}