{
    "status": {
        "~d_49": {
            "yes": 578,
            "no": 0,
            "undecided": 581,
            "unknown": 0,
            "pyes": 0.6640237635517723,
            "pno": 0.0,
            "pundecided": 0.010458401525331161,
            "punknown": 0.0,
            "time": 57.27873921394348,
            "delp_calls": 1159,
            "percY": 15270.76,
            "percN": 0.0,
            "percU": 15350.02,
            "percUNK": 0.0,
            "l": 0.6640237635517723,
            "u": 1.0,
            "flag": "INTEREST"
        },
        "a_18": {
            "yes": 979,
            "no": 120,
            "undecided": 0,
            "unknown": 0,
            "pyes": 0.10368285588148113,
            "pno": 0.004402305201476365,
            "pundecided": 0.0,
            "punknown": 0.0,
            "time": 57.48374032974243,
            "delp_calls": 1099,
            "percY": 25865.18,
            "percN": 3170.4,
            "percU": 0.0,
            "percUNK": 0.0,
            "l": 0.10368285588148113,
            "u": 0.9955976947985237
        }
    },
    "data": {
        "n_samples": 2642,
        "time": 120.03479623794556,
        "repeated_worlds": 384,
        "repeated_progs": 384,
        "unique_progs": 2258,
        "delp_calls": 2258
    }
}