{
    "status": {
        "a_12": {
            "yes": 2048,
            "no": 0,
            "undecided": 2048,
            "unknown": 0,
            "pyes": 0.9699999999999994,
            "pno": 0.0,
            "pundecided": 0.029999999999999968,
            "punknown": 0.0,
            "time": 166.14217257499695,
            "delp_calls": 4096,
            "percY": 348701614.08,
            "percN": 0.0,
            "percU": 348701614.08,
            "percUNK": 0.0,
            "l": 0.9699999999999994,
            "u": 1.0,
            "flag": "INTEREST"
        },
        "~a_14": {
            "yes": 1600,
            "no": 448,
            "undecided": 2048,
            "unknown": 0,
            "pyes": 0.9461197097167102,
            "pno": 0.023880290283290334,
            "pundecided": 0.02999999999999997,
            "punknown": 0.0,
            "time": 185.78341627120972,
            "delp_calls": 4096,
            "percY": 272423136.0,
            "percN": 76278478.08,
            "percU": 348701614.08,
            "percUNK": 0.0,
            "l": 0.9461197097167102,
            "u": 0.9761197097167097,
            "flag": "INTEREST"
        }
    },
    "data": {
        "n_samples": 17026446,
        "time": 600.0000224113464,
        "repeated_worlds": 17018254,
        "repeated_progs": 17018254,
        "unique_progs": 8192,
        "delp_calls": 8192
    }
}