{
    "status": {
        "a_2": {
            "yes": 4096,
            "no": 0,
            "undecided": 0,
            "unknown": 0,
            "pyes": 0.9999999999999989,
            "pno": 0.0,
            "pundecided": 0.0,
            "punknown": 0.0,
            "time": 166.27114748954773,
            "delp_calls": 3410,
            "percY": 1280831242.24,
            "percN": 0.0,
            "percU": 0.0,
            "percUNK": 0.0,
            "l": 0.9999999999999989,
            "u": 1.0,
            "flag": "INTEREST"
        },
        "a_12": {
            "yes": 4096,
            "no": 0,
            "undecided": 0,
            "unknown": 0,
            "pyes": 0.9999999999999996,
            "pno": 0.0,
            "pundecided": 0.0,
            "punknown": 0.0,
            "time": 166.125394821167,
            "delp_calls": 3410,
            "percY": 1280831242.24,
            "percN": 0.0,
            "percU": 0.0,
            "percUNK": 0.0,
            "l": 0.9999999999999996,
            "u": 1.0,
            "flag": "INTEREST"
        },
        "a_15": {
            "yes": 3712,
            "no": 0,
            "undecided": 384,
            "unknown": 0,
            "pyes": 0.9953452842761725,
            "pno": 0.0,
            "pundecided": 0.004654715723825402,
            "punknown": 0.0,
            "time": 181.6053638458252,
            "delp_calls": 3410,
            "percY": 1160753313.28,
            "percN": 0.0,
            "percU": 120077928.96,
            "percUNK": 0.0,
            "l": 0.9953452842761725,
            "u": 1.0,
            "flag": "INTEREST"
        }
    },
    "data": {
        "n_samples": 31270294,
        "time": 900.0000240802765,
        "repeated_worlds": 31258006,
        "repeated_progs": 31260064,
        "unique_progs": 10230,
        "delp_calls": 10230
    }
}