{
    "status": {
        "~a_5": {
            "yes": 769,
            "no": 0,
            "undecided": 0,
            "unknown": 0,
            "pyes": 0.41962660792628276,
            "pno": 0.0,
            "pundecided": 0.0,
            "punknown": 0.0,
            "time": 33.50597596168518,
            "delp_calls": 1214,
            "percY": 18317.58,
            "percN": 0.0,
            "percU": 0.0,
            "percUNK": 0.0,
            "l": 0.41962660792628276,
            "u": 1.0
        },
        "a_8": {
            "yes": 0,
            "no": 737,
            "undecided": 0,
            "unknown": 0,
            "pyes": 0.0,
            "pno": 0.5803490775077109,
            "pundecided": 0.0,
            "punknown": 0.0,
            "time": 33.2929584980011,
            "delp_calls": 1168,
            "percY": 0.0,
            "percN": 17555.34,
            "percU": 0.0,
            "percUNK": 0.0,
            "l": 0.0,
            "u": 0.4196509224922891,
            "flag": "INTEREST"
        }
    },
    "data": {
        "n_samples": 2382,
        "time": 120.04873991012573,
        "repeated_programs": 0,
        "inconsistent_programs": 876,
        "worlds_consulted": 717,
        "delp_calls": 2382
    }
}