{
    "status": {
        "d_56": {
            "yes": 3030,
            "no": 0,
            "undecided": 0,
            "unknown": 0,
            "pyes": 0.3403354576185687,
            "pno": 0.0,
            "pundecided": 0.0,
            "punknown": 0.0,
            "time": 123.00488877296448,
            "delp_calls": 3030,
            "percY": 91809.0,
            "percN": 0.0,
            "percU": 0.0,
            "percUNK": 0.0,
            "l": 0.3403354576185687,
            "u": 1.0
        }
    },
    "data": {
        "n_samples": 3030,
        "time": 300.052362203598,
        "repeated_programs": 0,
        "inconsistent_programs": 0,
        "worlds_consulted": 2193,
        "delp_calls": 3030
    }
}