{
    "status": {
        "d_56": {
            "yes": 4096,
            "no": 0,
            "undecided": 0,
            "unknown": 0,
            "pyes": 1.0000000000000007,
            "pno": 0.0,
            "pundecided": 0.0,
            "punknown": 0.0,
            "time": 167.51337242126465,
            "delp_calls": 3956,
            "percY": 285716643.84,
            "percN": 0.0,
            "percU": 0.0,
            "percUNK": 0.0,
            "l": 1.0000000000000007,
            "u": 1.0,
            "flag": "INTEREST"
        }
    },
    "data": {
        "n_samples": 6975504,
        "time": 300.0000071525574,
        "repeated_worlds": 6971408,
        "repeated_progs": 6971548,
        "unique_progs": 3956,
        "delp_calls": 3956
    }
}