{
    "status": {
        "~a_13": {
            "yes": 576,
            "no": 0,
            "undecided": 566,
            "unknown": 0,
            "pyes": 0.17698626926018587,
            "pno": 0.0,
            "pundecided": 0.03461685750690107,
            "punknown": 0.0,
            "time": 57.546178579330444,
            "delp_calls": 1142,
            "percY": 7758.72,
            "percN": 0.0,
            "percU": 7624.02,
            "percUNK": 0.0,
            "l": 0.17698626926018587,
            "u": 1.0
        }
    },
    "data": {
        "n_samples": 1347,
        "time": 60.02829957008362,
        "repeated_worlds": 205,
        "repeated_progs": 205,
        "unique_progs": 1142,
        "delp_calls": 1142
    }
}