{
    "status": {
        "a_0": {
            "yes": 1088,
            "no": 0,
            "undecided": 1151,
            "unknown": 0,
            "pyes": 9.454275529720968e-05,
            "pno": 0.0,
            "pundecided": 1.0131823074880738e-05,
            "punknown": 0.0,
            "time": 93.31909322738647,
            "delp_calls": 1368,
            "percY": 70426.24,
            "percN": 0.0,
            "percU": 74504.23,
            "percUNK": 0.0,
            "l": 9.454275529720968e-05,
            "u": 1.0
        },
        "a_5": {
            "yes": 928,
            "no": 0,
            "undecided": 1185,
            "unknown": 0,
            "pyes": 2.698988486245134e-05,
            "pno": 0.0,
            "pundecided": 3.522890913847086e-05,
            "punknown": 0.0,
            "time": 90.45839500427246,
            "delp_calls": 1325,
            "percY": 60069.44,
            "percN": 0.0,
            "percU": 76705.05,
            "percUNK": 0.0,
            "l": 2.698988486245134e-05,
            "u": 1.0
        },
        "a_7": {
            "yes": 948,
            "no": 126,
            "undecided": 1046,
            "unknown": 0,
            "pyes": 5.339796101513307e-05,
            "pno": 1.1385763839380032e-06,
            "pundecided": 2.135625549026976e-05,
            "punknown": 0.0,
            "time": 91.09181904792786,
            "delp_calls": 1328,
            "percY": 61364.04,
            "percN": 8155.98,
            "percU": 67707.58,
            "percUNK": 0.0,
            "l": 5.339796101513307e-05,
            "u": 0.999998861423616
        }
    },
    "data": {
        "n_samples": 6473,
        "time": 180.07233953475952,
        "repeated_worlds": 1,
        "repeated_progs": 2452,
        "unique_progs": 4021,
        "delp_calls": 4021
    }
}