{
    "status": {
        "~a_8": {
            "yes": 131,
            "no": 154,
            "undecided": 21,
            "unknown": 0,
            "pyes": 0.014154273375492004,
            "pno": 0.16342344394540173,
            "pundecided": 0.0008432339790464856,
            "punknown": 0.0,
            "time": 14.649777889251709,
            "delp_calls": 325,
            "percY": 425.75,
            "percN": 500.5,
            "percU": 68.25,
            "percUNK": 0.0,
            "l": 0.014154273375492004,
            "u": 0.8365765560545982
        }
    },
    "data": {
        "n_samples": 325,
        "time": 60.01063513755798,
        "repeated_programs": 0,
        "inconsistent_programs": 19,
        "worlds_consulted": 9144,
        "delp_calls": 325
    }
}