{
    "status": {
        "d_49": {
            "yes": 2785,
            "no": 0,
            "undecided": 0,
            "unknown": 0,
            "pyes": 0.8207094511839963,
            "pno": 0.0,
            "pundecided": 0.0,
            "punknown": 0.0,
            "time": 113.24457287788391,
            "delp_calls": 2785,
            "percY": 228648.5,
            "percN": 0.0,
            "percU": 0.0,
            "percUNK": 0.0,
            "l": 0.8207094511839963,
            "u": 1.0,
            "flag": "INTEREST"
        },
        "~a_14": {
            "yes": 2788,
            "no": 0,
            "undecided": 0,
            "unknown": 0,
            "pyes": 0.1727405935898491,
            "pno": 0.0,
            "pundecided": 0.0,
            "punknown": 0.0,
            "time": 113.54012322425842,
            "delp_calls": 2788,
            "percY": 228894.8,
            "percN": 0.0,
            "percU": 0.0,
            "percUNK": 0.0,
            "l": 0.1727405935898491,
            "u": 1.0
        },
        "a_16": {
            "yes": 2251,
            "no": 386,
            "undecided": 0,
            "unknown": 0,
            "pyes": 0.07030936715179925,
            "pno": 0.03350486874518047,
            "pundecided": 0.0,
            "punknown": 0.0,
            "time": 122.01961207389832,
            "delp_calls": 2637,
            "percY": 184807.1,
            "percN": 31690.6,
            "percU": 0.0,
            "percUNK": 0.0,
            "l": 0.07030936715179925,
            "u": 0.9664951312548196
        }
    },
    "data": {
        "n_samples": 8210,
        "time": 900.0564126968384,
        "repeated_programs": 0,
        "inconsistent_programs": 0,
        "worlds_consulted": 6136,
        "delp_calls": 8210
    }
}