{
    "status": {
        "d_49": {
            "yes": 4096,
            "no": 0,
            "undecided": 0,
            "unknown": 0,
            "pyes": 0.9999999999999984,
            "pno": 0.0,
            "pundecided": 0.0,
            "punknown": 0.0,
            "time": 166.9988250732422,
            "delp_calls": 3984,
            "percY": 998220718.08,
            "percN": 0.0,
            "percU": 0.0,
            "percUNK": 0.0,
            "l": 0.9999999999999984,
            "u": 1.0,
            "flag": "INTEREST"
        },
        "~a_14": {
            "yes": 4096,
            "no": 0,
            "undecided": 0,
            "unknown": 0,
            "pyes": 0.999999999999999,
            "pno": 0.0,
            "pundecided": 0.0,
            "punknown": 0.0,
            "time": 167.32553696632385,
            "delp_calls": 3984,
            "percY": 998220718.08,
            "percN": 0.0,
            "percU": 0.0,
            "percUNK": 0.0,
            "l": 0.999999999999999,
            "u": 1.0,
            "flag": "INTEREST"
        },
        "a_16": {
            "yes": 3536,
            "no": 560,
            "undecided": 0,
            "unknown": 0,
            "pyes": 0.14742451205412102,
            "pno": 0.8525754879458781,
            "pundecided": 0.0,
            "punknown": 0.0,
            "time": 189.29539966583252,
            "delp_calls": 3984,
            "percY": 861745229.28,
            "percN": 136475488.8,
            "percU": 0.0,
            "percUNK": 0.0,
            "l": 0.14742451205412102,
            "u": 0.14742451205412188,
            "flag": "INTEREST"
        }
    },
    "data": {
        "n_samples": 24370623,
        "time": 900.000027179718,
        "repeated_worlds": 24358335,
        "repeated_progs": 24358671,
        "unique_progs": 11952,
        "delp_calls": 11952
    }
}