{
    "status": {
        "~a_14": {
            "yes": 192,
            "no": 3904,
            "undecided": 0,
            "unknown": 0,
            "pyes": 0.00016591219048799993,
            "pno": 0.9998340878095121,
            "pundecided": 0.0,
            "punknown": 0.0,
            "time": 170.5448398590088,
            "delp_calls": 3610,
            "percY": 17117074.56,
            "percN": 348047182.72,
            "percU": 0.0,
            "percUNK": 0.0,
            "l": 0.00016591219048799993,
            "u": 0.00016591219048789352,
            "flag": "INTEREST"
        }
    },
    "data": {
        "n_samples": 8915143,
        "time": 300.0000042915344,
        "repeated_worlds": 8911047,
        "repeated_progs": 8911533,
        "unique_progs": 3610,
        "delp_calls": 3610
    }
}