{
    "status": {
        "~a_0": {
            "yes": 3310,
            "no": 0,
            "undecided": 0,
            "unknown": 0,
            "pyes": 0.3734163052770209,
            "pno": 0.0,
            "pundecided": 0.0,
            "punknown": 0.0,
            "time": 133.3056137561798,
            "delp_calls": 3310,
            "percY": 218360.7,
            "percN": 0.0,
            "percU": 0.0,
            "percUNK": 0.0,
            "l": 0.3734163052770209,
            "u": 1.0
        },
        "a_14": {
            "yes": 967,
            "no": 0,
            "undecided": 2320,
            "unknown": 0,
            "pyes": 0.690413690721251,
            "pno": 0.0,
            "pundecided": 0.08634969836990042,
            "punknown": 0.0,
            "time": 132.44578886032104,
            "delp_calls": 3287,
            "percY": 63792.99,
            "percN": 0.0,
            "percU": 153050.4,
            "percUNK": 0.0,
            "l": 0.690413690721251,
            "u": 1.0,
            "flag": "INTEREST"
        }
    },
    "data": {
        "n_samples": 6597,
        "time": 600.068633556366,
        "repeated_programs": 0,
        "inconsistent_programs": 0,
        "worlds_consulted": 5333,
        "delp_calls": 6597
    }
}