{
    "status": {
        "~d_58": {
            "yes": 436,
            "no": 0,
            "undecided": 17,
            "unknown": 264,
            "pyes": 0.5249965317299866,
            "pno": 0.0,
            "pundecided": 0.00010878880925097626,
            "punknown": 0.005465102770405118,
            "time": 28.491304636001587,
            "delp_calls": 717,
            "percY": 3126.12,
            "percN": 0.0,
            "percU": 121.89,
            "percUNK": 1892.88,
            "l": 0.5249965317299866,
            "u": 1.0,
            "flag": "INTEREST"
        }
    },
    "data": {
        "n_samples": 717,
        "time": 300.0353283882141,
        "repeated_programs": 0,
        "inconsistent_programs": 0,
        "worlds_consulted": 672,
        "delp_calls": 717
    }
}