{
    "status": {
        "~d_58": {
            "yes": 2560,
            "no": 0,
            "undecided": 128,
            "unknown": 1408,
            "pyes": 0.7590454198056434,
            "pno": 0.0,
            "pundecided": 0.0022488928600448758,
            "punknown": 0.23870568733431152,
            "time": 164.01885771751404,
            "delp_calls": 4096,
            "percY": 203407513.6,
            "percN": 0.0,
            "percU": 10170375.68,
            "percUNK": 111874132.48,
            "l": 0.7590454198056434,
            "u": 1.0,
            "flag": "INTEREST"
        }
    },
    "data": {
        "n_samples": 7945606,
        "time": 300.0000147819519,
        "repeated_worlds": 7941510,
        "repeated_progs": 7941510,
        "unique_progs": 4096,
        "delp_calls": 4096
    }
}