{
    "status": {
        "d_12": {
            "yes": 450,
            "no": 0,
            "undecided": 65,
            "unknown": 0,
            "pyes": 0.8262449467821245,
            "pno": 0.0,
            "pundecided": 5.0994273075662896e-08,
            "punknown": 0.0,
            "time": 26.30835747718811,
            "delp_calls": 524,
            "percY": 7771.5,
            "percN": 0.0,
            "percU": 1122.55,
            "percUNK": 0.0,
            "l": 0.8262449467821245,
            "u": 1.0,
            "flag": "INTEREST"
        },
        "a_7": {
            "yes": 335,
            "no": 113,
            "undecided": 148,
            "unknown": 0,
            "pyes": 0.6738931880227581,
            "pno": 1.319148273469246e-05,
            "pundecided": 0.11185667358915843,
            "punknown": 0.0,
            "time": 27.380887031555176,
            "delp_calls": 615,
            "percY": 5785.45,
            "percN": 1951.51,
            "percU": 2555.96,
            "percUNK": 0.0,
            "l": 0.6738931880227581,
            "u": 0.9999868085172653,
            "flag": "INTEREST"
        },
        "~a_7": {
            "yes": 91,
            "no": 360,
            "undecided": 125,
            "unknown": 0,
            "pyes": 1.8448585903942416e-06,
            "pno": 0.7444275092751734,
            "pundecided": 0.03537278173466493,
            "punknown": 0.0,
            "time": 27.257599115371704,
            "delp_calls": 588,
            "percY": 1571.57,
            "percN": 6217.2,
            "percU": 2158.75,
            "percUNK": 0.0,
            "l": 1.8448585903942416e-06,
            "u": 0.2555724907248266,
            "flag": "INTEREST"
        }
    },
    "data": {
        "n_samples": 1727,
        "time": 180.7985246181488,
        "repeated_programs": 0,
        "inconsistent_programs": 40,
        "worlds_consulted": 27570,
        "delp_calls": 1727
    }
}