{
    "status": {
        "d_31": {
            "yes": 476,
            "no": 0,
            "undecided": 109,
            "unknown": 154,
            "pyes": 0.00823843284320523,
            "pno": 0.0,
            "pundecided": 0.0016121011684382227,
            "punknown": 0.03445018075712641,
            "time": 29.032315492630005,
            "delp_calls": 739,
            "percY": 3517.64,
            "percN": 0.0,
            "percU": 805.51,
            "percUNK": 1138.06,
            "l": 0.00823843284320523,
            "u": 1.0
        }
    },
    "data": {
        "n_samples": 739,
        "time": 300.24798464775085,
        "repeated_programs": 0,
        "inconsistent_programs": 0,
        "worlds_consulted": 683,
        "delp_calls": 739
    }
}