{
    "status": {
        "d_31": {
            "yes": 2560,
            "no": 0,
            "undecided": 640,
            "unknown": 896,
            "pyes": 0.9448982926316362,
            "pno": 0.0,
            "pundecided": 0.009471664559729441,
            "punknown": 0.04563004280863452,
            "time": 165.06402826309204,
            "delp_calls": 4096,
            "percY": 237717068.8,
            "percN": 0.0,
            "percU": 59429267.2,
            "percUNK": 83200974.08,
            "l": 0.9448982926316362,
            "u": 1.0,
            "flag": "INTEREST"
        }
    },
    "data": {
        "n_samples": 9285823,
        "time": 300.00000166893005,
        "repeated_worlds": 9281727,
        "repeated_progs": 9281727,
        "unique_progs": 4096,
        "delp_calls": 4096
    }
}