{
    "status": {
        "~a_10": {
            "yes": 2048,
            "no": 0,
            "undecided": 2048,
            "unknown": 0,
            "pyes": 0.9542240000000007,
            "pno": 0.0,
            "pundecided": 0.04577599999999996,
            "punknown": 0.0,
            "time": 164.9465572834015,
            "delp_calls": 4096,
            "percY": 191482654.72,
            "percN": 0.0,
            "percU": 191482654.72,
            "percUNK": 0.0,
            "l": 0.9542240000000007,
            "u": 1.0,
            "flag": "INTEREST"
        }
    },
    "data": {
        "n_samples": 9349739,
        "time": 300.00001215934753,
        "repeated_worlds": 9345643,
        "repeated_progs": 9345643,
        "unique_progs": 4096,
        "delp_calls": 4096
    }
}