{
    "status": {
        "~a_10": {
            "yes": 1343,
            "no": 0,
            "undecided": 1241,
            "unknown": 0,
            "pyes": 0.299463863668797,
            "pno": 0.0,
            "pundecided": 0.03030451929731651,
            "punknown": 0.0,
            "time": 103.0144956111908,
            "delp_calls": 5180,
            "percY": 69567.4,
            "percN": 0.0,
            "percU": 64283.8,
            "percUNK": 0.0,
            "l": 0.299463863668797,
            "u": 1.0
        }
    },
    "data": {
        "n_samples": 5180,
        "time": 300.01002836227417,
        "repeated_programs": 0,
        "inconsistent_programs": 2596,
        "worlds_consulted": 1478,
        "delp_calls": 5180
    }
}