{
    "status": {
        "d_59": {
            "yes": 3584,
            "no": 0,
            "undecided": 448,
            "unknown": 64,
            "pyes": 0.9993051695999982,
            "pno": 0.0,
            "pundecided": 0.0006943078875391997,
            "punknown": 5.225124608e-07,
            "time": 164.7977957725525,
            "delp_calls": 4096,
            "percY": 336561182.72,
            "percN": 0.0,
            "percU": 42070147.84,
            "percUNK": 6010021.12,
            "l": 0.9993051695999982,
            "u": 1.0,
            "flag": "INTEREST"
        }
    },
    "data": {
        "n_samples": 9390658,
        "time": 300.00000977516174,
        "repeated_worlds": 9386562,
        "repeated_progs": 9386562,
        "unique_progs": 4096,
        "delp_calls": 4096
    }
}