{
    "status": {
        "~a_2": {
            "yes": 3574,
            "no": 0,
            "undecided": 0,
            "unknown": 3121,
            "pyes": 0.9902999999999998,
            "pno": 0.0,
            "pundecided": 0.0,
            "punknown": 0.009700000000000004,
            "time": 257.7597761154175,
            "delp_calls": 6695,
            "percY": 721983.74,
            "percN": 0.0,
            "percU": 0.0,
            "percUNK": 630473.21,
            "l": 0.9902999999999998,
            "u": 1.0,
            "flag": "INTEREST"
        },
        "a_5": {
            "yes": 993,
            "no": 0,
            "undecided": 0,
            "unknown": 5822,
            "pyes": 0.9199999999999999,
            "pno": 0.0,
            "pundecided": 0.0,
            "punknown": 0.08,
            "time": 257.832888841629,
            "delp_calls": 6815,
            "percY": 200595.93,
            "percN": 0.0,
            "percU": 0.0,
            "percUNK": 1176102.22,
            "l": 0.9199999999999999,
            "u": 1.0,
            "flag": "INTEREST"
        },
        "~a_8": {
            "yes": 0,
            "no": 1746,
            "undecided": 4945,
            "unknown": 0,
            "pyes": 0.0,
            "pno": 0.9099999999999998,
            "pundecided": 0.09000000000000001,
            "punknown": 0.0,
            "time": 258.4327771663666,
            "delp_calls": 6691,
            "percY": 0.0,
            "percN": 352709.46,
            "percU": 998939.45,
            "percUNK": 0.0,
            "l": 0.0,
            "u": 0.09000000000000019,
            "flag": "INTEREST"
        }
    },
    "data": {
        "n_samples": 20201,
        "time": 900.0349781513214,
        "repeated_programs": 0,
        "inconsistent_programs": 0,
        "worlds_consulted": 1536,
        "delp_calls": 20201
    }
}