{
    "status": {
        "a_16": {
            "yes": 1568,
            "no": 480,
            "undecided": 2048,
            "unknown": 0,
            "pyes": 0.17683306121919337,
            "pno": 0.5840288077988068,
            "pundecided": 0.23913813098199993,
            "punknown": 0.0,
            "time": 169.80374264717102,
            "delp_calls": 4096,
            "percY": 141074606.4,
            "percN": 43186104.0,
            "percU": 184260710.4,
            "percUNK": 0.0,
            "l": 0.17683306121919337,
            "u": 0.41597119220119316,
            "flag": "INTEREST"
        }
    },
    "data": {
        "n_samples": 8997105,
        "time": 300.0000116825104,
        "repeated_worlds": 8993009,
        "repeated_progs": 8993009,
        "unique_progs": 4096,
        "delp_calls": 4096
    }
}