{
    "status": {
        "a_2": {
            "yes": 644234,
            "no": 0,
            "undecided": 0,
            "unknown": 0,
            "pyes": 0.039841606462665054,
            "pno": 0.0,
            "pundecided": 0.0,
            "punknown": 0.0,
            "time": 28157.737914323807,
            "delp_calls": 240,
            "percY": 12491111007.06,
            "percN": 0.0,
            "percU": 0.0,
            "percUNK": 0.0,
            "l": 0.039841606462665054,
            "u": 1.0
        },
        "a_7": {
            "yes": 650259,
            "no": 0,
            "undecided": 0,
            "unknown": 0,
            "pyes": 0.03982325674376708,
            "pno": 0.0,
            "pundecided": 0.0,
            "punknown": 0.0,
            "time": 36160.054493665695,
            "delp_calls": 240,
            "percY": 12607930274.31,
            "percN": 0.0,
            "percU": 0.0,
            "percUNK": 0.0,
            "l": 0.03982325674376708,
            "u": 1.0
        },
        "~a_8": {
            "yes": 327279,
            "no": 105910,
            "undecided": 174710,
            "unknown": 0,
            "pyes": 0.031083247532626666,
            "pno": 0.00048569669571892196,
            "pundecided": 0.0055135566943022105,
            "punknown": 0.0,
            "time": 40715.50720977783,
            "delp_calls": 240,
            "percY": 6345641986.11,
            "percN": 2053498521.9,
            "percU": 3387467913.9,
            "percUNK": 0.0,
            "l": 0.031083247532626666,
            "u": 0.999514303304281
        }
    },
    "data": {
        "n_samples": 1938909,
        "time": 900.0005526542664,
        "repeated_worlds": 36517,
        "repeated_progs": 1938189,
        "unique_progs": 720,
        "delp_calls": 720
    }
}