{
    "status": {
        "d_29": {
            "yes": 4096,
            "no": 0,
            "undecided": 0,
            "unknown": 0,
            "pyes": 1.0000000000000018,
            "pno": 0.0,
            "pundecided": 0.0,
            "punknown": 0.0,
            "time": 164.47152161598206,
            "delp_calls": 2792,
            "percY": 1016473354.24,
            "percN": 0.0,
            "percU": 0.0,
            "percUNK": 0.0,
            "l": 1.0000000000000018,
            "u": 1.0,
            "flag": "INTEREST"
        },
        "~a_12": {
            "yes": 2560,
            "no": 0,
            "undecided": 1536,
            "unknown": 0,
            "pyes": 0.9300681038920016,
            "pno": 0.0,
            "pundecided": 0.06993189610800002,
            "punknown": 0.0,
            "time": 172.26860356330872,
            "delp_calls": 2792,
            "percY": 635295846.4,
            "percN": 0.0,
            "percU": 381177507.84,
            "percUNK": 0.0,
            "l": 0.9300681038920016,
            "u": 1.0,
            "flag": "INTEREST"
        }
    },
    "data": {
        "n_samples": 24816244,
        "time": 600.000007390976,
        "repeated_worlds": 24808052,
        "repeated_progs": 24810660,
        "unique_progs": 5584,
        "delp_calls": 5584
    }
}