{
    "status": {
        "~a_4": {
            "yes": 559733,
            "no": 0,
            "undecided": 0,
            "unknown": 0,
            "pyes": 0.03344576016641441,
            "pno": 0.0,
            "pundecided": 0.0,
            "punknown": 0.0,
            "time": 25740.469379901886,
            "delp_calls": 796,
            "percY": 9278201375.96,
            "percN": 0.0,
            "percU": 0.0,
            "percUNK": 0.0,
            "l": 0.03344576016641441,
            "u": 1.0
        },
        "~a_8": {
            "yes": 545205,
            "no": 0,
            "undecided": 0,
            "unknown": 0,
            "pyes": 0.03214513382719013,
            "pno": 0.0,
            "pundecided": 0.0,
            "punknown": 0.0,
            "time": 29632.21192216873,
            "delp_calls": 796,
            "percY": 9037383504.6,
            "percN": 0.0,
            "percU": 0.0,
            "percUNK": 0.0,
            "l": 0.03214513382719013,
            "u": 1.0
        },
        "a_8": {
            "yes": 0,
            "no": 525713,
            "undecided": 0,
            "unknown": 0,
            "pyes": 0.0,
            "pno": 0.03282067283486011,
            "pundecided": 0.0,
            "punknown": 0.0,
            "time": 33908.72141933441,
            "delp_calls": 796,
            "percY": 0.0,
            "percN": 8714281773.56,
            "percU": 0.0,
            "percUNK": 0.0,
            "l": 0.0,
            "u": 0.9671793271651399
        }
    },
    "data": {
        "n_samples": 1657612,
        "time": 900.0008594989777,
        "repeated_worlds": 26961,
        "repeated_progs": 1655224,
        "unique_progs": 2388,
        "delp_calls": 2388
    }
}