{
    "status": {
        "~a_4": {
            "yes": 1504,
            "no": 0,
            "undecided": 0,
            "unknown": 0,
            "pyes": 0.9164503816896783,
            "pno": 0.0,
            "pundecided": 0.0,
            "punknown": 0.0,
            "time": 75.4936580657959,
            "delp_calls": 1504,
            "percY": 66326.4,
            "percN": 0.0,
            "percU": 0.0,
            "percUNK": 0.0,
            "l": 0.9164503816896783,
            "u": 1.0,
            "flag": "INTEREST"
        },
        "~a_8": {
            "yes": 1447,
            "no": 0,
            "undecided": 0,
            "unknown": 0,
            "pyes": 0.9167350710622622,
            "pno": 0.0,
            "pundecided": 0.0,
            "punknown": 0.0,
            "time": 75.53863477706909,
            "delp_calls": 1447,
            "percY": 63812.7,
            "percN": 0.0,
            "percU": 0.0,
            "percUNK": 0.0,
            "l": 0.9167350710622622,
            "u": 1.0,
            "flag": "INTEREST"
        },
        "a_8": {
            "yes": 0,
            "no": 1459,
            "undecided": 0,
            "unknown": 0,
            "pyes": 0.0,
            "pno": 0.8835196288552769,
            "pundecided": 0.0,
            "punknown": 0.0,
            "time": 77.9319658279419,
            "delp_calls": 1459,
            "percY": 0.0,
            "percN": 64341.9,
            "percU": 0.0,
            "percUNK": 0.0,
            "l": 0.0,
            "u": 0.1164803711447231,
            "flag": "INTEREST"
        }
    },
    "data": {
        "n_samples": 4410,
        "time": 900.1281933784485,
        "repeated_programs": 0,
        "inconsistent_programs": 0,
        "worlds_consulted": 85586,
        "delp_calls": 4410
    }
}