{
    "status": {
        "~d_24": {
            "yes": 2048,
            "no": 0,
            "undecided": 2048,
            "unknown": 0,
            "pyes": 0.8721320000000002,
            "pno": 0.0,
            "pundecided": 0.12786800000000006,
            "punknown": 0.0,
            "time": 167.17670822143555,
            "delp_calls": 2048,
            "percY": 280855203.84,
            "percN": 0.0,
            "percU": 280855203.84,
            "percUNK": 0.0,
            "l": 0.8721320000000002,
            "u": 1.0,
            "flag": "INTEREST"
        }
    },
    "data": {
        "n_samples": 13713633,
        "time": 300.00000405311584,
        "repeated_worlds": 13709537,
        "repeated_progs": 13711585,
        "unique_progs": 2048,
        "delp_calls": 2048
    }
}