{
    "status": {
        "a_12": {
            "yes": 906,
            "no": 0,
            "undecided": 167,
            "unknown": 52,
            "pyes": 0.05639953769010401,
            "pno": 0.0,
            "pundecided": 0.053179967689860844,
            "punknown": 2.247361865262301e-05,
            "time": 44.650739669799805,
            "delp_calls": 1125,
            "percY": 10192.5,
            "percN": 0.0,
            "percU": 1878.75,
            "percUNK": 585.0,
            "l": 0.05639953769010401,
            "u": 1.0
        }
    },
    "data": {
        "n_samples": 1125,
        "time": 300.0080485343933,
        "repeated_programs": 0,
        "inconsistent_programs": 0,
        "worlds_consulted": 989,
        "delp_calls": 1125
    }
}