{
    "status": {
        "a_2": {
            "yes": 1303,
            "no": 0,
            "undecided": 1141,
            "unknown": 0,
            "pyes": 0.8031600000000002,
            "pno": 0.0,
            "pundecided": 0.00035999999999999997,
            "punknown": 0.0,
            "time": 142.5851788520813,
            "delp_calls": 4648,
            "percY": 182941.2,
            "percN": 0.0,
            "percU": 160196.4,
            "percUNK": 0.0,
            "l": 0.8031600000000002,
            "u": 1.0,
            "flag": "INTEREST"
        },
        "a_5": {
            "yes": 1328,
            "no": 0,
            "undecided": 1245,
            "unknown": 0,
            "pyes": 0.8031600000000003,
            "pno": 0.0,
            "pundecided": 0.00035999999999999986,
            "punknown": 0.0,
            "time": 146.20989894866943,
            "delp_calls": 4757,
            "percY": 186451.2,
            "percN": 0.0,
            "percU": 174798.0,
            "percUNK": 0.0,
            "l": 0.8031600000000003,
            "u": 1.0,
            "flag": "INTEREST"
        },
        "a_8": {
            "yes": 1014,
            "no": 319,
            "undecided": 1137,
            "unknown": 0,
            "pyes": 0.7959926001600001,
            "pno": 0.0071673998400000015,
            "pundecided": 0.00035999999999999997,
            "punknown": 0.0,
            "time": 146.3001823425293,
            "delp_calls": 4635,
            "percY": 142365.6,
            "percN": 44787.6,
            "percU": 159634.8,
            "percUNK": 0.0,
            "l": 0.7959926001600001,
            "u": 0.99283260016,
            "flag": "INTEREST"
        }
    },
    "data": {
        "n_samples": 14040,
        "time": 900.1278786659241,
        "repeated_programs": 0,
        "inconsistent_programs": 6553,
        "worlds_consulted": 384,
        "delp_calls": 14040
    }
}