{
    "status": {
        "~a_1": {
            "yes": 1904,
            "no": 0,
            "undecided": 0,
            "unknown": 1912,
            "pyes": 0.17736759003129998,
            "pno": 0.0,
            "pundecided": 0.0,
            "punknown": 0.017998271060060342,
            "time": 147.48806381225586,
            "delp_calls": 6886,
            "percY": 131109.44,
            "percN": 0.0,
            "percU": 0.0,
            "percUNK": 131660.32,
            "l": 0.17736759003129998,
            "u": 1.0
        }
    },
    "data": {
        "n_samples": 6886,
        "time": 300.0199291706085,
        "repeated_programs": 0,
        "inconsistent_programs": 3070,
        "worlds_consulted": 512,
        "delp_calls": 6886
    }
}