{
    "status": {
        "~a_1": {
            "yes": 131072,
            "no": 0,
            "undecided": 0,
            "unknown": 131072,
            "pyes": 0.9077371456556503,
            "pno": 0.0,
            "pundecided": 0.0,
            "punknown": 0.09226285434433096,
            "time": 10004.147521972656,
            "delp_calls": 1024,
            "percY": 15940987125.76,
            "percN": 0.0,
            "percU": 0.0,
            "percUNK": 15940987125.76,
            "l": 0.9077371456556503,
            "u": 1.0,
            "flag": "INTEREST"
        }
    },
    "data": {
        "n_samples": 12162008,
        "time": 300.00000762939453,
        "repeated_worlds": 11899864,
        "repeated_progs": 12160984,
        "unique_progs": 1024,
        "delp_calls": 1024
    }
}