{
    "status": {
        "a_0": {
            "yes": 6132,
            "no": 0,
            "undecided": 0,
            "unknown": 0,
            "pyes": 1.0000000000000002,
            "pno": 0.0,
            "pundecided": 0.0,
            "punknown": 0.0,
            "time": 255.28918480873108,
            "delp_calls": 6132,
            "percY": 1108236.36,
            "percN": 0.0,
            "percU": 0.0,
            "percUNK": 0.0,
            "l": 1.0000000000000002,
            "u": 1.0,
            "flag": "INTEREST"
        },
        "a_7": {
            "yes": 6051,
            "no": 0,
            "undecided": 0,
            "unknown": 0,
            "pyes": 1.0000000000000002,
            "pno": 0.0,
            "pundecided": 0.0,
            "punknown": 0.0,
            "time": 256.12459444999695,
            "delp_calls": 6051,
            "percY": 1093597.23,
            "percN": 0.0,
            "percU": 0.0,
            "percUNK": 0.0,
            "l": 1.0000000000000002,
            "u": 1.0,
            "flag": "INTEREST"
        },
        "~a_7": {
            "yes": 0,
            "no": 5890,
            "undecided": 0,
            "unknown": 0,
            "pyes": 0.0,
            "pno": 0.9999999999999999,
            "pundecided": 0.0,
            "punknown": 0.0,
            "time": 256.54232239723206,
            "delp_calls": 5890,
            "percY": 0.0,
            "percN": 1064499.7,
            "percU": 0.0,
            "percUNK": 0.0,
            "l": 0.0,
            "u": 1.1102230246251565e-16,
            "flag": "INTEREST"
        }
    },
    "data": {
        "n_samples": 18073,
        "time": 900.0561184883118,
        "repeated_programs": 0,
        "inconsistent_programs": 0,
        "worlds_consulted": 3072,
        "delp_calls": 18073
    }
}