{
    "status": {
        "a_11": {
            "yes": 2432,
            "no": 0,
            "undecided": 1600,
            "unknown": 64,
            "pyes": 0.9766143715328232,
            "pno": 0.0,
            "pundecided": 0.023164142331907264,
            "punknown": 0.00022148613527039996,
            "time": 165.26789259910583,
            "delp_calls": 4096,
            "percY": 451069922.56,
            "percN": 0.0,
            "percU": 296756528.0,
            "percUNK": 11870261.12,
            "l": 0.9766143715328232,
            "u": 1.0,
            "flag": "INTEREST"
        },
        "~a_19": {
            "yes": 1548,
            "no": 956,
            "undecided": 1592,
            "unknown": 0,
            "pyes": 0.8433074225024394,
            "pno": 0.13800327387086816,
            "pundecided": 0.018689303626691196,
            "punknown": 0.0,
            "time": 164.34151530265808,
            "delp_calls": 4096,
            "percY": 287111940.84,
            "percN": 177312025.48,
            "percU": 295272745.36,
            "percUNK": 0.0,
            "l": 0.8433074225024394,
            "u": 0.8619967261291318,
            "flag": "INTEREST"
        }
    },
    "data": {
        "n_samples": 18547283,
        "time": 600.0000050067902,
        "repeated_worlds": 18539091,
        "repeated_progs": 18539091,
        "unique_progs": 8192,
        "delp_calls": 8192
    }
}