{
    "status": {
        "~a_2": {
            "yes": 1227,
            "no": 0,
            "undecided": 0,
            "unknown": 1229,
            "pyes": 0.9702000000000001,
            "pno": 0.0,
            "pundecided": 0.0,
            "punknown": 0.0198,
            "time": 135.27223992347717,
            "delp_calls": 4870,
            "percY": 180786.18,
            "percN": 0.0,
            "percU": 0.0,
            "percUNK": 181080.86,
            "l": 0.9702000000000001,
            "u": 1.0,
            "flag": "INTEREST"
        },
        "a_6": {
            "yes": 2517,
            "no": 0,
            "undecided": 0,
            "unknown": 0,
            "pyes": 0.9900000000000002,
            "pno": 0.0,
            "pundecided": 0.0,
            "punknown": 0.0,
            "time": 134.03732419013977,
            "delp_calls": 5044,
            "percY": 370854.78,
            "percN": 0.0,
            "percU": 0.0,
            "percUNK": 0.0,
            "l": 0.9900000000000002,
            "u": 1.0,
            "flag": "INTEREST"
        },
        "a_7": {
            "yes": 2429,
            "no": 0,
            "undecided": 0,
            "unknown": 0,
            "pyes": 0.9899999999999998,
            "pno": 0.0,
            "pundecided": 0.0,
            "punknown": 0.0,
            "time": 135.1715488433838,
            "delp_calls": 4820,
            "percY": 357888.86,
            "percN": 0.0,
            "percU": 0.0,
            "percUNK": 0.0,
            "l": 0.9899999999999998,
            "u": 1.0,
            "flag": "INTEREST"
        }
    },
    "data": {
        "n_samples": 14734,
        "time": 900.1044025421143,
        "repeated_programs": 0,
        "inconsistent_programs": 7332,
        "worlds_consulted": 384,
        "delp_calls": 14734
    }
}