{
    "status": {
        "~a_4": {
            "yes": 4096,
            "no": 0,
            "undecided": 0,
            "unknown": 0,
            "pyes": 0.9999999999999999,
            "pno": 0.0,
            "pundecided": 0.0,
            "punknown": 0.0,
            "time": 155.84257793426514,
            "delp_calls": 192,
            "percY": 890835353.6,
            "percN": 0.0,
            "percU": 0.0,
            "percUNK": 0.0,
            "l": 0.9999999999999999,
            "u": 1.0,
            "flag": "INTEREST"
        }
    },
    "data": {
        "n_samples": 21748910,
        "time": 300.0000059604645,
        "repeated_worlds": 21744814,
        "repeated_progs": 21748718,
        "unique_progs": 192,
        "delp_calls": 192
    }
}