{
    "status": {
        "~a_1": {
            "yes": 4096,
            "no": 0,
            "undecided": 0,
            "unknown": 0,
            "pyes": 0.9999999999999987,
            "pno": 0.0,
            "pundecided": 0.0,
            "punknown": 0.0,
            "time": 167.22148513793945,
            "delp_calls": 256,
            "percY": 2658943344.64,
            "percN": 0.0,
            "percU": 0.0,
            "percUNK": 0.0,
            "l": 0.9999999999999987,
            "u": 1.0,
            "flag": "INTEREST"
        },
        "a_7": {
            "yes": 3584,
            "no": 512,
            "undecided": 0,
            "unknown": 0,
            "pyes": 0.8319275787519996,
            "pno": 0.16807242124799995,
            "pundecided": 0.0,
            "punknown": 0.0,
            "time": 167.25445938110352,
            "delp_calls": 256,
            "percY": 2326575426.56,
            "percN": 332367918.08,
            "percU": 0.0,
            "percUNK": 0.0,
            "l": 0.8319275787519996,
            "u": 0.8319275787520001,
            "flag": "INTEREST"
        },
        "~a_8": {
            "yes": 2560,
            "no": 1536,
            "undecided": 0,
            "unknown": 0,
            "pyes": 0.40710245487781066,
            "pno": 0.5928975451221884,
            "pundecided": 0.0,
            "punknown": 0.0,
            "time": 166.93578338623047,
            "delp_calls": 256,
            "percY": 1661839590.4,
            "percN": 997103754.24,
            "percU": 0.0,
            "percUNK": 0.0,
            "l": 0.40710245487781066,
            "u": 0.4071024548778116,
            "flag": "INTEREST"
        }
    },
    "data": {
        "n_samples": 64915609,
        "time": 900.0000329017639,
        "repeated_worlds": 64903321,
        "repeated_progs": 64914841,
        "unique_progs": 768,
        "delp_calls": 768
    }
}