{
    "status": {
        "d_24": {
            "yes": 6607,
            "no": 0,
            "undecided": 0,
            "unknown": 0,
            "pyes": 0.028092300165171346,
            "pno": 0.0,
            "pundecided": 0.0,
            "punknown": 0.0,
            "time": 283.3859760761261,
            "delp_calls": 6574,
            "percY": 845762.07,
            "percN": 0.0,
            "percU": 0.0,
            "percUNK": 0.0,
            "l": 0.028092300165171346,
            "u": 1.0
        },
        "a_19": {
            "yes": 5813,
            "no": 211,
            "undecided": 0,
            "unknown": 0,
            "pyes": 0.028016500860296795,
            "pno": 0.0002365056829197969,
            "pundecided": 0.0,
            "punknown": 0.0,
            "time": 284.7229337692261,
            "delp_calls": 5999,
            "percY": 744122.13,
            "percN": 27010.11,
            "percU": 0.0,
            "percUNK": 0.0,
            "l": 0.028016500860296795,
            "u": 0.9997634943170802
        }
    },
    "data": {
        "n_samples": 12801,
        "time": 600.040139913559,
        "repeated_worlds": 170,
        "repeated_progs": 228,
        "unique_progs": 12573,
        "delp_calls": 12573
    }
}