{
    "status": {
        "a_5": {
            "yes": 364,
            "no": 0,
            "undecided": 883,
            "unknown": 0,
            "pyes": 0.8487584379199997,
            "pno": 0.0,
            "pundecided": 0.15124156207999995,
            "punknown": 0.0,
            "time": 52.41883969306946,
            "delp_calls": 1247,
            "percY": 4539.08,
            "percN": 0.0,
            "percU": 11011.01,
            "percUNK": 0.0,
            "l": 0.8487584379199997,
            "u": 1.0,
            "flag": "INTEREST"
        }
    },
    "data": {
        "n_samples": 1247,
        "time": 60.00610065460205,
        "repeated_programs": 0,
        "inconsistent_programs": 0,
        "worlds_consulted": 512,
        "delp_calls": 1247
    }
}