{
    "status": {
        "~a_8": {
            "yes": 102517,
            "no": 6781,
            "undecided": 0,
            "unknown": 0,
            "pyes": 0.23634869623081217,
            "pno": 5.292323446130984e-05,
            "pundecided": 0.0,
            "punknown": 0.0,
            "time": 5192.2978682518005,
            "delp_calls": 236,
            "percY": 300069309.34,
            "percN": 19848122.62,
            "percU": 0.0,
            "percUNK": 0.0,
            "l": 0.23634869623081217,
            "u": 0.9999470767655387
        },
        "~a_7": {
            "yes": 53745,
            "no": 54055,
            "undecided": 7238,
            "unknown": 0,
            "pyes": 0.0349962364430124,
            "pno": 0.3206051883861133,
            "pundecided": 7.189235419382968e-05,
            "punknown": 0.0,
            "time": 6035.38471364975,
            "delp_calls": 236,
            "percY": 157312689.9,
            "percN": 158220066.1,
            "percU": 21185770.76,
            "percUNK": 0.0,
            "l": 0.0349962364430124,
            "u": 0.6793948116138867
        }
    },
    "data": {
        "n_samples": 292702,
        "time": 120.0006890296936,
        "repeated_worlds": 68366,
        "repeated_progs": 292230,
        "unique_progs": 472,
        "delp_calls": 472
    }
}