{
    "status": {
        "~a_1": {
            "yes": 4096,
            "no": 0,
            "undecided": 0,
            "unknown": 0,
            "pyes": 1.0000000000000007,
            "pno": 0.0,
            "pundecided": 0.0,
            "punknown": 0.0,
            "time": 159.33606004714966,
            "delp_calls": 182,
            "percY": 2465972633.6,
            "percN": 0.0,
            "percU": 0.0,
            "percUNK": 0.0,
            "l": 1.0000000000000007,
            "u": 1.0,
            "flag": "INTEREST"
        },
        "a_5": {
            "yes": 1024,
            "no": 0,
            "undecided": 3072,
            "unknown": 0,
            "pyes": 0.8259337869040008,
            "pno": 0.0,
            "pundecided": 0.17406621309600007,
            "punknown": 0.0,
            "time": 165.32726621627808,
            "delp_calls": 182,
            "percY": 616493158.4,
            "percN": 0.0,
            "percU": 1849479475.2,
            "percUNK": 0.0,
            "l": 0.8259337869040008,
            "u": 1.0,
            "flag": "INTEREST"
        },
        "a_8": {
            "yes": 1920,
            "no": 896,
            "undecided": 1280,
            "unknown": 0,
            "pyes": 0.983819407057818,
            "pno": 0.008508572820353923,
            "pundecided": 0.007672020121828481,
            "punknown": 0.0,
            "time": 164.72895860671997,
            "delp_calls": 182,
            "percY": 1155924672.0,
            "percN": 539431513.6,
            "percU": 770616448.0,
            "percUNK": 0.0,
            "l": 0.983819407057818,
            "u": 0.9914914271796461,
            "flag": "INTEREST"
        }
    },
    "data": {
        "n_samples": 60204410,
        "time": 900.000022649765,
        "repeated_worlds": 60192122,
        "repeated_progs": 60203864,
        "unique_progs": 546,
        "delp_calls": 546
    }
}