{
    "status": {
        "a_14": {
            "yes": 2156,
            "no": 104,
            "undecided": 1834,
            "unknown": 2,
            "pyes": 0.8801485334870061,
            "pno": 6.073717644425854e-05,
            "pundecided": 0.1197730970632958,
            "punknown": 1.7632273253451818e-05,
            "time": 165.54563546180725,
            "delp_calls": 4096,
            "percY": 198320694.88,
            "percN": 9566489.92,
            "percU": 168701370.32,
            "percUNK": 183970.96,
            "l": 0.8801485334870061,
            "u": 0.9999392628235557,
            "flag": "INTEREST"
        }
    },
    "data": {
        "n_samples": 9198548,
        "time": 300.0000123977661,
        "repeated_worlds": 9194452,
        "repeated_progs": 9194452,
        "unique_progs": 4096,
        "delp_calls": 4096
    }
}