{
    "status": {
        "a_14": {
            "yes": 707,
            "no": 39,
            "undecided": 625,
            "unknown": 0,
            "pyes": 0.15587652290642529,
            "pno": 1.262328740273665e-07,
            "pundecided": 0.09360870069727557,
            "punknown": 0.0,
            "time": 53.966142654418945,
            "delp_calls": 1371,
            "percY": 9692.97,
            "percN": 534.69,
            "percU": 8568.75,
            "percUNK": 0.0,
            "l": 0.15587652290642529,
            "u": 0.999999873767126
        }
    },
    "data": {
        "n_samples": 1371,
        "time": 300.12069153785706,
        "repeated_programs": 0,
        "inconsistent_programs": 0,
        "worlds_consulted": 1160,
        "delp_calls": 1371
    }
}