{
    "status": {
        "a_4": {
            "yes": 2560,
            "no": 0,
            "undecided": 0,
            "unknown": 1536,
            "pyes": 0.9869120739878389,
            "pno": 0.0,
            "pundecided": 0.0,
            "punknown": 0.013087926012159997,
            "time": 163.8324601650238,
            "delp_calls": 2272,
            "percY": 1168760115.2,
            "percN": 0.0,
            "percU": 0.0,
            "percUNK": 701256069.12,
            "l": 0.9869120739878389,
            "u": 1.0,
            "flag": "INTEREST"
        },
        "~a_5": {
            "yes": 1664,
            "no": 0,
            "undecided": 896,
            "unknown": 1536,
            "pyes": 0.8915301632755184,
            "pno": 0.0,
            "pundecided": 0.0007395628787199976,
            "punknown": 0.10773027384576062,
            "time": 163.40035343170166,
            "delp_calls": 2272,
            "percY": 759694074.88,
            "percN": 0.0,
            "percU": 409066040.32,
            "percUNK": 701256069.12,
            "l": 0.8915301632755184,
            "u": 1.0,
            "flag": "INTEREST"
        },
        "a_8": {
            "yes": 2460,
            "no": 992,
            "undecided": 580,
            "unknown": 64,
            "pyes": 0.839869083489228,
            "pno": 0.16007391911005733,
            "pundecided": 5.446310055266302e-05,
            "punknown": 2.5343001599999993e-06,
            "time": 168.4163794517517,
            "delp_calls": 2272,
            "percY": 1123105423.2,
            "percN": 452894544.64,
            "percU": 264797213.6,
            "percUNK": 29219002.88,
            "l": 0.839869083489228,
            "u": 0.8399260808899427,
            "flag": "INTEREST"
        }
    },
    "data": {
        "n_samples": 45654692,
        "time": 900.0000202655792,
        "repeated_worlds": 45642404,
        "repeated_progs": 45647876,
        "unique_progs": 6816,
        "delp_calls": 6816
    }
}