{
    "status": {
        "a_9": {
            "yes": 16535,
            "no": 0,
            "undecided": 16570,
            "unknown": 0,
            "pyes": 0.04748323285012751,
            "pno": 0.0,
            "pundecided": 0.0,
            "punknown": 0.0,
            "time": 1699.8608355522156,
            "delp_calls": 256,
            "percY": 5857689.1,
            "percN": 0.0,
            "percU": 5870088.2,
            "percUNK": 0.0,
            "l": 0.04748323285012751,
            "u": 1.0
        }
    },
    "data": {
        "n_samples": 35426,
        "time": 60.00006556510925,
        "repeated_worlds": 2321,
        "repeated_progs": 35170,
        "unique_progs": 256,
        "delp_calls": 256
    }
}