{
    "status": {
        "a_9": {
            "yes": 61499,
            "no": 0,
            "undecided": 61442,
            "unknown": 0,
            "pyes": 0.2839403005124761,
            "pno": 0.0,
            "pundecided": 0.0,
            "punknown": 0.0,
            "time": 6145.626703739166,
            "delp_calls": 256,
            "percY": 102024381.04,
            "percN": 0.0,
            "percU": 101929820.32,
            "percUNK": 0.0,
            "l": 0.2839403005124761,
            "u": 1.0
        }
    },
    "data": {
        "n_samples": 165896,
        "time": 60.000269412994385,
        "repeated_worlds": 42955,
        "repeated_progs": 165640,
        "unique_progs": 256,
        "delp_calls": 256
    }
}