{
    "status": {
        "~a_2": {
            "yes": 4096,
            "no": 0,
            "undecided": 0,
            "unknown": 0,
            "pyes": 0.9999999999999972,
            "pno": 0.0,
            "pundecided": 0.0,
            "punknown": 0.0,
            "time": 180.15154457092285,
            "delp_calls": 100,
            "percY": 160383467.52,
            "percN": 0.0,
            "percU": 0.0,
            "percUNK": 0.0,
            "l": 0.9999999999999972,
            "u": 1.0,
            "flag": "INTEREST"
        }
    },
    "data": {
        "n_samples": 3915612,
        "time": 60.00001573562622,
        "repeated_worlds": 3911516,
        "repeated_progs": 3915512,
        "unique_progs": 100,
        "delp_calls": 100
    }
}