{
    "status": {
        "~d_41": {
            "yes": 2451,
            "no": 0,
            "undecided": 0,
            "unknown": 0,
            "pyes": 0.13343846435820486,
            "pno": 0.0,
            "pundecided": 0.0,
            "punknown": 0.0,
            "time": 97.42878937721252,
            "delp_calls": 4958,
            "percY": 219487.05,
            "percN": 0.0,
            "percU": 0.0,
            "percUNK": 0.0,
            "l": 0.13343846435820486,
            "u": 1.0
        },
        "a_16": {
            "yes": 365,
            "no": 23,
            "undecided": 1603,
            "unknown": 0,
            "pyes": 0.6437415009426753,
            "pno": 0.0003772818045931896,
            "pundecided": 0.0727304945995971,
            "punknown": 0.0,
            "time": 108.36930513381958,
            "delp_calls": 3997,
            "percY": 32685.75,
            "percN": 2059.65,
            "percU": 143548.65,
            "percUNK": 0.0,
            "l": 0.6437415009426753,
            "u": 0.9996227181954068,
            "flag": "INTEREST"
        }
    },
    "data": {
        "n_samples": 8955,
        "time": 600.0795719623566,
        "repeated_programs": 0,
        "inconsistent_programs": 4513,
        "worlds_consulted": 2677,
        "delp_calls": 8955
    }
}