{
    "status": {
        "a_2": {
            "yes": 912,
            "no": 0,
            "undecided": 0,
            "unknown": 510,
            "pyes": 8.271423484892665e-05,
            "pno": 0.0,
            "pundecided": 0.0,
            "punknown": 3.626836933030712e-05,
            "time": 62.66363048553467,
            "delp_calls": 1295,
            "percY": 26320.32,
            "percN": 0.0,
            "percU": 0.0,
            "percUNK": 14718.6,
            "l": 8.271423484892665e-05,
            "u": 1.0
        },
        "a_6": {
            "yes": 1111,
            "no": 0,
            "undecided": 150,
            "unknown": 199,
            "pyes": 0.00019137001604739202,
            "pno": 0.0,
            "pundecided": 7.915478829914442e-08,
            "punknown": 2.7718056896829192e-05,
            "time": 64.40338206291199,
            "delp_calls": 1290,
            "percY": 32063.46,
            "percN": 0.0,
            "percU": 4329.0,
            "percUNK": 5743.14,
            "l": 0.00019137001604739202,
            "u": 1.0
        }
    },
    "data": {
        "n_samples": 2886,
        "time": 120.04997277259827,
        "repeated_worlds": 4,
        "repeated_progs": 301,
        "unique_progs": 2585,
        "delp_calls": 2585
    }
}