{
    "status": {
        "a_2": {
            "yes": 368,
            "no": 0,
            "undecided": 0,
            "unknown": 134,
            "pyes": 0.001235043678761268,
            "pno": 0.0,
            "pundecided": 0.0,
            "punknown": 0.000728626785695678,
            "time": 23.960936307907104,
            "delp_calls": 502,
            "percY": 3588.0,
            "percN": 0.0,
            "percU": 0.0,
            "percUNK": 1306.5,
            "l": 0.001235043678761268,
            "u": 1.0
        },
        "a_6": {
            "yes": 390,
            "no": 0,
            "undecided": 40,
            "unknown": 43,
            "pyes": 0.006146510776892762,
            "pno": 0.0,
            "pundecided": 1.97809053073644e-06,
            "punknown": 2.2751758550760117e-05,
            "time": 23.872803688049316,
            "delp_calls": 473,
            "percY": 3802.5,
            "percN": 0.0,
            "percU": 390.0,
            "percUNK": 419.25,
            "l": 0.006146510776892762,
            "u": 1.0
        }
    },
    "data": {
        "n_samples": 975,
        "time": 120.11582493782043,
        "repeated_programs": 0,
        "inconsistent_programs": 0,
        "worlds_consulted": 14905,
        "delp_calls": 975
    }
}