{
    "status": {
        "~a_4": {
            "yes": 4615,
            "no": 0,
            "undecided": 0,
            "unknown": 0,
            "pyes": 0.9999999999999997,
            "pno": 0.0,
            "pundecided": 0.0,
            "punknown": 0.0,
            "time": 208.62299728393555,
            "delp_calls": 4615,
            "percY": 632854.95,
            "percN": 0.0,
            "percU": 0.0,
            "percUNK": 0.0,
            "l": 0.9999999999999997,
            "u": 1.0,
            "flag": "INTEREST"
        },
        "a_5": {
            "yes": 4587,
            "no": 0,
            "undecided": 0,
            "unknown": 0,
            "pyes": 0.9999999999999994,
            "pno": 0.0,
            "pundecided": 0.0,
            "punknown": 0.0,
            "time": 207.6015648841858,
            "delp_calls": 4587,
            "percY": 629015.31,
            "percN": 0.0,
            "percU": 0.0,
            "percUNK": 0.0,
            "l": 0.9999999999999994,
            "u": 1.0,
            "flag": "INTEREST"
        },
        "~a_8": {
            "yes": 1635,
            "no": 2585,
            "undecided": 291,
            "unknown": 0,
            "pyes": 0.03306166017652071,
            "pno": 0.9533818491165822,
            "pundecided": 0.013556490706896537,
            "punknown": 0.0,
            "time": 214.36732959747314,
            "delp_calls": 4511,
            "percY": 224207.55,
            "percN": 354481.05,
            "percU": 39904.83,
            "percUNK": 0.0,
            "l": 0.03306166017652071,
            "u": 0.04661815088341781,
            "flag": "INTEREST"
        }
    },
    "data": {
        "n_samples": 13713,
        "time": 900.2061486244202,
        "repeated_programs": 0,
        "inconsistent_programs": 0,
        "worlds_consulted": 24576,
        "delp_calls": 13713
    }
}