{
    "status": {
        "a_5": {
            "yes": 460,
            "no": 0,
            "undecided": 11,
            "unknown": 0,
            "pyes": 0.825609786109418,
            "pno": 0.0,
            "pundecided": 4.175598167921328e-08,
            "punknown": 0.0,
            "time": 19.90476155281067,
            "delp_calls": 787,
            "percY": 3620.2,
            "percN": 0.0,
            "percU": 86.57,
            "percUNK": 0.0,
            "l": 0.825609786109418,
            "u": 1.0,
            "flag": "INTEREST"
        }
    },
    "data": {
        "n_samples": 787,
        "time": 60.00128889083862,
        "repeated_programs": 0,
        "inconsistent_programs": 316,
        "worlds_consulted": 3142,
        "delp_calls": 787
    }
}