{
    "status": {
        "d_44": {
            "yes": 6947,
            "no": 0,
            "undecided": 0,
            "unknown": 0,
            "pyes": 0.010050323847937219,
            "pno": 0.0,
            "pundecided": 0.0,
            "punknown": 0.0,
            "time": 287.8391628265381,
            "delp_calls": 6839,
            "percY": 488582.51,
            "percN": 0.0,
            "percU": 0.0,
            "percUNK": 0.0,
            "l": 0.010050323847937219,
            "u": 1.0
        }
    },
    "data": {
        "n_samples": 7033,
        "time": 300.01197576522827,
        "repeated_worlds": 86,
        "repeated_progs": 194,
        "unique_progs": 6839,
        "delp_calls": 6839
    }
}