{
    "status": {
        "d_44": {
            "yes": 1737,
            "no": 0,
            "undecided": 0,
            "unknown": 0,
            "pyes": 0.0011518964382965515,
            "pno": 0.0,
            "pundecided": 0.0,
            "punknown": 0.0,
            "time": 74.6143229007721,
            "delp_calls": 2443,
            "percY": 42434.91,
            "percN": 0.0,
            "percU": 0.0,
            "percUNK": 0.0,
            "l": 0.0011518964382965515,
            "u": 1.0
        }
    },
    "data": {
        "n_samples": 2443,
        "time": 300.1201250553131,
        "repeated_programs": 0,
        "inconsistent_programs": 706,
        "worlds_consulted": 2904,
        "delp_calls": 2443
    }
}