{
    "status": {
        "~d_41": {
            "yes": 4456,
            "no": 0,
            "undecided": 0,
            "unknown": 0,
            "pyes": 0.9780563216541271,
            "pno": 0.0,
            "pundecided": 0.0,
            "punknown": 0.0,
            "time": 178.02517461776733,
            "delp_calls": 4456,
            "percY": 385488.56,
            "percN": 0.0,
            "percU": 0.0,
            "percUNK": 0.0,
            "l": 0.9780563216541271,
            "u": 1.0,
            "flag": "INTEREST"
        },
        "a_14": {
            "yes": 4195,
            "no": 0,
            "undecided": 0,
            "unknown": 0,
            "pyes": 0.9814161320261542,
            "pno": 0.0,
            "pundecided": 0.0,
            "punknown": 0.0,
            "time": 183.65534281730652,
            "delp_calls": 4195,
            "percY": 362909.45,
            "percN": 0.0,
            "percU": 0.0,
            "percUNK": 0.0,
            "l": 0.9814161320261542,
            "u": 1.0,
            "flag": "INTEREST"
        }
    },
    "data": {
        "n_samples": 8651,
        "time": 600.0556061267853,
        "repeated_programs": 0,
        "inconsistent_programs": 0,
        "worlds_consulted": 6812,
        "delp_calls": 8651
    }
}