{
    "status": {
        "a_8": {
            "yes": 4096,
            "no": 0,
            "undecided": 0,
            "unknown": 0,
            "pyes": 0.9999999999999994,
            "pno": 0.0,
            "pundecided": 0.0,
            "punknown": 0.0,
            "time": 162.11799812316895,
            "delp_calls": 4096,
            "percY": 1169779834.88,
            "percN": 0.0,
            "percU": 0.0,
            "percUNK": 0.0,
            "l": 0.9999999999999994,
            "u": 1.0,
            "flag": "INTEREST"
        },
        "a_14": {
            "yes": 480,
            "no": 352,
            "undecided": 3264,
            "unknown": 0,
            "pyes": 0.7487452447526314,
            "pno": 0.02995178684909356,
            "pundecided": 0.22130296839827499,
            "punknown": 0.0,
            "time": 167.56975865364075,
            "delp_calls": 4096,
            "percY": 137083574.4,
            "percN": 100527954.56,
            "percU": 932168305.92,
            "percUNK": 0.0,
            "l": 0.7487452447526314,
            "u": 0.9700482131509064,
            "flag": "INTEREST"
        },
        "a_16": {
            "yes": 424,
            "no": 600,
            "undecided": 3072,
            "unknown": 0,
            "pyes": 0.09134973677672162,
            "pno": 0.7655304965832783,
            "pundecided": 0.1431197666399999,
            "punknown": 0.0,
            "time": 155.17306780815125,
            "delp_calls": 4096,
            "percY": 121090490.72,
            "percN": 171354468.0,
            "percU": 877334876.16,
            "percUNK": 0.0,
            "l": 0.09134973677672162,
            "u": 0.23446950341672168,
            "flag": "INTEREST"
        }
    },
    "data": {
        "n_samples": 28559078,
        "time": 900.000022649765,
        "repeated_worlds": 28546790,
        "repeated_progs": 28546790,
        "unique_progs": 12288,
        "delp_calls": 12288
    }
}