{
    "status": {
        "a_11": {
            "yes": 278,
            "no": 0,
            "undecided": 891,
            "unknown": 0,
            "pyes": 0.0985076799240504,
            "pno": 0.0,
            "pundecided": 0.12419200076675888,
            "punknown": 0.0,
            "time": 57.26800727844238,
            "delp_calls": 1169,
            "percY": 7517.12,
            "percN": 0.0,
            "percU": 24092.64,
            "percUNK": 0.0,
            "l": 0.0985076799240504,
            "u": 1.0
        },
        "a_17": {
            "yes": 465,
            "no": 134,
            "undecided": 503,
            "unknown": 0,
            "pyes": 0.07474809671194987,
            "pno": 0.00011495359436066971,
            "pundecided": 0.061285319607769506,
            "punknown": 0.0,
            "time": 57.57476854324341,
            "delp_calls": 1102,
            "percY": 12573.6,
            "percN": 3623.36,
            "percU": 13601.12,
            "percUNK": 0.0,
            "l": 0.07474809671194987,
            "u": 0.9998850464056394
        }
    },
    "data": {
        "n_samples": 2704,
        "time": 120.1048150062561,
        "repeated_worlds": 433,
        "repeated_progs": 433,
        "unique_progs": 2271,
        "delp_calls": 2271
    }
}