{
    "status": {
        "d_18": {
            "yes": 629,
            "no": 0,
            "undecided": 2444,
            "unknown": 0,
            "pyes": 0.7798587048014893,
            "pno": 0.0,
            "pundecided": 0.2187607286917281,
            "punknown": 0.0,
            "time": 138.4550805091858,
            "delp_calls": 3073,
            "percY": 37136.16,
            "percN": 0.0,
            "percU": 144293.76,
            "percUNK": 0.0,
            "l": 0.7798587048014893,
            "u": 1.0,
            "flag": "INTEREST"
        },
        "a_9": {
            "yes": 1482,
            "no": 1349,
            "undecided": 0,
            "unknown": 0,
            "pyes": 0.8243121841496914,
            "pno": 0.17568736194275048,
            "pundecided": 0.0,
            "punknown": 0.0,
            "time": 130.898672580719,
            "delp_calls": 2831,
            "percY": 87497.28,
            "percN": 79644.96,
            "percU": 0.0,
            "percUNK": 0.0,
            "l": 0.8243121841496914,
            "u": 0.8243126380572495,
            "flag": "INTEREST"
        }
    },
    "data": {
        "n_samples": 5904,
        "time": 600.2127304077148,
        "repeated_programs": 0,
        "inconsistent_programs": 0,
        "worlds_consulted": 32384,
        "delp_calls": 5904
    }
}