{
    "status": {
        "~a_8": {
            "yes": 34415,
            "no": 477368,
            "undecided": 118446,
            "unknown": 0,
            "pyes": 0.00047955822993167124,
            "pno": 0.03195345206578492,
            "pundecided": 0.0034565139968588962,
            "punknown": 0.0,
            "time": 28694.929792881012,
            "delp_calls": 288,
            "percY": 221144595.3,
            "percN": 3067480841.76,
            "percU": 761112675.72,
            "percUNK": 0.0,
            "l": 0.00047955822993167124,
            "u": 0.9680465479342151
        }
    },
    "data": {
        "n_samples": 642582,
        "time": 300.0002865791321,
        "repeated_worlds": 12353,
        "repeated_progs": 642294,
        "unique_progs": 288,
        "delp_calls": 288
    }
}