{
    "status": {
        "~a_8": {
            "yes": 238,
            "no": 3129,
            "undecided": 543,
            "unknown": 0,
            "pyes": 0.016859017700632552,
            "pno": 0.8717013301768123,
            "pundecided": 0.1114396521225553,
            "punknown": 0.0,
            "time": 179.00796961784363,
            "delp_calls": 3910,
            "percY": 9305.8,
            "percN": 122343.9,
            "percU": 21231.3,
            "percUNK": 0.0,
            "l": 0.016859017700632552,
            "u": 0.12829866982318772,
            "flag": "INTEREST"
        }
    },
    "data": {
        "n_samples": 3910,
        "time": 300.0246522426605,
        "repeated_programs": 0,
        "inconsistent_programs": 0,
        "worlds_consulted": 8192,
        "delp_calls": 3910
    }
}