{
    "status": {
        "d_34": {
            "yes": 695,
            "no": 0,
            "undecided": 684,
            "unknown": 0,
            "pyes": 0.10539823904169802,
            "pno": 0.0,
            "pundecided": 0.06499562911617529,
            "punknown": 0.0,
            "time": 57.45000696182251,
            "delp_calls": 1379,
            "percY": 11620.4,
            "percN": 0.0,
            "percU": 11436.48,
            "percUNK": 0.0,
            "l": 0.10539823904169802,
            "u": 1.0
        }
    },
    "data": {
        "n_samples": 1672,
        "time": 60.017576694488525,
        "repeated_worlds": 293,
        "repeated_progs": 293,
        "unique_progs": 1379,
        "delp_calls": 1379
    }
}