{
    "status": {
        "a_21": {
            "yes": 1152,
            "no": 896,
            "undecided": 2048,
            "unknown": 0,
            "pyes": 0.08897447896334784,
            "pno": 0.8720255210366515,
            "pundecided": 0.03899999999999997,
            "punknown": 0.0,
            "time": 167.99316954612732,
            "delp_calls": 4096,
            "percY": 213118859.52,
            "percN": 165759112.96,
            "percU": 378877972.48,
            "percUNK": 0.0,
            "l": 0.08897447896334784,
            "u": 0.12797447896334846,
            "flag": "INTEREST"
        },
        "a_19": {
            "yes": 1056,
            "no": 992,
            "undecided": 2048,
            "unknown": 0,
            "pyes": 0.8139314219001178,
            "pno": 0.14556857809988005,
            "pundecided": 0.04049999999999997,
            "punknown": 0.0,
            "time": 171.0041162967682,
            "delp_calls": 4096,
            "percY": 195358954.56,
            "percN": 183519017.92,
            "percU": 378877972.48,
            "percUNK": 0.0,
            "l": 0.8139314219001178,
            "u": 0.8544314219001199,
            "flag": "INTEREST"
        }
    },
    "data": {
        "n_samples": 18499901,
        "time": 600.0000176429749,
        "repeated_worlds": 18491709,
        "repeated_progs": 18491709,
        "unique_progs": 8192,
        "delp_calls": 8192
    }
}