{
    "status": {
        "d_12": {
            "yes": 2048,
            "no": 0,
            "undecided": 2048,
            "unknown": 0,
            "pyes": 0.7754225801600001,
            "pno": 0.0,
            "pundecided": 0.2245774198399999,
            "punknown": 0.0,
            "time": 161.9161376953125,
            "delp_calls": 128,
            "percY": 231373496.32,
            "percN": 0.0,
            "percU": 231373496.32,
            "percUNK": 0.0,
            "l": 0.7754225801600001,
            "u": 1.0,
            "flag": "INTEREST"
        },
        "a_5": {
            "yes": 3072,
            "no": 0,
            "undecided": 1024,
            "unknown": 0,
            "pyes": 0.9033797254400012,
            "pno": 0.0,
            "pundecided": 0.09662027455999998,
            "punknown": 0.0,
            "time": 166.39714813232422,
            "delp_calls": 128,
            "percY": 347060244.48,
            "percN": 0.0,
            "percU": 115686748.16,
            "percUNK": 0.0,
            "l": 0.9033797254400012,
            "u": 1.0,
            "flag": "INTEREST"
        },
        "a_7": {
            "yes": 2560,
            "no": 1024,
            "undecided": 512,
            "unknown": 0,
            "pyes": 0.8973646774400007,
            "pno": 0.014719598400000007,
            "pundecided": 0.08791572416000004,
            "punknown": 0.0,
            "time": 163.67121124267578,
            "delp_calls": 128,
            "percY": 289216870.4,
            "percN": 115686748.16,
            "percU": 57843374.08,
            "percUNK": 0.0,
            "l": 0.8973646774400007,
            "u": 0.9852804016,
            "flag": "INTEREST"
        }
    },
    "data": {
        "n_samples": 11297534,
        "time": 180.00002717971802,
        "repeated_worlds": 11285246,
        "repeated_progs": 11297150,
        "unique_progs": 384,
        "delp_calls": 384
    }
}