{
    "status": {
        "~a_7": {
            "yes": 738,
            "no": 440,
            "undecided": 1933,
            "unknown": 7,
            "pyes": 0.0527875928691777,
            "pno": 0.00245316994174717,
            "pundecided": 0.04243265340768857,
            "punknown": 1.3053613885359364e-11,
            "time": 134.76102924346924,
            "delp_calls": 3118,
            "percY": 46139.76,
            "percN": 27508.8,
            "percU": 120851.16,
            "percUNK": 437.64,
            "l": 0.0527875928691777,
            "u": 0.9975468300582528
        },
        "a_7": {
            "yes": 436,
            "no": 778,
            "undecided": 1910,
            "unknown": 10,
            "pyes": 0.0024636454594202306,
            "pno": 0.47457050612339224,
            "pundecided": 0.001205147071383314,
            "punknown": 1.2290478809721377e-09,
            "time": 136.09921598434448,
            "delp_calls": 3134,
            "percY": 27258.72,
            "percN": 48640.56,
            "percU": 119413.2,
            "percUNK": 625.2,
            "l": 0.0024636454594202306,
            "u": 0.5254294938766078
        }
    },
    "data": {
        "n_samples": 6252,
        "time": 600.1086077690125,
        "repeated_programs": 0,
        "inconsistent_programs": 0,
        "worlds_consulted": 38791,
        "delp_calls": 6252
    }
}