{
    "status": {
        "~a_7": {
            "yes": 2592,
            "no": 1947,
            "undecided": 4174,
            "unknown": 12,
            "pyes": 0.00593870562789823,
            "pno": 0.0004119098244538488,
            "pundecided": 0.0004971743479068695,
            "punknown": 6.753120903661276e-11,
            "time": 382.3441867828369,
            "delp_calls": 6514,
            "percY": 460987.2,
            "percN": 346273.95,
            "percU": 742345.9,
            "percUNK": 2134.2,
            "l": 0.00593870562789823,
            "u": 0.9995880901755462
        },
        "a_7": {
            "yes": 1939,
            "no": 2516,
            "undecided": 4278,
            "unknown": 10,
            "pyes": 0.0002838800266803351,
            "pno": 0.00406872718287567,
            "pundecided": 0.004191220550228913,
            "punknown": 9.253393562683982e-10,
            "time": 380.94830203056335,
            "delp_calls": 6542,
            "percY": 344851.15,
            "percN": 447470.6,
            "percU": 760842.3,
            "percUNK": 1778.5,
            "l": 0.0002838800266803351,
            "u": 0.9959312728171243
        }
    },
    "data": {
        "n_samples": 17785,
        "time": 600.0423707962036,
        "repeated_worlds": 317,
        "repeated_progs": 4729,
        "unique_progs": 13056,
        "delp_calls": 13056
    }
}