{
    "status": {
        "~a_2": {
            "yes": 6526,
            "no": 0,
            "undecided": 0,
            "unknown": 0,
            "pyes": 0.9999999999999998,
            "pno": 0.0,
            "pundecided": 0.0,
            "punknown": 0.0,
            "time": 250.82344603538513,
            "delp_calls": 6526,
            "percY": 1277203.46,
            "percN": 0.0,
            "percU": 0.0,
            "percUNK": 0.0,
            "l": 0.9999999999999998,
            "u": 1.0,
            "flag": "INTEREST"
        },
        "a_5": {
            "yes": 2374,
            "no": 0,
            "undecided": 4284,
            "unknown": 0,
            "pyes": 0.87056917248,
            "pno": 0.0,
            "pundecided": 0.1294308275199999,
            "punknown": 0.0,
            "time": 250.92210054397583,
            "delp_calls": 6658,
            "percY": 464615.54,
            "percN": 0.0,
            "percU": 838421.64,
            "percUNK": 0.0,
            "l": 0.87056917248,
            "u": 1.0,
            "flag": "INTEREST"
        },
        "~a_8": {
            "yes": 0,
            "no": 6303,
            "undecided": 84,
            "unknown": 0,
            "pyes": 0.0,
            "pno": 0.9732537935328879,
            "pundecided": 0.026746206467112184,
            "punknown": 0.0,
            "time": 252.36817383766174,
            "delp_calls": 6387,
            "percY": 0.0,
            "percN": 1233560.13,
            "percU": 16439.64,
            "percUNK": 0.0,
            "l": 0.0,
            "u": 0.02674620646711212,
            "flag": "INTEREST"
        }
    },
    "data": {
        "n_samples": 19571,
        "time": 900.0567820072174,
        "repeated_programs": 0,
        "inconsistent_programs": 0,
        "worlds_consulted": 3072,
        "delp_calls": 19571
    }
}