{
    "status": {
        "d_24": {
            "yes": 1420,
            "no": 0,
            "undecided": 0,
            "unknown": 0,
            "pyes": 0.6667314565677512,
            "pno": 0.0,
            "pundecided": 0.0,
            "punknown": 0.0,
            "time": 58.73027563095093,
            "delp_calls": 1383,
            "percY": 45482.6,
            "percN": 0.0,
            "percU": 0.0,
            "percUNK": 0.0,
            "l": 0.6667314565677512,
            "u": 1.0,
            "flag": "INTEREST"
        },
        "a_15": {
            "yes": 945,
            "no": 0,
            "undecided": 304,
            "unknown": 0,
            "pyes": 0.5445141715846328,
            "pno": 0.0,
            "pundecided": 0.006751628037448696,
            "punknown": 0.0,
            "time": 58.81393361091614,
            "delp_calls": 1221,
            "percY": 30268.35,
            "percN": 0.0,
            "percU": 9737.12,
            "percUNK": 0.0,
            "l": 0.5445141715846328,
            "u": 1.0,
            "flag": "INTEREST"
        }
    },
    "data": {
        "n_samples": 3203,
        "time": 120.04385805130005,
        "repeated_worlds": 534,
        "repeated_progs": 599,
        "unique_progs": 2604,
        "delp_calls": 2604
    }
}