{
    "status": {
        "a_5": {
            "yes": 1495,
            "no": 0,
            "undecided": 1286,
            "unknown": 516,
            "pyes": 0.002533459511697612,
            "pno": 0.0,
            "pundecided": 0.0006867723995939689,
            "punknown": 0.0027783191606441816,
            "time": 137.5575966835022,
            "delp_calls": 3297,
            "percY": 98998.9,
            "percN": 0.0,
            "percU": 85158.92,
            "percUNK": 34169.52,
            "l": 0.002533459511697612,
            "u": 1.0
        },
        "a_10": {
            "yes": 149,
            "no": 1999,
            "undecided": 954,
            "unknown": 223,
            "pyes": 0.0002643944423157496,
            "pno": 0.03181905552995782,
            "pundecided": 6.267208631526094e-05,
            "punknown": 6.821607862121205e-06,
            "time": 138.63730669021606,
            "delp_calls": 3325,
            "percY": 9866.78,
            "percN": 132373.78,
            "percU": 63173.88,
            "percUNK": 14767.06,
            "l": 0.0002643944423157496,
            "u": 0.9681809444700422
        }
    },
    "data": {
        "n_samples": 6622,
        "time": 600.0432171821594,
        "repeated_programs": 0,
        "inconsistent_programs": 0,
        "worlds_consulted": 27264,
        "delp_calls": 6622
    }
}