{
    "status": {
        "~a_11": {
            "yes": 5020,
            "no": 0,
            "undecided": 1664,
            "unknown": 0,
            "pyes": 0.0037665339137012257,
            "pno": 0.0,
            "pundecided": 0.03096138279727082,
            "punknown": 0.0,
            "time": 285.7823085784912,
            "delp_calls": 6617,
            "percY": 339301.8,
            "percN": 0.0,
            "percU": 112469.76,
            "percUNK": 0.0,
            "l": 0.0037665339137012257,
            "u": 1.0
        }
    },
    "data": {
        "n_samples": 6759,
        "time": 300.0282518863678,
        "repeated_worlds": 75,
        "repeated_progs": 142,
        "unique_progs": 6617,
        "delp_calls": 6617
    }
}