{
    "status": {
        "~a_11": {
            "yes": 1694,
            "no": 0,
            "undecided": 0,
            "unknown": 0,
            "pyes": 0.0005972530877649501,
            "pno": 0.0,
            "pundecided": 0.0,
            "punknown": 0.0,
            "time": 71.94873142242432,
            "delp_calls": 2331,
            "percY": 39487.14,
            "percN": 0.0,
            "percU": 0.0,
            "percUNK": 0.0,
            "l": 0.0005972530877649501,
            "u": 1.0
        }
    },
    "data": {
        "n_samples": 2331,
        "time": 300.03022742271423,
        "repeated_programs": 0,
        "inconsistent_programs": 637,
        "worlds_consulted": 2642,
        "delp_calls": 2331
    }
}