{
    "status": {
        "a_3": {
            "yes": 1227,
            "no": 0,
            "undecided": 0,
            "unknown": 1174,
            "pyes": 0.08825570081334559,
            "pno": 0.0,
            "pundecided": 0.0,
            "punknown": 0.0001521873310770608,
            "time": 97.2717137336731,
            "delp_calls": 4822,
            "percY": 59165.94,
            "percN": 0.0,
            "percU": 0.0,
            "percUNK": 56610.28,
            "l": 0.08825570081334559,
            "u": 1.0
        }
    },
    "data": {
        "n_samples": 4822,
        "time": 300.02420592308044,
        "repeated_programs": 0,
        "inconsistent_programs": 2421,
        "worlds_consulted": 1422,
        "delp_calls": 4822
    }
}