{
    "status": {
        "a_7": {
            "yes": 641,
            "no": 0,
            "undecided": 0,
            "unknown": 374,
            "pyes": 0.6671966925432662,
            "pno": 0.0,
            "pundecided": 0.0,
            "punknown": 0.0088459391162077,
            "time": 39.40878915786743,
            "delp_calls": 1015,
            "percY": 6506.15,
            "percN": 0.0,
            "percU": 0.0,
            "percUNK": 3796.1,
            "l": 0.6671966925432662,
            "u": 1.0,
            "flag": "INTEREST"
        }
    },
    "data": {
        "n_samples": 1015,
        "time": 300.17951560020447,
        "repeated_programs": 0,
        "inconsistent_programs": 0,
        "worlds_consulted": 888,
        "delp_calls": 1015
    }
}