{
    "status": {
        "d_9": {
            "yes": 2048,
            "no": 0,
            "undecided": 2048,
            "unknown": 0,
            "pyes": 0.9400000000000008,
            "pno": 0.0,
            "pundecided": 0.060000000000000005,
            "punknown": 0.0,
            "time": 172.92906188964844,
            "delp_calls": 1024,
            "percY": 1074945638.4,
            "percN": 0.0,
            "percU": 1074945638.4,
            "percUNK": 0.0,
            "l": 0.9400000000000008,
            "u": 1.0,
            "flag": "INTEREST"
        },
        "a_8": {
            "yes": 1152,
            "no": 896,
            "undecided": 2048,
            "unknown": 0,
            "pyes": 0.8843626077956797,
            "pno": 0.03503739220432002,
            "pundecided": 0.0806000000000002,
            "punknown": 0.0,
            "time": 165.57929801940918,
            "delp_calls": 1024,
            "percY": 604656921.6,
            "percN": 470288716.8,
            "percU": 1074945638.4,
            "percUNK": 0.0,
            "l": 0.8843626077956797,
            "u": 0.96496260779568,
            "flag": "INTEREST"
        },
        "~a_7": {
            "yes": 896,
            "no": 1152,
            "undecided": 2048,
            "unknown": 0,
            "pyes": 0.009758271999999991,
            "pno": 0.9096417280000004,
            "pundecided": 0.08059999999999991,
            "punknown": 0.0,
            "time": 167.4143476486206,
            "delp_calls": 1024,
            "percY": 470288716.8,
            "percN": 604656921.6,
            "percU": 1074945638.4,
            "percUNK": 0.0,
            "l": 0.009758271999999991,
            "u": 0.09035827199999957,
            "flag": "INTEREST"
        }
    },
    "data": {
        "n_samples": 52487580,
        "time": 900.0000355243683,
        "repeated_worlds": 52475292,
        "repeated_progs": 52484508,
        "unique_progs": 3072,
        "delp_calls": 3072
    }
}