{
    "status": {
        "a_3": {
            "yes": 7932,
            "no": 0,
            "undecided": 1085,
            "unknown": 73,
            "pyes": 0.01448232109851753,
            "pno": 0.0,
            "pundecided": 0.0006527148868192964,
            "punknown": 1.508458117836469e-09,
            "time": 381.8121819496155,
            "delp_calls": 6768,
            "percY": 734265.24,
            "percN": 0.0,
            "percU": 100438.45,
            "percUNK": 6757.61,
            "l": 0.01448232109851753,
            "u": 1.0
        }
    },
    "data": {
        "n_samples": 9257,
        "time": 300.0005705356598,
        "repeated_worlds": 167,
        "repeated_progs": 2489,
        "unique_progs": 6768,
        "delp_calls": 6768
    }
}