{
    "status": {
        "d_46": {
            "yes": 6915,
            "no": 0,
            "undecided": 0,
            "unknown": 0,
            "pyes": 0.026831621837379846,
            "pno": 0.0,
            "pundecided": 0.0,
            "punknown": 0.0,
            "time": 300.64891242980957,
            "delp_calls": 6516,
            "percY": 483704.25,
            "percN": 0.0,
            "percU": 0.0,
            "percUNK": 0.0,
            "l": 0.026831621837379846,
            "u": 1.0
        }
    },
    "data": {
        "n_samples": 6995,
        "time": 300.02411818504333,
        "repeated_worlds": 80,
        "repeated_progs": 479,
        "unique_progs": 6516,
        "delp_calls": 6516
    }
}