{
    "status": {
        "~a_7": {
            "yes": 801,
            "no": 480,
            "undecided": 1489,
            "unknown": 28,
            "pyes": 0.03536655000868247,
            "pno": 0.0037100766065593454,
            "pundecided": 0.03680229263542103,
            "punknown": 0.0,
            "time": 118.86021971702576,
            "delp_calls": 2798,
            "percY": 22411.98,
            "percN": 13430.4,
            "percU": 41662.22,
            "percUNK": 783.44,
            "l": 0.03536655000868247,
            "u": 0.9962899233934407
        }
    },
    "data": {
        "n_samples": 2798,
        "time": 300.0629417896271,
        "repeated_programs": 0,
        "inconsistent_programs": 0,
        "worlds_consulted": 23269,
        "delp_calls": 2798
    }
}