{
    "status": {
        "~d_13": {
            "yes": 1586,
            "no": 0,
            "undecided": 1603,
            "unknown": 0,
            "pyes": 0.08558528665830152,
            "pno": 0.0,
            "pundecided": 0.05398104384353505,
            "punknown": 0.0,
            "time": 133.46191787719727,
            "delp_calls": 6152,
            "percY": 97570.72,
            "percN": 0.0,
            "percU": 98616.56,
            "percUNK": 0.0,
            "l": 0.08558528665830152,
            "u": 1.0
        }
    },
    "data": {
        "n_samples": 6152,
        "time": 300.0370943546295,
        "repeated_programs": 0,
        "inconsistent_programs": 2963,
        "worlds_consulted": 983,
        "delp_calls": 6152
    }
}