{
    "status": {
        "~d_66": {
            "yes": 796,
            "no": 0,
            "undecided": 56,
            "unknown": 58,
            "pyes": 0.06918974484305958,
            "pno": 0.0,
            "pundecided": 0.0,
            "punknown": 0.0,
            "time": 36.370596408843994,
            "delp_calls": 910,
            "percY": 14511.08,
            "percN": 0.0,
            "percU": 1020.88,
            "percUNK": 1057.34,
            "l": 0.06918974484305958,
            "u": 1.0
        },
        "~a_16": {
            "yes": 34,
            "no": 44,
            "undecided": 835,
            "unknown": 0,
            "pyes": 0.004103957394210308,
            "pno": 0.5391038127472669,
            "pundecided": 0.01869366168188925,
            "punknown": 0.0,
            "time": 36.785114765167236,
            "delp_calls": 913,
            "percY": 619.82,
            "percN": 802.12,
            "percU": 15222.05,
            "percUNK": 0.0,
            "l": 0.004103957394210308,
            "u": 0.46089618725273307,
            "flag": "INTEREST"
        }
    },
    "data": {
        "n_samples": 1823,
        "time": 600.4203460216522,
        "repeated_programs": 0,
        "inconsistent_programs": 0,
        "worlds_consulted": 1647,
        "delp_calls": 1823
    }
}