{
    "status": {
        "~d_66": {
            "yes": 3584,
            "no": 0,
            "undecided": 256,
            "unknown": 256,
            "pyes": 1.000000000000001,
            "pno": 0.0,
            "pundecided": 0.0,
            "punknown": 0.0,
            "time": 164.58891558647156,
            "delp_calls": 4096,
            "percY": 665621232.64,
            "percN": 0.0,
            "percU": 47544373.76,
            "percUNK": 47544373.76,
            "l": 1.000000000000001,
            "u": 1.0,
            "flag": "INTEREST"
        },
        "~a_16": {
            "yes": 122,
            "no": 198,
            "undecided": 3766,
            "unknown": 10,
            "pyes": 0.011553699886536963,
            "pno": 0.7564563656114629,
            "pundecided": 0.23198993450200006,
            "punknown": 0.0,
            "time": 166.1131718158722,
            "delp_calls": 4096,
            "percY": 22657865.62,
            "percN": 36772601.58,
            "percU": 699422310.86,
            "percUNK": 1857202.1,
            "l": 0.011553699886536963,
            "u": 0.2435436343885371,
            "flag": "INTEREST"
        }
    },
    "data": {
        "n_samples": 18572021,
        "time": 600.0000102519989,
        "repeated_worlds": 18563829,
        "repeated_progs": 18563829,
        "unique_progs": 8192,
        "delp_calls": 8192
    }
}