{
    "status": {
        "a_7": {
            "yes": 1057,
            "no": 0,
            "undecided": 125,
            "unknown": 8,
            "pyes": 0.0678825462691759,
            "pno": 0.0,
            "pundecided": 0.004423833741099459,
            "punknown": 3.264053154027725e-07,
            "time": 46.87726616859436,
            "delp_calls": 1190,
            "percY": 25061.47,
            "percN": 0.0,
            "percU": 2963.75,
            "percUNK": 189.68,
            "l": 0.0678825462691759,
            "u": 1.0
        },
        "a_16": {
            "yes": 316,
            "no": 90,
            "undecided": 775,
            "unknown": 0,
            "pyes": 0.5805635110612523,
            "pno": 0.0035041032377074906,
            "pundecided": 0.06386600422395602,
            "punknown": 0.0,
            "time": 48.30063319206238,
            "delp_calls": 1181,
            "percY": 7492.36,
            "percN": 2133.9,
            "percU": 18375.25,
            "percUNK": 0.0,
            "l": 0.5805635110612523,
            "u": 0.9964958967622926,
            "flag": "INTEREST"
        }
    },
    "data": {
        "n_samples": 2371,
        "time": 600.2707104682922,
        "repeated_programs": 0,
        "inconsistent_programs": 0,
        "worlds_consulted": 2060,
        "delp_calls": 2371
    }
}