{
    "status": {
        "a_7": {
            "yes": 3584,
            "no": 0,
            "undecided": 496,
            "unknown": 16,
            "pyes": 0.9476331400000019,
            "pno": 0.0,
            "pundecided": 0.052365881914458505,
            "punknown": 9.780855415188483e-07,
            "time": 161.38899278640747,
            "delp_calls": 4095,
            "percY": 654364569.6,
            "percN": 0.0,
            "percU": 90559382.4,
            "percUNK": 2921270.4,
            "l": 0.9476331400000019,
            "u": 1.0,
            "flag": "INTEREST"
        },
        "a_16": {
            "yes": 1176,
            "no": 306,
            "undecided": 2614,
            "unknown": 0,
            "pyes": 0.8053438094813026,
            "pno": 0.05119532448996763,
            "pundecided": 0.14346086602872957,
            "punknown": 0.0,
            "time": 168.0085849761963,
            "delp_calls": 4095,
            "percY": 214713374.4,
            "percN": 55869296.4,
            "percU": 477262551.6,
            "percUNK": 0.0,
            "l": 0.8053438094813026,
            "u": 0.9488046755100323,
            "flag": "INTEREST"
        }
    },
    "data": {
        "n_samples": 18257940,
        "time": 600.0000224113464,
        "repeated_worlds": 18249748,
        "repeated_progs": 18249750,
        "unique_progs": 8190,
        "delp_calls": 8190
    }
}