{
    "status": {
        "d_15": {
            "yes": 479918,
            "no": 0,
            "undecided": 0,
            "unknown": 0,
            "pyes": 0.02892073847849147,
            "pno": 0.0,
            "pundecided": 0.0,
            "punknown": 0.0,
            "time": 20163.486842155457,
            "delp_calls": 1548,
            "percY": 6611364765.54,
            "percN": 0.0,
            "percU": 0.0,
            "percUNK": 0.0,
            "l": 0.02892073847849147,
            "u": 1.0
        },
        "~a_7": {
            "yes": 450518,
            "no": 0,
            "undecided": 0,
            "unknown": 0,
            "pyes": 0.025495654912435054,
            "pno": 0.0,
            "pundecided": 0.0,
            "punknown": 0.0,
            "time": 23328.033555030823,
            "delp_calls": 1548,
            "percY": 6206349483.54,
            "percN": 0.0,
            "percU": 0.0,
            "percUNK": 0.0,
            "l": 0.025495654912435054,
            "u": 1.0
        },
        "a_9": {
            "yes": 286683,
            "no": 120790,
            "undecided": 20791,
            "unknown": 0,
            "pyes": 0.02229206339250318,
            "pno": 0.0016882193797860203,
            "pundecided": 0.00027546483450959923,
            "punknown": 0.0,
            "time": 26225.83149909973,
            "delp_calls": 1548,
            "percY": 3949353608.49,
            "percN": 1664006663.7,
            "percU": 286417439.73,
            "percUNK": 0.0,
            "l": 0.02229206339250318,
            "u": 0.998311780620214
        }
    },
    "data": {
        "n_samples": 1377603,
        "time": 900.000748872757,
        "repeated_worlds": 18903,
        "repeated_progs": 1372959,
        "unique_progs": 4644,
        "delp_calls": 4644
    }
}