{
    "status": {
        "d_15": {
            "yes": 1190,
            "no": 0,
            "undecided": 0,
            "unknown": 0,
            "pyes": 0.49579673523645534,
            "pno": 0.0,
            "pundecided": 0.0,
            "punknown": 0.0,
            "time": 62.495692014694214,
            "delp_calls": 1190,
            "percY": 41055.0,
            "percN": 0.0,
            "percU": 0.0,
            "percUNK": 0.0,
            "l": 0.49579673523645534,
            "u": 1.0
        },
        "~a_7": {
            "yes": 1167,
            "no": 0,
            "undecided": 0,
            "unknown": 0,
            "pyes": 0.47955561696511495,
            "pno": 0.0,
            "pundecided": 0.0,
            "punknown": 0.0,
            "time": 63.17069888114929,
            "delp_calls": 1167,
            "percY": 40261.5,
            "percN": 0.0,
            "percU": 0.0,
            "percUNK": 0.0,
            "l": 0.47955561696511495,
            "u": 1.0
        },
        "a_9": {
            "yes": 753,
            "no": 168,
            "undecided": 172,
            "unknown": 0,
            "pyes": 0.46899647678865963,
            "pno": 0.05368008830802964,
            "pundecided": 0.0062618251576313615,
            "punknown": 0.0,
            "time": 60.34090995788574,
            "delp_calls": 1093,
            "percY": 25978.5,
            "percN": 5796.0,
            "percU": 5934.0,
            "percUNK": 0.0,
            "l": 0.46899647678865963,
            "u": 0.9463199116919704,
            "flag": "INTEREST"
        }
    },
    "data": {
        "n_samples": 3450,
        "time": 900.2084200382233,
        "repeated_programs": 0,
        "inconsistent_programs": 0,
        "worlds_consulted": 104946,
        "delp_calls": 3450
    }
}