{
    "status": {
        "d_37": {
            "yes": 4096,
            "no": 0,
            "undecided": 0,
            "unknown": 0,
            "pyes": 0.9999999999999966,
            "pno": 0.0,
            "pundecided": 0.0,
            "punknown": 0.0,
            "time": 165.35900831222534,
            "delp_calls": 3455,
            "percY": 1244350545.92,
            "percN": 0.0,
            "percU": 0.0,
            "percUNK": 0.0,
            "l": 0.9999999999999966,
            "u": 1.0,
            "flag": "INTEREST"
        },
        "a_14": {
            "yes": 1536,
            "no": 2368,
            "undecided": 192,
            "unknown": 0,
            "pyes": 0.052199439999999916,
            "pno": 0.9474170614348771,
            "pundecided": 0.0003834985651200004,
            "punknown": 0.0,
            "time": 178.24027490615845,
            "delp_calls": 3455,
            "percY": 466631454.72,
            "percN": 719390159.36,
            "percU": 58328931.84,
            "percUNK": 0.0,
            "l": 0.052199439999999916,
            "u": 0.05258293856512286,
            "flag": "INTEREST"
        },
        "~a_17": {
            "yes": 2032,
            "no": 908,
            "undecided": 1156,
            "unknown": 0,
            "pyes": 0.9764857423688766,
            "pno": 0.016941786200288567,
            "pundecided": 0.006572471430834625,
            "punknown": 0.0,
            "time": 172.1210117340088,
            "delp_calls": 3455,
            "percY": 617314528.64,
            "percN": 275847240.16,
            "percU": 351188777.12,
            "percUNK": 0.0,
            "l": 0.9764857423688766,
            "u": 0.9830582137997115,
            "flag": "INTEREST"
        }
    },
    "data": {
        "n_samples": 30379652,
        "time": 900.0000314712524,
        "repeated_worlds": 30367364,
        "repeated_progs": 30369287,
        "unique_progs": 10365,
        "delp_calls": 10365
    }
}