{
    "status": {
        "d_31": {
            "yes": 7019,
            "no": 0,
            "undecided": 0,
            "unknown": 0,
            "pyes": 0.01128476485982232,
            "pno": 0.0,
            "pundecided": 0.0,
            "punknown": 0.0,
            "time": 292.7332193851471,
            "delp_calls": 6800,
            "percY": 983923.42,
            "percN": 0.0,
            "percU": 0.0,
            "percUNK": 0.0,
            "l": 0.01128476485982232,
            "u": 1.0
        },
        "a_17": {
            "yes": 272,
            "no": 5602,
            "undecided": 923,
            "unknown": 0,
            "pyes": 1.1596050944838692e-05,
            "pno": 0.037492616744392956,
            "pundecided": 5.509198242383521e-05,
            "punknown": 0.0,
            "time": 293.1535277366638,
            "delp_calls": 6586,
            "percY": 38128.96,
            "percN": 785288.36,
            "percU": 129386.14,
            "percUNK": 0.0,
            "l": 1.1596050944838692e-05,
            "u": 0.962507383255607
        }
    },
    "data": {
        "n_samples": 14018,
        "time": 600.019464969635,
        "repeated_worlds": 202,
        "repeated_progs": 632,
        "unique_progs": 13386,
        "delp_calls": 13386
    }
}