{
    "status": {
        "a_4": {
            "yes": 331,
            "no": 0,
            "undecided": 0,
            "unknown": 186,
            "pyes": 0.5301277069169966,
            "pno": 0.0,
            "pundecided": 0.0,
            "punknown": 0.0002571066816387259,
            "time": 25.467837810516357,
            "delp_calls": 517,
            "percY": 1711.27,
            "percN": 0.0,
            "percU": 0.0,
            "percUNK": 961.62,
            "l": 0.5301277069169966,
            "u": 1.0,
            "flag": "INTEREST"
        }
    },
    "data": {
        "n_samples": 517,
        "time": 60.22251868247986,
        "repeated_programs": 0,
        "inconsistent_programs": 0,
        "worlds_consulted": 7954,
        "delp_calls": 517
    }
}