{
    "status": {
        "d_55": {
            "yes": 3072,
            "no": 0,
            "undecided": 768,
            "unknown": 256,
            "pyes": 0.9852137015198819,
            "pno": 0.0,
            "pundecided": 0.013983467482698126,
            "punknown": 0.000802830997421926,
            "time": 165.91823029518127,
            "delp_calls": 3520,
            "percY": 938605946.88,
            "percN": 0.0,
            "percU": 234651486.72,
            "percUNK": 78217162.24,
            "l": 0.9852137015198819,
            "u": 1.0,
            "flag": "INTEREST"
        },
        "a_13": {
            "yes": 3072,
            "no": 0,
            "undecided": 1024,
            "unknown": 0,
            "pyes": 0.9943999999999988,
            "pno": 0.0,
            "pundecided": 0.0056000000000000095,
            "punknown": 0.0,
            "time": 165.67184567451477,
            "delp_calls": 3520,
            "percY": 938605946.88,
            "percN": 0.0,
            "percU": 312868648.96,
            "percUNK": 0.0,
            "l": 0.9943999999999988,
            "u": 1.0,
            "flag": "INTEREST"
        },
        "a_15": {
            "yes": 3072,
            "no": 608,
            "undecided": 416,
            "unknown": 0,
            "pyes": 0.9996649999999992,
            "pno": 5.605905871999997e-05,
            "pundecided": 0.0002789409412800004,
            "punknown": 0.0,
            "time": 175.87282180786133,
            "delp_calls": 3520,
            "percY": 938605946.88,
            "percN": 185765760.32,
            "percU": 127102888.64,
            "percUNK": 0.0,
            "l": 0.9996649999999992,
            "u": 0.99994394094128,
            "flag": "INTEREST"
        }
    },
    "data": {
        "n_samples": 30553579,
        "time": 900.0000298023224,
        "repeated_worlds": 30541291,
        "repeated_progs": 30543019,
        "unique_progs": 10560,
        "delp_calls": 10560
    }
}