{
    "status": {
        "~d_13": {
            "yes": 2862,
            "no": 0,
            "undecided": 1440,
            "unknown": 335,
            "pyes": 0.32397874736498916,
            "pno": 0.0,
            "pundecided": 0.008300509987110011,
            "punknown": 0.0005573770749210946,
            "time": 185.12632060050964,
            "delp_calls": 4637,
            "percY": 132710.94,
            "percN": 0.0,
            "percU": 66772.8,
            "percUNK": 15533.95,
            "l": 0.32397874736498916,
            "u": 1.0
        }
    },
    "data": {
        "n_samples": 4637,
        "time": 300.05166840553284,
        "repeated_programs": 0,
        "inconsistent_programs": 0,
        "worlds_consulted": 3132,
        "delp_calls": 4637
    }
}