{
    "status": {
        "a_5": {
            "yes": 1120,
            "no": 0,
            "undecided": 0,
            "unknown": 0,
            "pyes": 0.9999999999999997,
            "pno": 0.0,
            "pundecided": 0.0,
            "punknown": 0.0,
            "time": 48.57980513572693,
            "delp_calls": 1120,
            "percY": 23956.8,
            "percN": 0.0,
            "percU": 0.0,
            "percUNK": 0.0,
            "l": 0.9999999999999997,
            "u": 1.0,
            "flag": "INTEREST"
        },
        "a_7": {
            "yes": 158,
            "no": 820,
            "undecided": 41,
            "unknown": 0,
            "pyes": 0.015940228572048,
            "pno": 0.9767425551922997,
            "pundecided": 0.007317216235652346,
            "punknown": 0.0,
            "time": 48.68242788314819,
            "delp_calls": 1019,
            "percY": 3379.62,
            "percN": 17539.8,
            "percU": 876.99,
            "percUNK": 0.0,
            "l": 0.015940228572048,
            "u": 0.02325744480770031,
            "flag": "INTEREST"
        }
    },
    "data": {
        "n_samples": 2139,
        "time": 120.0456383228302,
        "repeated_programs": 0,
        "inconsistent_programs": 0,
        "worlds_consulted": 4096,
        "delp_calls": 2139
    }
}