{
    "status": {
        "~d_12": {
            "yes": 3459,
            "no": 0,
            "undecided": 3526,
            "unknown": 0,
            "pyes": 0.9208261999999999,
            "pno": 0.0,
            "pundecided": 0.07917380000000004,
            "punknown": 0.0,
            "time": 280.82040333747864,
            "delp_calls": 6985,
            "percY": 727981.14,
            "percN": 0.0,
            "percU": 742081.96,
            "percUNK": 0.0,
            "l": 0.9208261999999999,
            "u": 1.0,
            "flag": "INTEREST"
        },
        "a_5": {
            "yes": 7066,
            "no": 0,
            "undecided": 0,
            "unknown": 0,
            "pyes": 1.0,
            "pno": 0.0,
            "pundecided": 0.0,
            "punknown": 0.0,
            "time": 280.9425711631775,
            "delp_calls": 7066,
            "percY": 1487110.36,
            "percN": 0.0,
            "percU": 0.0,
            "percUNK": 0.0,
            "l": 1.0,
            "u": 1.0,
            "flag": "INTEREST"
        },
        "a_8": {
            "yes": 6995,
            "no": 0,
            "undecided": 0,
            "unknown": 0,
            "pyes": 1.0,
            "pno": 0.0,
            "pundecided": 0.0,
            "punknown": 0.0,
            "time": 280.8911063671112,
            "delp_calls": 6995,
            "percY": 1472167.7,
            "percN": 0.0,
            "percU": 0.0,
            "percUNK": 0.0,
            "l": 1.0,
            "u": 1.0,
            "flag": "INTEREST"
        }
    },
    "data": {
        "n_samples": 21046,
        "time": 900.0590419769287,
        "repeated_programs": 0,
        "inconsistent_programs": 0,
        "worlds_consulted": 96,
        "delp_calls": 21046
    }
}