{
    "status": {
        "a_1": {
            "yes": 4096,
            "no": 0,
            "undecided": 0,
            "unknown": 0,
            "pyes": 0.9999999999999987,
            "pno": 0.0,
            "pundecided": 0.0,
            "punknown": 0.0,
            "time": 158.9386396408081,
            "delp_calls": 312,
            "percY": 1721290711.04,
            "percN": 0.0,
            "percU": 0.0,
            "percUNK": 0.0,
            "l": 0.9999999999999987,
            "u": 1.0,
            "flag": "INTEREST"
        },
        "a_7": {
            "yes": 4096,
            "no": 0,
            "undecided": 0,
            "unknown": 0,
            "pyes": 1.0000000000000027,
            "pno": 0.0,
            "pundecided": 0.0,
            "punknown": 0.0,
            "time": 159.0977201461792,
            "delp_calls": 312,
            "percY": 1721290711.04,
            "percN": 0.0,
            "percU": 0.0,
            "percUNK": 0.0,
            "l": 1.0000000000000027,
            "u": 1.0,
            "flag": "INTEREST"
        }
    },
    "data": {
        "n_samples": 42023699,
        "time": 600.0000050067902,
        "repeated_worlds": 42015507,
        "repeated_progs": 42023075,
        "unique_progs": 624,
        "delp_calls": 624
    }
}