{
    "status": {
        "a_3": {
            "yes": 210096,
            "no": 0,
            "undecided": 0,
            "unknown": 0,
            "pyes": 0.012931327452767805,
            "pno": 0.0,
            "pundecided": 0.0,
            "punknown": 0.0,
            "time": 8815.865557670593,
            "delp_calls": 4392,
            "percY": 1120128924.96,
            "percN": 0.0,
            "percU": 0.0,
            "percUNK": 0.0,
            "l": 0.012931327452767805,
            "u": 1.0
        },
        "a_7": {
            "yes": 60898,
            "no": 78071,
            "undecided": 31832,
            "unknown": 0,
            "pyes": 0.0027147413577222512,
            "pno": 0.003103984672301174,
            "pundecided": 0.002983752800209499,
            "punknown": 0.0,
            "time": 7873.836217164993,
            "delp_calls": 4375,
            "percY": 324678295.98,
            "percN": 416236317.21,
            "percU": 169712626.32,
            "percUNK": 0.0,
            "l": 0.0027147413577222512,
            "u": 0.9968960153276988
        },
        "~a_8": {
            "yes": 15876,
            "no": 133558,
            "undecided": 0,
            "unknown": 0,
            "pyes": 0.0010606295286872244,
            "pno": 0.007493817974014431,
            "pundecided": 0.0,
            "punknown": 0.0,
            "time": 7457.167027711868,
            "delp_calls": 4350,
            "percY": 84643052.76,
            "percN": 712065812.58,
            "percU": 0.0,
            "percUNK": 0.0,
            "l": 0.0010606295286872244,
            "u": 0.9925061820259856
        }
    },
    "data": {
        "n_samples": 533151,
        "time": 900.0562436580658,
        "repeated_worlds": 2820,
        "repeated_progs": 520034,
        "unique_progs": 13117,
        "delp_calls": 13117
    }
}