{
    "status": {
        "d_36": {
            "yes": 2048,
            "no": 0,
            "undecided": 2048,
            "unknown": 0,
            "pyes": 0.9000000000000011,
            "pno": 0.0,
            "pundecided": 0.10000000000000002,
            "punknown": 0.0,
            "time": 163.85615277290344,
            "delp_calls": 4096,
            "percY": 536203489.28,
            "percN": 0.0,
            "percU": 536203489.28,
            "percUNK": 0.0,
            "l": 0.9000000000000011,
            "u": 1.0,
            "flag": "INTEREST"
        },
        "a_14": {
            "yes": 336,
            "no": 232,
            "undecided": 3528,
            "unknown": 0,
            "pyes": 0.7050801347737916,
            "pno": 0.06365778455231996,
            "pundecided": 0.2312620806738873,
            "punknown": 0.0,
            "time": 169.992858171463,
            "delp_calls": 4096,
            "percY": 87970884.96,
            "percN": 60741801.52,
            "percU": 923694292.08,
            "percUNK": 0.0,
            "l": 0.7050801347737916,
            "u": 0.93634221544768,
            "flag": "INTEREST"
        },
        "a_16": {
            "yes": 384,
            "no": 640,
            "undecided": 3072,
            "unknown": 0,
            "pyes": 0.011278809792000003,
            "pno": 0.8437211902079997,
            "pundecided": 0.14500000000000013,
            "punknown": 0.0,
            "time": 175.46537923812866,
            "delp_calls": 4096,
            "percY": 100538154.24,
            "percN": 167563590.4,
            "percU": 804305233.92,
            "percUNK": 0.0,
            "l": 0.011278809792000003,
            "u": 0.15627880979200026,
            "flag": "INTEREST"
        }
    },
    "data": {
        "n_samples": 26181811,
        "time": 900.0000166893005,
        "repeated_worlds": 26169523,
        "repeated_progs": 26169523,
        "unique_progs": 12288,
        "delp_calls": 12288
    }
}