{
    "status": {
        "d_53": {
            "yes": 627,
            "no": 0,
            "undecided": 608,
            "unknown": 0,
            "pyes": 0.1232513419614908,
            "pno": 0.0,
            "pundecided": 0.008107679399886622,
            "punknown": 0.0,
            "time": 57.189186334609985,
            "delp_calls": 1235,
            "percY": 17073.21,
            "percN": 0.0,
            "percU": 16555.84,
            "percUNK": 0.0,
            "l": 0.1232513419614908,
            "u": 1.0
        },
        "~a_16": {
            "yes": 381,
            "no": 706,
            "undecided": 0,
            "unknown": 0,
            "pyes": 0.006406961729483509,
            "pno": 0.060361507174579755,
            "pundecided": 0.0,
            "punknown": 0.0,
            "time": 57.480592250823975,
            "delp_calls": 1087,
            "percY": 10374.63,
            "percN": 19224.38,
            "percU": 0.0,
            "percUNK": 0.0,
            "l": 0.006406961729483509,
            "u": 0.9396384928254202
        }
    },
    "data": {
        "n_samples": 2723,
        "time": 120.05620956420898,
        "repeated_worlds": 401,
        "repeated_progs": 401,
        "unique_progs": 2322,
        "delp_calls": 2322
    }
}