{
    "status": {
        "~d_58": {
            "yes": 93,
            "no": 0,
            "undecided": 438,
            "unknown": 352,
            "pyes": 0.0025639915998594597,
            "pno": 0.0,
            "pundecided": 0.03581685053506622,
            "punknown": 0.023990020173341425,
            "time": 34.898258209228516,
            "delp_calls": 883,
            "percY": 1640.52,
            "percN": 0.0,
            "percU": 7726.32,
            "percUNK": 6209.28,
            "l": 0.0025639915998594597,
            "u": 1.0
        },
        "~a_17": {
            "yes": 451,
            "no": 18,
            "undecided": 412,
            "unknown": 0,
            "pyes": 0.1399424014595034,
            "pno": 0.0006040011515636223,
            "pundecided": 0.018585669304089145,
            "punknown": 0.0,
            "time": 36.50033783912659,
            "delp_calls": 881,
            "percY": 7955.64,
            "percN": 317.52,
            "percU": 7267.68,
            "percUNK": 0.0,
            "l": 0.1399424014595034,
            "u": 0.9993959988484363
        }
    },
    "data": {
        "n_samples": 1764,
        "time": 600.4249455928802,
        "repeated_programs": 0,
        "inconsistent_programs": 0,
        "worlds_consulted": 1584,
        "delp_calls": 1764
    }
}