{
    "status": {
        "~a_8": {
            "yes": 234,
            "no": 0,
            "undecided": 205,
            "unknown": 0,
            "pyes": 0.061529504907647165,
            "pno": 0.0,
            "pundecided": 0.0020554088745671187,
            "punknown": 0.0,
            "time": 19.782550811767578,
            "delp_calls": 855,
            "percY": 3853.98,
            "percN": 0.0,
            "percU": 3376.35,
            "percUNK": 0.0,
            "l": 0.061529504907647165,
            "u": 1.0
        },
        "a_15": {
            "yes": 281,
            "no": 115,
            "undecided": 0,
            "unknown": 0,
            "pyes": 0.07423615657860398,
            "pno": 0.009188636960114169,
            "pundecided": 0.0,
            "punknown": 0.0,
            "time": 20.07484245300293,
            "delp_calls": 792,
            "percY": 4628.07,
            "percN": 1894.05,
            "percU": 0.0,
            "percUNK": 0.0,
            "l": 0.07423615657860398,
            "u": 0.9908113630398858
        }
    },
    "data": {
        "n_samples": 1647,
        "time": 120.09575247764587,
        "repeated_programs": 0,
        "inconsistent_programs": 812,
        "worlds_consulted": 747,
        "delp_calls": 1647
    }
}