{
    "status": {
        "~a_15": {
            "yes": 73,
            "no": 868,
            "undecided": 1333,
            "unknown": 0,
            "pyes": 0.004295471204353263,
            "pno": 0.003019404374163205,
            "pundecided": 0.016372552552365024,
            "punknown": 0.0,
            "time": 106.18030166625977,
            "delp_calls": 4487,
            "percY": 3275.51,
            "percN": 38947.16,
            "percU": 59811.71,
            "percUNK": 0.0,
            "l": 0.004295471204353263,
            "u": 0.9969805956258367
        }
    },
    "data": {
        "n_samples": 4487,
        "time": 300.00112080574036,
        "repeated_programs": 0,
        "inconsistent_programs": 2213,
        "worlds_consulted": 1379,
        "delp_calls": 4487
    }
}