{
    "status": {
        "a_19": {
            "yes": 1980,
            "no": 1347,
            "undecided": 0,
            "unknown": 0,
            "pyes": 0.22349561883865743,
            "pno": 0.10919620183359906,
            "pundecided": 0.0,
            "punknown": 0.0,
            "time": 138.5329818725586,
            "delp_calls": 3327,
            "percY": 65874.6,
            "percN": 44814.69,
            "percU": 0.0,
            "percUNK": 0.0,
            "l": 0.22349561883865743,
            "u": 0.890803798166401
        }
    },
    "data": {
        "n_samples": 3327,
        "time": 300.01366543769836,
        "repeated_programs": 0,
        "inconsistent_programs": 0,
        "worlds_consulted": 2704,
        "delp_calls": 3327
    }
}