{
    "status": {
        "~d_17": {
            "yes": 692,
            "no": 0,
            "undecided": 60,
            "unknown": 69,
            "pyes": 0.11959234384638583,
            "pno": 0.0,
            "pundecided": 1.2250408909570617e-05,
            "punknown": 0.0025175394691790997,
            "time": 34.50283646583557,
            "delp_calls": 821,
            "percY": 17237.72,
            "percN": 0.0,
            "percU": 1494.6,
            "percUNK": 1718.79,
            "l": 0.11959234384638583,
            "u": 1.0
        },
        "~a_8": {
            "yes": 140,
            "no": 231,
            "undecided": 461,
            "unknown": 0,
            "pyes": 0.0018880286416868143,
            "pno": 0.004659383869259686,
            "pundecided": 0.03823972668257519,
            "punknown": 0.0,
            "time": 35.35638689994812,
            "delp_calls": 832,
            "percY": 3487.4,
            "percN": 5754.21,
            "percU": 11483.51,
            "percUNK": 0.0,
            "l": 0.0018880286416868143,
            "u": 0.9953406161307403
        },
        "a_7": {
            "yes": 171,
            "no": 155,
            "undecided": 481,
            "unknown": 31,
            "pyes": 0.0006363859183483478,
            "pno": 0.7208101943373887,
            "pundecided": 0.07260740609824066,
            "punknown": 3.830333905392001e-09,
            "time": 34.722753286361694,
            "delp_calls": 838,
            "percY": 4259.61,
            "percN": 3861.05,
            "percU": 11981.71,
            "percUNK": 772.21,
            "l": 0.0006363859183483478,
            "u": 0.2791898056626113,
            "flag": "INTEREST"
        }
    },
    "data": {
        "n_samples": 2491,
        "time": 180.11329245567322,
        "repeated_programs": 0,
        "inconsistent_programs": 0,
        "worlds_consulted": 3220,
        "delp_calls": 2491
    }
}