{
    "status": {
        "~d_17": {
            "yes": 1435,
            "no": 0,
            "undecided": 97,
            "unknown": 88,
            "pyes": 0.04813195935704862,
            "pno": 0.0,
            "pundecided": 2.791859848548841e-05,
            "punknown": 0.00021433971075875371,
            "time": 68.75852513313293,
            "delp_calls": 1340,
            "percY": 87865.05,
            "percN": 0.0,
            "percU": 5939.31,
            "percUNK": 5388.24,
            "l": 0.04813195935704862,
            "u": 1.0
        },
        "~a_8": {
            "yes": 278,
            "no": 484,
            "undecided": 805,
            "unknown": 0,
            "pyes": 0.0010392705967541568,
            "pno": 0.1966208478878939,
            "pundecided": 0.010576144746510231,
            "punknown": 0.0,
            "time": 68.2105143070221,
            "delp_calls": 1311,
            "percY": 17021.94,
            "percN": 29635.32,
            "percU": 49290.15,
            "percUNK": 0.0,
            "l": 0.0010392705967541568,
            "u": 0.8033791521121061
        },
        "a_7": {
            "yes": 356,
            "no": 409,
            "undecided": 798,
            "unknown": 41,
            "pyes": 0.014354581574657584,
            "pno": 0.04370837599983846,
            "pundecided": 0.037463354362471474,
            "punknown": 3.243347316256992e-08,
            "time": 68.80326342582703,
            "delp_calls": 1332,
            "percY": 21797.88,
            "percN": 25043.07,
            "percU": 48861.54,
            "percUNK": 2510.43,
            "l": 0.014354581574657584,
            "u": 0.9562916240001615
        }
    },
    "data": {
        "n_samples": 6123,
        "time": 180.0827760696411,
        "repeated_worlds": 1332,
        "repeated_progs": 2140,
        "unique_progs": 3983,
        "delp_calls": 3983
    }
}