{
    "status": {
        "d_25": {
            "yes": 2048,
            "no": 0,
            "undecided": 2048,
            "unknown": 0,
            "pyes": 0.9090999999999994,
            "pno": 0.0,
            "pundecided": 0.09090000000000004,
            "punknown": 0.0,
            "time": 163.65502381324768,
            "delp_calls": 4096,
            "percY": 194468188.16,
            "percN": 0.0,
            "percU": 194468188.16,
            "percUNK": 0.0,
            "l": 0.9090999999999994,
            "u": 1.0,
            "flag": "INTEREST"
        }
    },
    "data": {
        "n_samples": 9495517,
        "time": 300.00000047683716,
        "repeated_worlds": 9491421,
        "repeated_progs": 9491421,
        "unique_progs": 4096,
        "delp_calls": 4096
    }
}