{
    "status": {
        "~d_12": {
            "yes": 830,
            "no": 0,
            "undecided": 828,
            "unknown": 0,
            "pyes": 0.5182673818883893,
            "pno": 0.0,
            "pundecided": 7.015702052322349e-05,
            "punknown": 0.0,
            "time": 82.59640741348267,
            "delp_calls": 1151,
            "percY": 13836.1,
            "percN": 0.0,
            "percU": 13802.76,
            "percUNK": 0.0,
            "l": 0.5182673818883893,
            "u": 1.0,
            "flag": "INTEREST"
        }
    },
    "data": {
        "n_samples": 1667,
        "time": 60.01841425895691,
        "repeated_worlds": 9,
        "repeated_progs": 516,
        "unique_progs": 1151,
        "delp_calls": 1151
    }
}