{
    "status": {
        "~d_12": {
            "yes": 371,
            "no": 0,
            "undecided": 384,
            "unknown": 4,
            "pyes": 0.010948017206536206,
            "pno": 0.0,
            "pundecided": 0.0009607909281459085,
            "punknown": 8.04957164973181e-08,
            "time": 35.99225640296936,
            "delp_calls": 1091,
            "percY": 4047.61,
            "percN": 0.0,
            "percU": 4189.44,
            "percUNK": 43.64,
            "l": 0.010948017206536206,
            "u": 1.0
        }
    },
    "data": {
        "n_samples": 1091,
        "time": 60.01161003112793,
        "repeated_programs": 0,
        "inconsistent_programs": 332,
        "worlds_consulted": 511,
        "delp_calls": 1091
    }
}