{
    "status": {
        "a_17": {
            "yes": 1327,
            "no": 0,
            "undecided": 1831,
            "unknown": 0,
            "pyes": 0.6963549658145818,
            "pno": 0.0,
            "pundecided": 0.059930112208204184,
            "punknown": 0.0,
            "time": 134.930730342865,
            "delp_calls": 3158,
            "percY": 41906.66,
            "percN": 0.0,
            "percU": 57822.98,
            "percUNK": 0.0,
            "l": 0.6963549658145818,
            "u": 1.0,
            "flag": "INTEREST"
        }
    },
    "data": {
        "n_samples": 3158,
        "time": 300.035897731781,
        "repeated_programs": 0,
        "inconsistent_programs": 0,
        "worlds_consulted": 2265,
        "delp_calls": 3158
    }
}