{
    "status": {
        "a_8": {
            "yes": 2006,
            "no": 668,
            "undecided": 2749,
            "unknown": 0,
            "pyes": 0.04721583459188374,
            "pno": 0.00011390351544801674,
            "pundecided": 0.002381529915813796,
            "punknown": 0.0,
            "time": 233.07435202598572,
            "delp_calls": 6215,
            "percY": 246838.3,
            "percN": 82197.4,
            "percU": 338264.45,
            "percUNK": 0.0,
            "l": 0.04721583459188374,
            "u": 0.999886096484552
        },
        "~a_8": {
            "yes": 691,
            "no": 2034,
            "undecided": 2651,
            "unknown": 0,
            "pyes": 0.00012262801660915376,
            "pno": 0.047291560748422515,
            "pundecided": 0.002481704920072368,
            "punknown": 0.0,
            "time": 235.5193977355957,
            "delp_calls": 6090,
            "percY": 85027.55,
            "percN": 250283.7,
            "percU": 326205.55,
            "percUNK": 0.0,
            "l": 0.00012262801660915376,
            "u": 0.9527084392515774
        }
    },
    "data": {
        "n_samples": 12305,
        "time": 600.066159248352,
        "repeated_programs": 0,
        "inconsistent_programs": 1506,
        "worlds_consulted": 1982,
        "delp_calls": 12305
    }
}