{
    "status": {
        "a_8": {
            "yes": 1174,
            "no": 174,
            "undecided": 1771,
            "unknown": 2,
            "pyes": 0.14814791535931962,
            "pno": 0.00015337247939118312,
            "pundecided": 0.08088932057928287,
            "punknown": 5.753643889672627e-07,
            "time": 134.93196487426758,
            "delp_calls": 6070,
            "percY": 140938.7,
            "percN": 20888.7,
            "percU": 212608.55,
            "percUNK": 240.1,
            "l": 0.14814791535931962,
            "u": 0.9998466275206088
        },
        "~a_9": {
            "yes": 416,
            "no": 1144,
            "undecided": 1537,
            "unknown": 3,
            "pyes": 0.11247626629201793,
            "pno": 0.10091920010251113,
            "pundecided": 0.016237958428977354,
            "punknown": 5.753643889672627e-07,
            "time": 136.5118227005005,
            "delp_calls": 5935,
            "percY": 49940.8,
            "percN": 137337.2,
            "percU": 184516.85,
            "percUNK": 360.15,
            "l": 0.11247626629201793,
            "u": 0.8990807998974889
        }
    },
    "data": {
        "n_samples": 12005,
        "time": 600.0712597370148,
        "repeated_programs": 0,
        "inconsistent_programs": 5784,
        "worlds_consulted": 1957,
        "delp_calls": 12005
    }
}