{
    "status": {
        "~a_6": {
            "yes": 983,
            "no": 0,
            "undecided": 0,
            "unknown": 0,
            "pyes": 0.696445345202193,
            "pno": 0.0,
            "pundecided": 0.0,
            "punknown": 0.0,
            "time": 39.805041551589966,
            "delp_calls": 3660,
            "percY": 104532.22,
            "percN": 0.0,
            "percU": 0.0,
            "percUNK": 0.0,
            "l": 0.696445345202193,
            "u": 1.0,
            "flag": "INTEREST"
        },
        "a_10": {
            "yes": 957,
            "no": 0,
            "undecided": 0,
            "unknown": 0,
            "pyes": 0.7226565050441971,
            "pno": 0.0,
            "pundecided": 0.0,
            "punknown": 0.0,
            "time": 42.00543785095215,
            "delp_calls": 3697,
            "percY": 101767.38,
            "percN": 0.0,
            "percU": 0.0,
            "percUNK": 0.0,
            "l": 0.7226565050441971,
            "u": 1.0,
            "flag": "INTEREST"
        },
        "~a_16": {
            "yes": 0,
            "no": 894,
            "undecided": 0,
            "unknown": 0,
            "pyes": 0.0,
            "pno": 0.6660846837388746,
            "pundecided": 0.0,
            "punknown": 0.0,
            "time": 49.475810050964355,
            "delp_calls": 3277,
            "percY": 0.0,
            "percN": 95067.96,
            "percU": 0.0,
            "percUNK": 0.0,
            "l": 0.0,
            "u": 0.33391531626112536,
            "flag": "INTEREST"
        }
    },
    "data": {
        "n_samples": 10634,
        "time": 900.1101801395416,
        "repeated_programs": 0,
        "inconsistent_programs": 7800,
        "worlds_consulted": 1882,
        "delp_calls": 10634
    }
}