{
    "status": {
        "~d_54": {
            "yes": 1254,
            "no": 0,
            "undecided": 1262,
            "unknown": 0,
            "pyes": 0.1815901972024124,
            "pno": 0.0,
            "pundecided": 0.08555009706269356,
            "punknown": 0.0,
            "time": 100.58227825164795,
            "delp_calls": 5005,
            "percY": 98739.96,
            "percN": 0.0,
            "percU": 99369.88,
            "percUNK": 0.0,
            "l": 0.1815901972024124,
            "u": 1.0
        },
        "~a_15": {
            "yes": 362,
            "no": 188,
            "undecided": 857,
            "unknown": 0,
            "pyes": 0.5928323897669469,
            "pno": 0.06659369653421421,
            "pundecided": 0.008081539768819554,
            "punknown": 0.0,
            "time": 93.65165710449219,
            "delp_calls": 2869,
            "percY": 28503.88,
            "percN": 14803.12,
            "percU": 67480.18,
            "percUNK": 0.0,
            "l": 0.5928323897669469,
            "u": 0.9334063034657858,
            "flag": "INTEREST"
        }
    },
    "data": {
        "n_samples": 7874,
        "time": 600.0619471073151,
        "repeated_programs": 0,
        "inconsistent_programs": 3951,
        "worlds_consulted": 2452,
        "delp_calls": 7874
    }
}