{
    "status": {
        "d_11": {
            "yes": 437,
            "no": 0,
            "undecided": 381,
            "unknown": 0,
            "pyes": 0.15420150897997917,
            "pno": 0.0,
            "pundecided": 0.010143026901761908,
            "punknown": 0.0,
            "time": 36.474130392074585,
            "delp_calls": 1153,
            "percY": 15351.81,
            "percN": 0.0,
            "percU": 13384.53,
            "percUNK": 0.0,
            "l": 0.15420150897997917,
            "u": 1.0
        },
        "~a_8": {
            "yes": 205,
            "no": 179,
            "undecided": 388,
            "unknown": 5,
            "pyes": 0.07277490854375664,
            "pno": 0.038876584317263346,
            "pundecided": 0.05308991874846978,
            "punknown": 1.9394514339504836e-05,
            "time": 34.96873331069946,
            "delp_calls": 1146,
            "percY": 7201.65,
            "percN": 6288.27,
            "percU": 13630.44,
            "percUNK": 175.65,
            "l": 0.07277490854375664,
            "u": 0.9611234156827366
        },
        "a_7": {
            "yes": 241,
            "no": 195,
            "undecided": 397,
            "unknown": 2,
            "pyes": 0.04114810314714828,
            "pno": 0.09483932747780331,
            "pundecided": 0.06832269884671294,
            "punknown": 1.9394514339504836e-05,
            "time": 35.55003786087036,
            "delp_calls": 1214,
            "percY": 8466.33,
            "percN": 6850.35,
            "percU": 13946.61,
            "percUNK": 70.26,
            "l": 0.04114810314714828,
            "u": 0.9051606725221967
        }
    },
    "data": {
        "n_samples": 3513,
        "time": 180.0520191192627,
        "repeated_programs": 0,
        "inconsistent_programs": 1083,
        "worlds_consulted": 1599,
        "delp_calls": 3513
    }
}