{
    "status": {
        "d_11": {
            "yes": 1159,
            "no": 0,
            "undecided": 1125,
            "unknown": 0,
            "pyes": 0.00014657892789856264,
            "pno": 0.0,
            "pundecided": 4.693078293081387e-06,
            "punknown": 0.0,
            "time": 94.72803092002869,
            "delp_calls": 1374,
            "percY": 76389.69,
            "percN": 0.0,
            "percU": 74148.75,
            "percUNK": 0.0,
            "l": 0.00014657892789856264,
            "u": 1.0
        },
        "~a_8": {
            "yes": 606,
            "no": 538,
            "undecided": 1051,
            "unknown": 0,
            "pyes": 2.581196914049219e-05,
            "pno": 1.0044048825553158e-05,
            "pundecided": 1.95714826121164e-05,
            "punknown": 0.0,
            "time": 94.80807495117188,
            "delp_calls": 1314,
            "percY": 39941.46,
            "percN": 35459.58,
            "percU": 69271.41,
            "percUNK": 0.0,
            "l": 2.581196914049219e-05,
            "u": 0.9999899559511745
        },
        "a_7": {
            "yes": 570,
            "no": 479,
            "undecided": 1062,
            "unknown": 0,
            "pyes": 9.642790637039691e-06,
            "pno": 0.00016054494550972345,
            "pundecided": 5.536731829839241e-05,
            "punknown": 0.0,
            "time": 91.10232591629028,
            "delp_calls": 1324,
            "percY": 37568.7,
            "percN": 31570.89,
            "percU": 69996.42,
            "percUNK": 0.0,
            "l": 9.642790637039691e-06,
            "u": 0.9998394550544902
        }
    },
    "data": {
        "n_samples": 6591,
        "time": 180.055912733078,
        "repeated_worlds": 1,
        "repeated_progs": 2579,
        "unique_progs": 4012,
        "delp_calls": 4012
    }
}