{
    "status": {
        "d_10": {
            "yes": 382,
            "no": 0,
            "undecided": 0,
            "unknown": 0,
            "pyes": 0.6366360044481992,
            "pno": 0.0,
            "pundecided": 0.0,
            "punknown": 0.0,
            "time": 17.215436458587646,
            "delp_calls": 382,
            "percY": 2910.84,
            "percN": 0.0,
            "percU": 0.0,
            "percUNK": 0.0,
            "l": 0.6366360044481992,
            "u": 1.0,
            "flag": "INTEREST"
        },
        "~a_7": {
            "yes": 333,
            "no": 47,
            "undecided": 0,
            "unknown": 0,
            "pyes": 0.6243700715664966,
            "pno": 0.040547600888041345,
            "pundecided": 0.0,
            "punknown": 0.0,
            "time": 17.35305428504944,
            "delp_calls": 380,
            "percY": 2537.46,
            "percN": 358.14,
            "percU": 0.0,
            "percUNK": 0.0,
            "l": 0.6243700715664966,
            "u": 0.9594523991119587,
            "flag": "INTEREST"
        }
    },
    "data": {
        "n_samples": 762,
        "time": 120.45238995552063,
        "repeated_programs": 0,
        "inconsistent_programs": 0,
        "worlds_consulted": 21114,
        "delp_calls": 762
    }
}