{
    "status": {
        "a_5": {
            "yes": 2048,
            "no": 0,
            "undecided": 0,
            "unknown": 2048,
            "pyes": 0.8928589999999987,
            "pno": 0.0,
            "pundecided": 0.0,
            "punknown": 0.10714100000000026,
            "time": 164.70970344543457,
            "delp_calls": 4096,
            "percY": 199211397.12,
            "percN": 0.0,
            "percU": 0.0,
            "percUNK": 199211397.12,
            "l": 0.8928589999999987,
            "u": 1.0,
            "flag": "INTEREST"
        }
    },
    "data": {
        "n_samples": 9727119,
        "time": 300.0000059604645,
        "repeated_worlds": 9723023,
        "repeated_progs": 9723023,
        "unique_progs": 4096,
        "delp_calls": 4096
    }
}