{
    "status": {
        "a_17": {
            "yes": 451,
            "no": 24,
            "undecided": 648,
            "unknown": 1,
            "pyes": 0.709262978350728,
            "pno": 4.7646047381142376e-05,
            "pundecided": 0.0044302079298939616,
            "punknown": 1.8725813124479996e-10,
            "time": 43.9238178730011,
            "delp_calls": 1124,
            "percY": 5069.24,
            "percN": 269.76,
            "percU": 7283.52,
            "percUNK": 11.24,
            "l": 0.709262978350728,
            "u": 0.9999523539526188,
            "flag": "INTEREST"
        }
    },
    "data": {
        "n_samples": 1124,
        "time": 300.2216064929962,
        "repeated_programs": 0,
        "inconsistent_programs": 0,
        "worlds_consulted": 992,
        "delp_calls": 1124
    }
}