{
    "status": {
        "d_11": {
            "yes": 3708,
            "no": 0,
            "undecided": 118,
            "unknown": 493,
            "pyes": 0.9170373811556874,
            "pno": 0.0,
            "pundecided": 3.3853296871779835e-06,
            "punknown": 0.007085667282006669,
            "time": 169.6968059539795,
            "delp_calls": 4319,
            "percY": 488566.08,
            "percN": 0.0,
            "percU": 15547.68,
            "percUNK": 64957.68,
            "l": 0.9170373811556874,
            "u": 1.0,
            "flag": "INTEREST"
        },
        "~a_7": {
            "yes": 337,
            "no": 1604,
            "undecided": 2276,
            "unknown": 239,
            "pyes": 0.08418615964859764,
            "pno": 0.8776167284687072,
            "pundecided": 0.02724200049558576,
            "punknown": 0.00017023011719944834,
            "time": 171.31980347633362,
            "delp_calls": 4456,
            "percY": 44403.12,
            "percN": 211343.04,
            "percU": 299885.76,
            "percUNK": 31490.64,
            "l": 0.08418615964859764,
            "u": 0.1223832715312928,
            "flag": "INTEREST"
        },
        "a_7": {
            "yes": 1583,
            "no": 348,
            "undecided": 2250,
            "unknown": 220,
            "pyes": 0.3230622956755577,
            "pno": 0.06453554340620907,
            "pundecided": 0.02710448398810609,
            "punknown": 9.102162763073e-05,
            "time": 170.65171027183533,
            "delp_calls": 4401,
            "percY": 208576.08,
            "percN": 45852.48,
            "percU": 296460.0,
            "percUNK": 28987.2,
            "l": 0.3230622956755577,
            "u": 0.935464456593791
        }
    },
    "data": {
        "n_samples": 13176,
        "time": 900.08172082901,
        "repeated_programs": 0,
        "inconsistent_programs": 0,
        "worlds_consulted": 10850,
        "delp_calls": 13176
    }
}